source_id,name,calories,protein,carbs,fat,fibre
1000,Pastis (anise-flavoured spirit),274,0,2.86,0,0
10000,"Winkle, cooked",109,16.3,3.01,3.5,0
10001,"Squid, raw",77,14.4,2.17,1.19,0
10002,"Squid fritter, Roman-style, prepacked",229,8.69,26.7,9.5,1
10003,"Scallop, with coral, raw",83,17,0.78,1.31,0
10004,"Scallop, with coral, cooked",110,20.2,3.22,1.77,0
10005,"Flaked crab and/or decorticated crab leg, canned, drained",97.8,18.1,4.16,0.96,0
10006,"Grey shrimp, boiled",89.4,19.4,0.47,1.1,0
10007,"Shrimp or prawn, boiled",91.3,20.5,0.2,0.79,0
10008,"Snail, raw",77.9,16.1,1.29,0.92,0
10009,"Lobster, boiled/cooked in water",90.9,19.6,0.11,1.32,0
1001,Fruit brandy or eau-de-vie,233,0,0.63,0,0
10010,"Lobster, raw",85.5,17.9,0.94,1.15,0
10011,"Oyster, raw",67.2,8.64,3.86,1.91,0
10012,"Norway lobster or scampi, breaded, fried",282,10.9,29,13.6,0
10013,"Mussel, boiled/cooked in water",108,17.2,5.12,2.09,0
10014,"Mussel, common, raw",71.8,11.2,2.69,1.82,0
10015,"Spiny lobster, raw",86.9,17.7,1.07,1.34,0
10016,"Cuttlefish, raw",76.3,16.2,0.51,1.05,0
10017,"Clam, raw",80.5,11.5,2.66,2.65,0
10018,"Octopus, common, raw",60.1,12.9,0.97,0.5,0
10019,"Whelk, raw",131,23.8,7.61,0.57,0
1002,Gin,265,0,0,0,0
10020,"Whelk, cooked",97.7,20.7,2.69,0.47,0
10021,"Shrimp or prawn, raw",99,19.7,3.21,0.84,0
10022,"Spiny lobster, boiled/cooked in water",106,21.8,1.3,1.52,0
10023,Shrimp fritters,260,6.5,35.5,10,1
10024,"Norway lobster, raw",89.8,19.1,1.53,0.79,0
10025,"Crab, boiled/cooked in water",124,19.5,1.79,4.29,0
10026,"Mediterranean mussel, raw",68.7,10.7,2.77,1.67,0
10027,"Clam, boiled/cooked in water",99.2,16.2,5.33,1.48,0
10028,"Mussel, canned in brine, drained",97.6,16.1,2.6,2.1,1.95
1003,Liqueur,225,0.1,25.4,0.23,0
10030,"Crayfish, raw",68.3,14.8,0.81,0.64,0
10031,"Crayfish, cooked",73.5,16.3,0.56,0.7,0
10033,"Prawn, ""bouquet"", wild, boiled",103,22.8,0,1.27,0
10034,"Cockle, cooked",86.9,13.6,5.64,1.1,0
10035,"Pacific oyster, raw",67.2,8.64,3.86,1.91,0
10036,"European oyster, raw",53.5,10.2,1.16,0.9,0
10037,"Squid, boiled/cooked in water",149,32.5,1.64,1.4,0
10038,"Shrimp or prawn, frozen, raw",105,23.4,0.74,0.9,0
10039,"Crab, raw",104,19.5,0.03,2.86,0
1004,Rum,234,0,0,0,0
10041,"Abalone or ormer or sea ear, raw",99.6,14.4,8.69,0.83,0
10042,"Snail in parsley butter, prepacked, cooked",275,12.9,1.75,23.7,1.25
10043,Crustacean or mollusc (average),103,19.5,2.47,1.66,0
10044,"Norway lobster, boiled/cooked in water",92.6,20.9,0,0.98,0
10045,"Scallop, without coral, raw",83.6,17.9,1.15,0.84,0
10048,"American or Canadian sea scallop, without coral, raw",81.3,17.3,1.78,0.54,0
10049,"Peru sea scallop, without coral, raw",88.7,17.5,3.1,0.7,0
1005,Whisky,252,0,0.1,0,0
10057,"Spinous spider crab, boiled/cooked in water",108,18.3,0.16,3.8,0
1006,"Wine, sweet",148,0.2,9.96,0,0
10061,"White shrimp or tropical shrimp (rose), boiled",97.5,22.1,0.14,0.93,0
10062,"Tropical tiger prawn, boiled",101,22.6,0.75,0.83,0
10064,"Pinkspotted shrimp, boiled",117,26.6,0,1.18,0
1007,Wine-based aperitif,137,0.05,11.3,0,0
10079,"Octopus, common, cooked",156,29.8,4.4,2.08,0
1008,Vodka,250,0,0,0,0
10080,"Seafood, cooked, frozen",79.5,13.5,2.83,1.57,0
10081,"Mussels, in Catalan-style sauce or marinade (tomatoes), canned, drained",75.4,9.6,4.9,1.65,1.25
10082,"Mussels, in a oignon and white wine broth, prepacked",91.9,10.3,7.43,2.24,0.53
10083,"Mussels, filled (fat, parsley and garlic…), prepacked, raw",283,9.56,4.2,24.8,1.5
10084,"Squid, fried or pan-fried, with fat",173,17.9,8.45,7.48,0
10086,"Shrimp or prawn, peeled, boiled, refrigerated, prepacked",92.5,18.3,2.6,1.02,0.1
10088,"Crayfish, peeled, cooked, refrigerated, prepacked",82.7,18.6,0.1,0.9,0.13
10089,"Grey shrimp, peeled, boiled, refrigerated, prepacked",91.7,20.7,0.08,1,0
10099,"Snail, without added fat, cooked",84.7,16.6,1.39,1.4,0
10100,"Shrimp or prawn, wild, boiled",97.3,22,0.04,1.01,0
10101,"Shrimp or prawn, farmed, boiled (average)",100,22.5,0.64,0.85,0
1011,"Pastis, alcohol-free, to be diluted",6,0,1,0,1
1012,"Cocktail, rum-based",121,0,7.74,2.19,0.3
1013,"Cocktail, whisky-based",166,0,15.8,0.02,0
1014,Pure alcohol,660,0,0,0,0
1015,Marsala wine,211,0.1,27.9,0,0
1016,Marsala with eggs,153,0,12.4,0,0
1017,Sangria,88.7,0,11,0.05,0
1018,Kir (white wine with blackcurrant liqueur),74.7,0.18,3.3,0,0
1019,Kir royal (champagne with blackcurrant liqueur),87.3,0.25,5.66,0,0
1021,Blackcurrant liqueur,245,0,41,0,0
1022,"Cocktail, punch type, 16% alcohol, prepacked",159,0.6,17.8,0,0
1023,"Brandy, Armagnac or Cognac type",222,0,0.76,0,0
1026,Sake or rice wine,113,0,0,0,0
1027,"Plant-based spread-cheese type, with soybean, prepacked",174,11.7,1.05,13.1,0
1028,"Plant-based cheese, with cashew, prepacked",441,14.5,15.2,35.3,2.6
1029,"Plant-based cheese, without soybean, prepacked",271,0.25,21.2,20.1,2.3
1030,"Plant-based ham, prepacked",242,29.7,4.13,11.1,3.2
1031,"Plant-based pâté, prepacked",197,3.56,9.45,15.4,2.96
1032,"Burger from beef and soybean, prepacked",214,15,2.48,14.6,4.5
1033,"Chicken nuggets (with soybean), breaded croquette, prepacked",220,13.4,16.7,10.3,2
1034,"Poultry sausage (with soybean), prepacked",208,12.1,2.72,15.8,1.1
10999,"Chervil, dried",302,23.2,37.8,3.9,11.3
11000,"Garlic, raw",109,5.31,18.6,0,5.8
11001,"Broth or stock, beef, dehydrated",232,10.2,18,13.3,0
11002,"Chervil, raw",48.3,3.31,6.25,0.55,2.55
11003,"Chive or spring onion, fresh",30.8,2.55,2.85,0.46,2.55
11004,"Gherkin, pickled in vinegar",16,1.06,0.78,0,1.5
11005,"Curry, powder",301,14.5,2.63,14,53.2
11006,"Ginger, powder",335,8.98,58.3,4.24,14.1
11007,"Gelatin, dried",348,86.9,0,0.1,0
11008,"Ketchup, prepacked",108,1.23,23.7,0.16,1.77
11009,"Yeast, flakes",334,40.4,21.8,4.5,22.5
11010,"Baker's yeast, fresh",115,8.4,11.9,1.9,8.1
11013,Mustard,151,6.92,4.33,11.2,0
11014,"Parsley, fresh",42.5,2.97,4.1,0.63,4.3
11015,"Black pepper, powder",331,13.3,39.9,7.5,25.3
11016,"Horseradish, raw",73.2,5.25,7.79,0.45,7.5
11017,"Salt, white (sea, igneous or rock), no fortification",0,0,0,0,0
11018,Vinegar,22.5,0.04,0.95,0.1,0
11019,"White pepper, powder",313,12.1,48.3,2.12,26.2
11021,"Mustard, with grains",142,6.6,2.2,9.9,4.5
11023,"Garlic, dried, powder",346,16.6,63.7,0.73,9
11024,"Parsley, dried",291,29,16.8,5.34,29.7
11025,"Cinnamon, powder",243,3.99,27.5,1.24,53.1
11026,"Coriander, seed",345,12.4,13,17.8,41.9
11027,"Mint, fresh",57.6,3.52,5.3,0.84,7.4
11029,"Mint, dried",283,19.9,22.2,6.03,29.8
11032,"Basil, dried",244,23,10.1,4.07,37.7
11033,"Basil, fresh",35.2,3.15,3.4,0.64,1.6
11034,"Marjoram, dried",276,12.7,20.3,7.04,40.3
11035,"Oregano, dried",265,9,26.4,4.28,42.5
11036,"Rosemary, dried",328,4.88,21.5,15.2,42.6
11037,"Sage, dried",320,10.6,20.4,12.8,40.3
11038,"Thyme, dried",285,9.11,26.9,7.43,37
11039,Saffron,352,11.4,61.5,5.85,3.9
11041,"Broth or stock, vegetables, dehydrated",287,9.66,26,16,0
11042,"Cumin, seed",427,17.8,33.7,22.3,10.5
11043,"Tapenade (puree of capers, black olives, anchovy and herbs)",229,1.93,3.29,21.9,5.26
11044,"Salt, with celery",49,1.81,4.14,2.53,1.19
11045,"Baker's yeast, dehydrated",341,42.7,14.3,6.56,26.9
11046,Baking powder or raising agent,108,0.1,26.9,0,0.2
11048,Nutmeg,506,5.84,27.4,36.3,20.8
11049,"Paprika, powder",318,14.1,18.8,12.9,34.9
11050,"Tarragon, dried",342,22.8,42.8,7.24,7.4
11051,"Tartare sauce, prepacked",500,0.92,5.11,52.7,0.34
11052,Cloves,335,5.97,31.6,13,33.9
11053,"Bay, leaves",353,7.61,48.6,8.36,26.3
11054,"Mayonnaise (70% fat min.), prepacked",692,1.33,3.41,74.5,0.26
11056,"Mix of 4 spices, powder",348,6.09,50.5,8.69,21.6
11058,"Salt, white (sea, igneous or rock), iodine added, no fluride added",0,0,0,0,0
11060,"Herbes de Provence, dried",283,11.5,23.1,7.2,40.1
11061,"Poppy, seed",534,21.2,13.7,41.6,10
11062,"Savory, dried",264,6.73,23,5.91,45.7
11063,"Dill, dried",315,20,42.2,4.36,13.6
11064,"Caraway, seed",334,19.8,11.9,14.6,38
11065,"Vanilla, alcoholic extract",240,0.05,2.41,0,0
11066,"Fennel, seed",327,15.8,12.5,14.9,39.8
11068,"Rosemary, fresh",121,3.31,6.6,5.86,14.1
11069,"Sage, fresh",34.9,4,0.97,0,7
11070,"Thyme, fresh",107,5.56,10.5,1.68,14
11073,"Ketchup, reduced sugar, prepacked",68.6,1.33,13.8,0.09,1.43
11074,"Ginger, raw",33.3,1.1,3.4,1.1,2.7
11075,"Cardamom, powder",321,10.8,40.5,6.7,28
11077,"Fenugreek, seed",350,27.1,33.8,6.41,24.6
11079,"Mayonnaise, reduced fat or light mayonnaise, prepacked",297,1.09,8.82,28.5,0.31
11080,"Herbs, fresh (average)",51.2,3.26,4.69,0.93,5.53
11081,Spice (average),327,12.6,37.8,7.85,27.7
11082,"Salt, pure sea salt, no fortification",0,0,0,0,0
11083,"Salt, sea salt, grey, no fortification",0,0,0,0,0
11084,"Seaweed, agar, raw",28.4,0.54,6.25,0.03,0.5
11086,"Spirulina (spirulina sp.), dried or dehydrated",374,60.4,17.7,6.27,2.71
11088,"Cayenne pepper, powder",376,12,29.4,17.3,27.2
11089,"Turmeric, powder",291,9.68,44.4,3.25,22.7
11091,"Vinegar, balsamic",91.7,0.69,18,0,0.75
11093,"Dill, fresh",48.2,3.93,3.9,1.1,3.5
11094,"Coriander, fresh",22.3,2.13,0.87,0.52,2.8
11096,"Salt, white (sea, igneous or rock), iodine added, fluoride added 25 mg/100 g",0,0,0,0,0
11097,"Gherkin, in sweet and sour sauce",36,1.25,5,0.35,1.5
11098,"Vanilla, aqueous extract",57.7,0.03,14.4,0,0
11100,"Barbecue sauce, prepacked",136,0.56,30.3,0.6,1.2
11101,"Béchamel sauce, prepacked",105,2.56,6.2,7.4,1.3
11102,"Béarnaise sauce, prepacked",455,0.88,4.87,47.7,0.13
11104,"Soy sauce, prepacked",39.9,7.25,1.72,0,0.9
11105,"Hollandaise sauce, prepacked",197,1.19,3.2,19.8,0.5
11107,"Tomato sauce, with onions, prepacked",78.8,1.52,7.69,4.18,2.17
11108,"Salad dressing, olive oil (50-75% fat), prepacked",471,0.7,3.03,50.5,0.53
11109,"Salad dressing, reduced fat (25-50% of oil), prepacked",251,0.25,2.39,26.4,0.5
11110,"Salad dressing, (50-75% of oil), prepacked",475,0.55,2.91,51,0.75
11111,"Armorican-style sauce, prepacked",83.6,2.1,3.95,6.6,0
11112,"Harissa (hot spicy sauce), prepacked",76.4,2.72,7.3,2.9,5.1
11114,"Bolognese sauce or tomato sauce with meat, prepacked",93.8,4.22,7.27,4.81,2.29
11115,"Green pepper sauce, prepacked",88.9,1.3,5.3,6.65,1.3
11120,"Burgundy-style sauce, prepacked",439,1.34,7.85,44.6,0.53
11121,"Madeira wine sauce, prepacked",37.6,0.6,3.6,2.2,0.5
11122,"Cream sauce with shallots, prepacked",106,1.7,11.9,5.53,0.9
11128,"Carbonara sauce (cream sauce with lardoons), prepacked",160,5.17,4.7,12.8,2.65
11129,"Hunter-style sauce (white wine sauce with mushrooms, shallots and tomatoes), prepacked",38.8,1.21,4.66,1.61,0.43
11132,"Curry sauce, warm, prepacked",77.4,1.02,10.6,3.16,1.28
11140,"White butter sauce, prepacked",212,1.13,3.4,21.4,0
11143,"Béchamel sauce, w butter, homemade",147,3.84,8.97,10.6,0.2
11157,"Mustard sauce, prepacked",233,1.66,4.7,22.8,1.2
11158,"Butter sauce, prepacked",192,2.2,5.2,17.9,1
11159,Cream sauce,78.2,1.08,5.9,5.55,0.17
11160,"Mushroom sauce, prepacked",98.8,3.2,6.3,6.26,2.25
11161,Cream sauce with spices,82.5,1.16,6.2,5.75,0.65
11162,Cream sauce with herbs,76.6,1.09,5.5,5.49,0.4
11163,"Sweet and sour sauce, prepacked",153,0.3,37,0.2,0.97
11164,"Red wine sauce, homemade",64.5,0.81,7,2.22,0.46
11166,"Yogurt sauce, homemade",98.5,3.64,5.04,6.91,0.8
11167,"American-style sauce, prepacked",409,1.34,9.99,39.8,1
11168,"Aioli sauce (garlic and olive oil mayonnaise), prepacked",480,1.13,5.44,50.2,0.25
11169,"Veal stock for sauce and cooking, dehydrated",343,8.5,59.5,7.4,2.1
11170,"Basque-style sauce or tomato sauce with sweet peppers, prepacked",63.1,1.17,7.41,2.71,2.09
11171,"Poultry stock for sauce and cooking, dehydrated",336,10,63,4.5,1.5
11172,"Aromatic stock cube, for fish, dehydrated",260,5,7,23,2.5
11174,"Broth or stock, poultry, dehydrated",193,13,17,8,0.5
11175,"Madeira wine aspic, dehydrated",262,47,18,0.2,0
11176,Madeira wine aspic,136,24.4,9.75,0.01,0
11177,"Tomato sauce, with mushrooms, prepacked",68.3,1.79,7.78,2.68,2.35
11178,"Tomato sauce, with olives, prepacked",110,1.41,7.5,7.32,3.34
11179,"Pesto sauce, prepacked",370,3.94,6.6,35.4,2.5
11182,"Pepper sauce, warm, prepacked",160,1,4.8,14.8,1.13
11184,Sauce (average),246,1.51,6.74,23.3,1.18
11187,"Salad dressing, prepacked",303,0.61,6.17,30.5,0.56
11189,"Cheese sauce for risotto or pasta, prepacked",118,3.11,4.24,9.53,1.4
11191,"Roquefort sauce, prepacked",128,2.85,4.4,10.9,0.6
11192,"Cream sauce with mushrooms, prepacked",75.5,1.38,6.2,5,0
11194,"Nuoc mam sauce or fish sauce, prepacked",81.2,9.3,10.9,0,0.2
11196,"Burger sauce, prepacked",427,1.28,13.2,40.4,0.58
11198,"Salad dressing, reduced fat, prepacked",160,0.8,6.7,14.3,0.62
11199,"Grand veneur sauce (reduction of red wine with garlic, shallots and red currant jelly), prepacked",103,1.5,8.45,7,0
11202,"Indian-style sauce, tandoori or garam masala type, prepacked",86.7,2.6,14.3,1.7,1.9
11203,"Kebab sauce, prepacked",433,1.22,6.93,44.1,0.3
11205,"Rouille sauce (mayonnaise with garlic, chilli pepper and fish broth), prepacked",551,0.6,2.7,59.8,0
11207,"Tomato sauce, with vegetables, prepacked",66.8,1.54,7.57,2.9,2.12
11208,"Tomato sauce, with cheese, prepacked",180,3.94,8.09,14.2,2.41
11210,"Pesto rosso sauce, prepacked",305,4.8,8.58,27,4.15
11212,"Pepper sauce, condiment, cold, prepacked",472,0.69,5.8,49.3,0
11213,"Sauce, cold (average)",318,0.83,6.23,31.9,0.79
11214,"Soy ""cream""",152,3.25,2.03,14.7,
11215,Tomato caviar (seasoned tomato puree),218,2.19,6.8,19.2,3.5
11216,"Soy sauce, with sugar(s), prepacked",171,2.88,39.5,0,0
11217,"Sauce for fried spring rolls, nuoc mam based, prepacked",132,1.38,31.2,0,0
11218,"Sauce, warm (average)",123,2.67,7.65,8.67,1.88
11219,"Bolognese-type vegetarian sauce, with soya proteins, prepacked",68,3.56,5.05,3,2.46
11220,"Vinegar, red wine",20.6,0.25,0,0,0
11221,Yeast extract spread,187,42.4,3.5,0.4,0
11222,"Ktipiti, fresh cheese and red pepper dip, prepacked",154,7.24,3.9,11.9,1.35
11223,"Oyster sauce, prepacked",50.7,1.35,10.6,0.25,0.3
11240,"Algerian style sauce, prepacked",486,1.76,14,46.8,0.9
11243,"Andalusian style sauce, prepacked",548,1.61,8.03,56.5,0.7
11244,"Cocktail style sauce, prepacked",572,1.33,9.2,58.7,0.78
11245,"Pommes frites sauce, prepacked",330,0.82,10.3,31.6,0.2
11246,"Samourai style sauce, prepacked",523,1.11,5.09,55.2,0.65
11247,"Curry sauce, cold, prepacked",367,0.88,8.49,36.5,0.58
11248,"Salad dressing, Caesar style, prepacked",448,1.8,7.04,45.7,1
11299,"Prune sauce, prepacked",240,1.4,55,0.45,5
11300,"Chocolate sauce, prepacked",308,2.16,62.3,5.1,1.8
11301,"Teriyaki sauce, prepacked",88.1,5.93,16,0.02,0.1
11302,"Sorrel sauce, prepacked",153,1.3,1.7,15,3.2
11303,"Fish stock, ready to eat, prepacked",53.6,5.1,3.8,2,
11304,"Veal stock, prepacked",40.9,3.15,2.4,2.05,0.1
11306,"Garlic, roasted/baked",125,5.56,23.8,0,2.7
11307,"Garlic, grilled/pan-fried, without fat",130,6,22,0.4,5.8
11506,"Aspartame sweetener, in tablets",44,11,,0,
11507,Sodium bicarbonate,0.4,0.1,0,0,0
11509,"Aspartame, in powder",18.6,1,3.7,0,0
11510,Rainbow sprinkles,389,1.16,95.6,0.15,0.5
12001,"Camembert cheese, from cow's milk",280,19.5,0,22.5,0
12003,"Soft-ripened cheese with bloomy rind (Camembert-type cheese), from cow's milk",271,19.7,0,21.5,0
12004,"Soft-ripened cheese with bloomy rind, reduced fat (Camembert-type cheese), from cow's milk",178,22.6,1.07,9.3,0
12006,"Camembert cheese, from cow's milk, from raw milk or thermised milk",267,20.7,0,20.3,0
12007,"Camembert cheese, from cow's milk, from pasteurized milk",275,19.2,1.29,21.5,0
12008,"Soft-ripened cheese, double cream, around 30% fat, with bloomy rind, from cow's milk",346,16.6,0.64,30.9,0.04
12010,"Coulommiers cheese, from cow's milk",280,18.8,0,23,0.04
12015,"Soft-ripened cheese with bloomy rind, square or brick , from cow's milk",330,17.8,0,28.8,0.05
12020,"Brie cheese, from cow's milk",345,17.6,0.68,30.4,0.06
12021,"Brie de Meaux cheese, from cow's milk",276,21.4,1.17,20.7,0.13
12022,"Brie de Melun cheese, from cow's milk",288,22,0,22.2,0
12025,"Carré de l'Est cheese, from cow's milk",318,18.4,0.83,27,0
12028,"Chaource cheese, from cow's milk",278,17.3,0.58,22.9,0
12029,"Maroilles ""laitier"" (milk collected in many farms) cheese, from cow's milk",338,22.3,0,27.8,0
12030,"Maroilles ""fermier"" (milk collected in an unique farm) cheese, from cow's milk",349,21.2,0,29.5,0
12031,"Neufchâtel cheese, from cow's milk",300,18.1,0,25.5,0
12033,"Soft-ripened cheese, triple cream, around 3840% fat, from cow's milk",380,10.5,1.05,37.2,0
12034,"Soft-ripened cheese, washed rind (average)",313,20,0.42,25.9,0.09
12035,"Soft-ripened washed-rind cheese, reduced fat, from cow's milk",200,21.6,1,12.4,0
12036,"Maroilles cheese, from cow's milk",325,21.9,0,26.4,0
12037,"Livarot cheese, from cow's milk",301,24.6,0,22.6,0
12038,"Époisses cheese, from cow's milk",286,17.6,0,24,0
12039,"Munster cheese, from cow's milk",324,20.4,0.7,26.8,0.19
12040,"Langres cheese, from cow's milk",286,16.7,1.13,23.8,0
12041,"Soft-ripened washed-rind cheese, from cow's milk",311,20.3,0,25.7,0
12042,"Pont l'Evêque cheese, from cow's milk",326,22.7,0,26.2,0
12045,"Reblochon cheese, from cow's milk",322,20.3,0,26.9,0
12049,"Saint-Marcellin cheese, from cow's milk",280,15.1,0,24.3,0
12050,"Soft-ripened washed, bloomy and coloured rind cheese, from cow's milk",336,18.2,1,29,0
12051,"Vacherin cheese or Mont d'or cheese, from cow's milk",293,17.9,0.54,24.6,0
12052,"Saint-Felicien cheese, from cow's milk",281,13.4,0,25.2,0
12053,"Cheese for tartiflette, soft with mixed rind, from cow's milk",320,20.2,0.72,26.4,0
12054,"Uncured soft cheese, spreadable, in a shell, fortified with vitamins, from cow's milk",242,5.51,3.5,22.9,0
12060,"Feta-type cheese, 100% from cow's milk",273,15.4,1.22,22.6,0
12063,"Feta-type cheese, 100% from cow's milk, in oil and spices",283,17.6,0.16,23.4,0
12064,Boulette d'Avesnes cheese from cow's milk,355,20.9,0,30,0
12065,"Finger-food cheese from cow's milk, filled or coated",274,11.3,2.92,24,0
12066,"Feta cheese, 70% min. from ewe's milk, 30% min. from goat's milk",284,15.1,0.45,24.3,0.2
12068,"Uncured soft cheese, spreadable, plain, in tray, from cow's milk",225,6.25,3.31,20.7,0
12069,"Uncured soft cheese, spreadable, plain, in tray, reduced fat, from cow's milk",133,10.8,5.12,7.48,0.25
12070,"Uncured soft cheese, spreadable, flavoured with garlic and herbs), from cow's milk",320,8.03,2.7,30.8,0
12071,Brousse (uncured cheese from ewes' milk),142,9.38,4.81,9.36,0
12072,"Burrata, from cow's milk",259,10.8,0.93,23.4,0
12099,"Emmental cheese, from cow's milk, from Savoy",396,29.7,0,30.8,0
12100,Hard cheese (average),396,27.8,0.28,31.6,0
12105,"Beaufort cheese, from cow's milk",404,26.7,0.72,33,0.06
12109,"Cantal cheese, not matured, from cow's milk,",363,24.7,0,29.1,0
12110,"Comté cheese, from cow's milk",413,27.8,0,33.8,0
12111,"Processed cheese, to unroll or to shred, from cow's milk",307,23.8,2.68,22.4,0
12112,"Abondance cheese, from cow's milk",393,27.1,0,31.6,0.08
12113,"Gruyere cheese, France, Protected Geographical Indication, from cow's milk",415,28.2,0.7,33.2,0
12114,"Gruyere cheese, from cow's milk",408,26.3,0.78,33.5,0
12115,"Emmental cheese, from cow's milk",373,27.9,0,28.8,0
12116,"Hard cheese, emmental-type cheese, reduced fat, from cow's milk",258,29.2,1.18,15.2,0
12118,"Emmental cheese, grated, from cow's milk",368,27.6,0.58,28.2,0.04
12119,"Ossau-Iraty cheese, from ewe's milk",423,24.2,1,36,0
12120,"Parmesan cheese, from cow's milk",411,31.1,1.14,31,0
12121,"Fontina cheese, from cow's milk",384,25.6,0.8,31.1,0
12122,"Pecorino cheese, from ewe's milk",383,25.5,1,31,0
12123,"Grana Padano cheese, from cow's milk",399,33.9,1.17,28.5,0
12300,"Processed cheese, in slices, from cow's milk",246,14.1,5.34,18.5,0
12302,"Processed cheese, from cow's milk, flavoured, in cubes, for aperitif",251,12.4,5.57,19.9,0
12303,"Processed cheese, from cow's milk, triangle, not fortified",238,11.2,8.52,17.6,0.13
12304,"Processed cheese, from cow's milk, triangle, fortified with vitamins",259,8,8.49,21.4,0
12305,"Processed cheese, reduced fat, from cow's milk",134,11.5,4.6,7.36,0
12306,"Processed cheese, from cow's milk, square, not fortified with vitamins",305,8.77,2.98,28.6,0
12307,"Processed cheese, from cow's milk, square or on stick, fortified with vitamins",305,8.38,3.39,28.7,0
12325,"Cancoillotte (processed cheese), from cow's milk",151,13.8,0.48,10.5,0
12355,"Processed cheese with fresh cream cheese and walnuts, from cow's milk",311,11.2,2.5,28.5,0
12356,"Processed cheese snack , from cow's milk, with breadsticks, for children",298,9.83,24,17.9,1
12500,"Roquefort cheese, from ewe's milk",384,19.5,0,33.9,0
12519,"Fourme de Montbrison cheese, from cow's milk,",365,22.5,0,30.8,0
12520,"Blue cheese, from cow's milk",361,16.8,0.68,32.5,0.06
12521,"Auvergne blue cheese, from cow's milk",342,20.6,0,29,0
12522,"Fourme d'Ambert cheese, from cow's milk",339,20.6,0,28.4,0
12523,"Causses blue cheese, from cow's milk",350,20.4,0,30,0
12524,"Gorgonzola cheese, from cow's milk",318,19.5,0,26.9,0
12526,"Gex blue cheese, or Jura blue cheese or Septmoncel blue cheese, from cow's milk",364,22.5,0,30.7,0
12528,"Bresse blue cheese, reduced fat, from cow's milk",223,21.4,1,15,0
12705,"Firm cheese, Maasdam-type, reduced fat, from cow's milk",238,28.2,0.8,13.8,0
12716,"Provolone cheese, from cow's milk",340,25.6,0,26.6,0
12720,"Firm cheese in wax casing, from cow's milk",303,21.5,0,23.8,0
12721,"Firm cheese in wax casing, reduced fat, from cow's milk",208,25.5,0,12,0
12722,"Cantal cheese, half matured, from cow's milk",383,26.6,0,30.5,0
12724,"Cantal cheese, from cow's milk",378,25.3,0,31,0
12725,"Salers cheese, from cow's milk",388,25.9,0,31.4,0
12726,"Cheddar cheese, from cow's milk",399,24.7,1.2,32.6,0
12729,"Edam cheese, from cow's milk",320,25.7,0,24.4,0
12735,"Mimolette cheese, young, from cow's milk (cured less than 6 months)",331,28.9,0,24.2,0
12736,"Gouda cheese, from cow's milk",369,24.7,0,30.2,0
12737,"Mimolette cheese, half-old, from cow's milk (cured 6 months minimum)",371,30.6,0.75,27.5,0
12738,"Mimolette cheese, old, from cow's milk (cured 12 months minimum)",397,34,0,28.8,0
12740,"Mimolette cheese, from cow's milk",319,25.8,0,24.2,0
12741,"Firm cheese, Maasdam-type, from cow's milk",359,25.5,0,28.4,0
12742,"Mimolette cheese, extra old, from cow's milk (cured 18 months minimum)",402,33.7,1,29.5,0
12743,"Morbier cheese, from cow's milk",355,22.8,0,29.2,0
12747,"Pyrénées firm cheese, from ewe's milk",393,22.3,0.72,33.6,0
12748,"Saint-Nectaire cheese, from cow's milk, milk collected in many farms",333,21.7,0.9,27.2,0
12749,"Raclette cheese, from cow's milk",342,23.4,0,27.5,0
12751,"Saint-Nectaire cheese, from cow's milk, milk collected in an unique farm",360,22.3,1.2,29.8,0
12752,"Saint-Nectaire cheese, from cow's milk",342,23.5,0.5,27.5,0
12755,"Saint-Paulin, firm cheese, from cow's milk (semi-hard cheese)",327,22.3,0,26.4,0
12758,"Tomme cheese, from cow's milk",364,21.6,3.37,29.4,0
12760,"Tomme cheese, reduced fat, around 13% fat",240,31,0,13.2,0
12761,"Asiago cheese, from cow's milk",356,32.1,0,25.6,0
12762,"Corsica soft ripened cheese, from ewe's milk",426,20.4,0,38.4,0
12763,"Tomme cheese (PDO) from the French Bauges mountains, from cow's milk",381,26.6,0,30.8,0
12764,"Tete de Moine cheese (PDO), from cow's milk",415,26,0.5,34.5,0
12765,"Raclette cheese, from cow's milk, smoked",345,24.1,0.5,27.7,0
12766,"Raclette cheese, from cow's milk, with pepper",350,24.5,0.5,28,0
12767,"Gouda cheese, with cumin seed, from cow's milk",378,24.1,0.6,31,0.9
12771,"Tomme cheese, from cow's milk, from Savoy",361,23.5,0.97,29.2,0
12773,"Tomme cheese, from cow's milk, from Pyrénées",340,22.1,0.7,27.9,0
12775,"Cheese mix, grated, from cow's milk",386,32,0.15,28.9,0
12776,"Raclette cheese, from cow's milk, from Savoy",357,24.1,0,29.1,0
12803,"Cheese, lactic, matured, from goat's milk",308,20.7,1.24,24.7,0
12805,"Cheese, fresh, from goat's milk,",194,12,2.5,15.2,0
12807,"Cheese, from goat's milk, from raw milk",286,18.5,1.12,23.3,0
12810,"Cheese, semi-dry, from goat's milk",353,21.6,0,29.8,0
12812,"Cheese, buche, from goat's milk",285,18.8,0,23.3,0
12813,"Cheese, buche, from goat's milk, reduced fat",183,22.6,1,10,0
12814,"Soft-ripened cheese, from goat's milk",286,19.5,0.72,23,0
12815,"Cheese, dry, from goat's milk",440,30.5,0,35.6,0
12816,"Hard cheese, from cow's milk",359,25.6,0,28.8,0
12819,"Cheese, from goat's milk, spreadable, plain",161,10.8,2.41,12.2,0
12820,"Soft-ripened cheese with bloomy rind, from goat's milk, Camembert-type cheese",288,19,0,23.8,0
12824,"Soft ripened cheese with bloomy rind, from ewe's milk",297,18,0,25.2,0
12828,"Cheese, from ewe's whey",190,10.1,4.3,14.8,0
12830,"Chabichou cheese, from goat's milk",305,19.4,1.5,24.8,0
12831,"Pélardon cheese, from goat's milk",343,23.8,0,27.8,0
12832,"Crottin cheese, from goat's milk, from raw milk",384,23.2,0,32.6,0
12833,"Crottin cheese, from goat's milk",344,22.4,1,28,0
12834,"Crottin de Chavignol cheese, from goat's milk",318,20.7,1.28,25.8,0
12836,"Picodon cheese, from goat's milk",313,19.9,1,25.6,0.13
12839,"Pouligny Saint-Pierre cheese, from goat's milk",286,17.6,1.38,23.5,0
12842,"Sainte Maure cheese, from goat's milk",298,20,0.91,24,0
12845,"Selles-sur-Cher cheese, from goat's milk",289,18.8,1.17,23.5,0
12846,"Chevrot cheese, from goat's milk",263,17.2,1.42,21.1,0
12847,"Rocamadour cheese, from goat's milk",274,18.1,0.93,22.2,0.5
12848,"Valençay cheese, from goat's milk",295,18.9,0.64,24.3,0
12850,"Firm cheese, from goat's milk",344,22.1,0.9,28.2,0
12999,Cheese (average),324,21.1,0.71,26.3,0.01
13000,"Apricot, pitted, raw",44.1,0.81,9.01,0,1.7
13001,"Apricot, pitted, dried",239,2.88,59.1,0.5,8.3
13002,"Pineapple, flesh without skin, raw",51.6,0.25,11.7,0,1.2
13004,"Avocado, flesh without skin, pitted, raw",203,1.56,0,20.6,3.6
13005,"Banana, flesh without skin, raw",87.6,1.06,19.7,0,2.7
13007,"Black currant, raw",70.2,1.4,9.68,0.41,7.13
13008,"Cherry, flesh and skin, pitted, raw",53.7,0.81,13,0,1.6
13009,"Lemon, flesh without skin, without seeds, raw",24.3,0.25,1.56,0,0
13010,"Quince, raw",59,0.4,12.5,0.1,1.9
13011,"Date, flesh and skin, pitted, dried",287,1.81,64.7,0.25,7.3
13012,"Fig, raw",67.6,1.19,13.5,0,4.1
13013,"Fig, dried",261,2.9,55,1.22,8.15
13014,"Strawberry, raw",35.1,0.63,6.03,0,3.8
13015,"Raspberry, raw",47.9,1.19,5.83,0.8,4.3
13016,"Passion fruit, flesh without skin, with seeds, raw",102,2.13,10.9,3,6.8
13018,"Pomegranate, flesh without skin, with seeds, raw",81,1.44,14.3,1.2,2.3
13019,"Red currant, raw",67.2,1.56,7.06,0.7,4.6
13020,"Gooseberry, raw",39.4,0.88,4.45,0.58,4.3
13021,"Kiwi fruit, flesh without skin, with seeds, raw",60.9,0.88,11,0.6,2.4
13023,"Lithchi, flesh without skin, pitted, flesh without skin, raw",77.5,1.13,16.1,0,2
13024,"Clementine or Mandarin orange, flesh without skin, without seeds, raw",45.5,0.81,9.17,0,1.7
13025,"Mango, flesh without skin, pitted, raw",71.1,0.63,14.3,0,1.6
13026,"Melon, cantaloupe (ex Charentais melon), flesh without skin, without seeds, raw",59.8,1.13,14.8,0,1.3
13027,"Mirabelle plum, pitted, raw",74.6,0.63,18,0,2.2
13028,"Blueberry, raw",57.7,0.87,10.6,0.33,2.4
13029,"Blackberry, raw",46,1.13,6.53,0.7,5.2
13032,"Olive, black, in brine",173,1.38,0,17.2,6.2
13033,"Olive, green, in brine",164,1.13,0.61,16.6,3.6
13034,"Orange, flesh without skin, without seeds, raw",42,0.75,8.03,0,2.7
13035,"Papaya, flesh without skin, raw",39.6,0.75,8.53,0,1.8
13036,"Watermelon, flesh without skin, without seeds, raw",35.4,0.69,8.33,0,0.5
13037,"Pear, flesh and skin, raw",56.6,0.36,12.3,0.27,2.9
13038,"Apple compote, prepacked",107,0.25,25.8,0.23,1.54
13039,"Apple, flesh and skin, raw",54,0.25,11.6,0.25,1.4
13040,"Grapefruit, flesh without skin, without seeds, raw",33.5,0.84,5.92,0,1.1
13041,"Greengage plum, pitted, raw",69,0.94,16.4,0,1.7
13042,"Prune, pitted",229,1.63,55.4,0.4,5.1
13043,"Peach, flesh and skin, pitted, raw",37.9,0.91,7.55,0.25,1.5
13044,"Grape, white, raw",71.6,0.75,16.6,0,1
13045,"Grape, red, raw",69.5,0.57,15.6,0.25,1.43
13046,Raisin,322,3,73.2,0.9,4.2
13047,"Rhubarb, stalk, raw",18.1,0.73,1.12,0.16,1.8
13051,"Tropical fruit mix, sweetened, for snack, dried",389,2.19,69.5,10.5,3.4
13054,"Carambola, flesh and skin, raw",28.4,1.04,3.83,0.33,2.8
13056,"Cherimoya, flesh without skin, raw",80,1.57,15.4,0.68,3
13063,"Prickly pear, flesh and skin, with seeds, raw",51.5,0.12,9.79,0.11,5.3
13066,"Persimmon, flesh and skin, raw",66,0.88,14.3,0,3.4
13067,"Lime, flesh without skin, without seeds, raw",39.3,1.13,3.14,0,4.3
13083,"Guava, flesh without skin, raw",68.3,2.55,9.02,0.95,5.4
13085,"Apple, Canada, flesh without skin, raw",51.1,0.4,11.6,0.1,1.6
13086,"Apple, var. Golden, flesh without skin, raw",50.4,0.25,11.7,0,2.5
13089,"Banana, flesh without skin, dried",365,3.89,78.4,1.81,9.9
13100,"Plum, flesh and skin, pitted, raw",51.6,0.7,9.92,0.28,1.4
13101,"Grape, Chasselas, raw",77.8,0.75,16.9,0.5,2
13111,"Apple, dried",247,0.93,55,0.32,8.7
13118,"Peach, flesh and skin, pitted, dried",329,5,65.4,1,14.3
13121,"Apple, var. Granny Smith, flesh without skin, raw",51,0.25,11.4,0,2.6
13122,"Apple, var. Granny Smith, flesh and skin,, raw",48.6,0.25,10.7,0,2.8
13128,"Chayote, raw",19.1,0.82,2.8,0.13,1.7
13129,"Fruit compote, miscellaneous fruits, reduced sugar, prepacked, refrigerated",63.8,0.17,14.7,0.07,1.89
13131,"Olive, black, in oil (Greek olive)",349,2.19,4.33,33.3,11.6
13134,"Fruit salad, raw",79.3,0.61,18,0.24,1.36
13147,"Olive, green, stuffed (anchovy, sweet peppers, etc…)",156,2.09,1.17,15.2,3
13148,"Nectarine, yellow, flesh and skin, pitted, raw",49.5,0.69,11.3,0,0.6
13149,"Nectarine, white, flesh and skin, pitted, raw",49.5,0.81,11.4,0,0
13151,"Apple compote, reduced sugar, prepacked, room temperature",64.3,0.25,15.1,0.13,1.3
13152,"Fruits dessert, all types (sugar content is less than fruits compote but more than fruits compote reduced sugar), prepacked, room temperature",89.3,0.33,20.6,0.21,1.95
13153,"Stewed fruits, no added sugars, pulp or mixed fruits), prepacked, room temperature",56.4,0.25,13.3,0,1.7
13154,"Stewed fruits, sweetened (pulp or mixed fruits, with sugar(s), but always with other ingredient), prepacked, room temperature",72.7,0.28,16.5,0.41,1.71
13157,"Baby food jar, fruits with banana",56.6,0.6,12.1,0,2.3
13158,"Baby food jar, fruits without banana",49.2,0.29,10.9,0,2.07
13159,"Baby fruit-based beverage, from 4/6 months",35.1,0.25,8.57,0,0
13160,Baby plant-based beverage,23.2,0.25,5.8,0,0
13161,"Dairy and cereal-based beverage for baby's dinner, with vegetables, from 4/6 months",82.1,2.14,11.6,2.83,0.9
13162,"Dairy and cereal-based beverage for baby's snack, with fruits, from 4/6 months",67.6,1.75,7.7,3,1.5
13163,"Dairy and cereal-based beverage for baby's breakfast, from 4/6 months",80.7,1.98,12.1,2.7,0
13164,"Dairy dessert for baby, custard type",87,3.32,11.3,3.1,0
13165,"Dairy dessert for baby, with rice or semolina",90.8,3.45,11.7,3.3,0
13166,"Dairy dessert for baby, with sugar(s), plain or with fruits",97,3.19,12.5,3.5,0
13167,"Baby instant cereal (powder to be reconstituted), from 4/6 months",393,5.1,88.3,1.7,1.8
13168,"Baby instant cereal (powder to be reconstituted), from 6 months",391,10,81.1,2,4.3
13169,"Dairy and cereal-based beverage for baby's breakfast, from 8/9 months",81.2,2.36,11.6,2.8,0
13170,"Dairy and cereal-based beverage for baby's breakfast, from 12 months",86.3,2.23,12.6,2.78,1.1
13171,"Dairy beverage for baby's snack from 4/6 months, with fruits (without cereals)",72.5,1.85,10.4,2.6,0
13173,Dairy and cereal-based beverage for baby's breakfast,85.5,1.9,12.7,2.89,0.6
13174,"Stewed fruits, no added sugars (pulp or mixed fruits, but always with other ingredient), prepacked, room temperature",58.3,0.32,12.7,0.37,1.91
13175,"Apple, flesh without skin, roasted/baked",52.7,0.16,12.9,0,0
13176,"Apples, raw, without skin, cooked, boiled/cooked in water",54,0.26,11.2,0.36,2.4
13177,"Chayote, boiled/cooked in water",21.6,0.62,2.29,0.48,2.8
13178,"Cranberry, dried, with sugar(s)",332,0.25,76.4,1,5.7
13182,Dairy and cereal-based beverage for baby (average),86,2.22,12.6,2.78,1.11
13183,"Goji berry, dried",300,12.1,49,2.9,11.8
13184,Olive (average),165,1.29,0.65,16.6,3.83
13185,"Fruit compote and similar, any fruit, sugar content unknown (average)",80.2,0.26,19.1,0.16,1.65
13186,"Olives, black (average food)",182,1.41,0.26,18,6.46
13187,"Stewed fruits, apple, no added sugars, (pulp or mixed fruits), room temperature",56.4,1.13,11.6,0.28,1.7
13188,"Pear, var. Conférence, flesh without skin, raw",49.1,0.25,11.4,0,3.1
13189,"Pear, var. Williams, flesh without skin, raw",50.2,0.25,11.5,0,3.1
13190,"Apple, var. Chanteclerc, flesh without skin, raw",47.2,0.25,11.2,0,1.9
13191,"Apple, var. Gala, flesh without skin, raw",51.6,0.25,11.9,0,1.9
13192,"Apple, var. Pink lady, flesh without skin, raw",57.3,0.25,12.8,0,2.9
13193,"Peach, white-flesh variety, flesh and skin, pitted, raw",44.3,0.69,9.48,0,2.1
13194,"Peach, white-flesh variety, flesh without skin, pitted, raw",44.3,0.63,9.63,0,1.1
13195,"Peach, yellow-flesh variety, flesh without skin, pitted, raw",44.5,0.69,9.8,0,1
13199,"Fruit compote, miscellaneous fruits other than apple only, reduced sugar, prepacked, room temperature",65.7,0.25,15.4,0.2,1.6
13200,"Mango José, flesh without skin, pitted, raw, sampled in the island La Réunion (Mangifera indica L.)",88.8,0.75,19.3,0.5,1.8
13201,"Queen Vicoria ananas, flesh, raw, sampled in the island La Réunion",69.8,0.94,15.1,0,2.4
13202,"Colombo Papaya (fruit), mature,flesh without skin, without seeds, raw, sampled in the island La Réunion (Carica papaya L.)",38,0.56,7.88,0,2.2
13203,"Rhubarb, stalk, cooked",18.8,0.94,1.35,0,2.3
13204,"Peach compote, prepacked",106,0.63,24.9,0.1,1.65
13205,"Apricot compote, prepacked",103,0.72,24.1,0.1,1.47
13206,"Rhubarb compote, prepacked",111,0.57,25.8,0.07,2.38
13207,"Fruits dessert, all types (sugar content is less than fruits compote but more than fruits compote reduced sugar), prepacked, refrigerated",77.3,0.35,17.7,0.22,1.78
13208,"Stewed fruits, sweetened (pulp or mixed fruits, with sugar(s), but always with other ingredient), prepacked, refrigerated",79.2,0.36,18.2,0.22,1.87
13209,"Stewed fruits, no added sugars (pulp or mixed fruits, but always with other ingredient), prepacked, refrigerated",55.6,0.38,12.2,0.3,1.8
13210,"Stewed fruits, no added sugars (pulp or mixed fruits,), prepacked, refrigerated",58.7,0.43,12.7,0.29,2.02
13211,"Other fruit compote, prepacked",101,0.25,23.9,0.07,2
13212,"Apple compote, sugar content and temperature unknown, prepacked (average)",93.5,0.25,22.4,0.2,1.46
13213,"Fruits dessert, all types (sugar content is less than fruits compote but more than fruits compote reduced sugar), prepacked (average)",84.4,0.34,19.4,0.22,1.88
13214,"Stewed fruits, no added sugars (pulp or mixed fruits,), prepacked (average)",56.4,0.25,13.3,0.15,1.7
13215,"Stewed fruits, sugar content unknown (pulp or mixed fruits, w or without sugar, but always with other ingredient), prepacked (average)",72.7,0.28,16.5,0.41,1.71
13395,"Grape, raw (average)",71,0.7,16.3,0.25,1.11
13396,"Apple, flesh without skin, raw (average)",51.3,0.26,11.9,0.24,2.39
13397,"Pear, flesh without skin, raw (average)",49.7,0.25,11.4,0,3.1
13398,"Peach, flesh without skin, pitted, raw (average)",44.4,0.67,9.74,0,1.03
13399,"Nectarine, flesh and skin, pitted, raw (average)",49.5,0.74,11.3,0,0.47
13417,"Common mandarin juice, pure juice, filtered, sampled in the island of La Martinique",42.1,0.61,8.63,0.57,0
13418,"Macaque mandarin, pure juice, filtered, sampled in the island of La Martinique",45.5,0.6,10.8,0,0
13421,"Prune de cythère or pomme cythere or golden apple (local variety), giant, mature, pure juice, filtered, sampled in the island of La Martinique",33.4,0.29,7.13,0.19,1
13422,"Prune de cythère or pomme cythere or golden apple (local variety), giant, green or immature, pure juice, filtered, from La Martinique",32,0.44,6.55,0.28,0.8
13423,"Prune de cythère or pomme cythere or golden apple (hybrid variety), dwarf, mature, pure juice, filtered, from La Martinique",46.4,0.69,9.97,0.21,0.9
13424,"Prune de cythère or pomme cythere or golden apple (hybrid variety), dwarf, green or immature, pure juice, filtered, from La Martinique",31.9,0.67,6.34,0.26,0.8
13564,"Loquat, flesh and skin, pitted, raw",48.1,0.43,9.9,0.2,1.7
13583,"Black plum, pitted, raw",46.4,0.8,9.6,0.1,1.94
13614,"Pummelo, flesh without skin, without seeds, raw",38.4,0.76,7.14,0.04,1
13620,"Apple, var. Golden, flesh and skin,, raw",54.1,0.25,12.8,0,1.4
13621,"Grape, red, Muscat, raw",86.6,0.69,20,0,2.7
13623,"Apricot, pitted, dried, rehydrated to 35-45% water",200,2.31,51.1,0.4,3.5
13704,"Apricot, canned in syrup (sugar content unknown), drained (average)",67.9,0.59,15.5,0,1.4
13705,"Fruit cocktail or salad, canned in syrup (sugar content unknown), drained (average)",64.9,0.25,15.2,0,2
13706,"Fruit cocktail or salad, canned in syrup, drained",71.3,0.25,16.8,0,2.1
13707,"Fruit cocktail or salad, canned in syrup, solids and liquids",74.8,0.25,17.8,0,1.26
13708,"Fruit cocktail or salad, canned in light syrup, drained",59.1,0.25,13.7,0,1.9
13709,"Fruit cocktail or salad, canned in light syrup, solids and liquids",59.7,0.25,14,0.06,1.18
13712,"Apricot, canned in light syrup, drained",61.1,0.94,13.5,0,1.4
13713,"Apricot, canned in light syrup, solids and liquids",62.5,0.81,14,0.04,0.83
13714,"Apricot, in syrup, canned, drained",69.6,0.5,16,0,1.4
13715,"Apricot, in syrup, canned, solids and liquids",69.7,0.29,16.3,0,0.81
13716,"Pineapple, in pineapple juice, canned, drained",56,0.25,12.9,0,1.4
13717,"Pineapple, in pineapple juice, canned, solids and liquids",55,0.25,12.9,0,0.92
13718,"Pineapple, in light syrup, canned, drained",65.8,0.25,15.3,0,1.6
13719,"Pineapple, in light syrup, canned, solids and liquids",66.5,0.25,15.6,0.08,1.01
13724,"Litchi, flesh without skin, pitted, in light syrup, canned, drained",62.8,0.63,14.3,0.19,1.1
13730,"Peach, pitted, canned in light syrup, drained",59,0.5,13.5,0,1.5
13731,"Peach, pitted, canned in light syrup, solids and liquids",60,0.31,14,0.04,0.92
13734,"Pear, canned in light syrup, drained",63.9,0.25,13.9,0.4,2.6
13735,"Pear, canned in light syrup, solids and liquids",62.6,0.3,14.5,0.12,1.23
13742,"Melon, honeydew, flesh without skin, without seeds, raw",22.2,0.54,4.3,0.14,0.8
13996,"Fruit, dried (average)",267,2.13,61.3,0.56,6.43
13998,Red fruit sauce,124,0.63,27.7,0.5,1.8
13999,"Fruit, raw (average)",56.6,0.69,12.1,0.26,1.98
14000,"Venison, roebuck, roasted/baked",174,32.6,0,4.8,0
14002,"Wild boar, raw",150,21.5,0,7.14,0
14003,"Wild boar, roasted/baked",153,28.3,0,4.38,0
14004,"Hare, meat, raw",111,21.6,0,2.67,0
14005,"Venison, roebuck, raw",110,23,0,2,0
14006,"Venison, hart, raw",114,23,0,2.42,0
14007,"Venison, hart, roasted/baked",150,30.2,0,3.19,0
14008,"Game, cooked (average)",160,30.2,0,4.36,0
15000,"Almond, with peel, no added salt",615,18.8,9.51,51.3,12.5
15001,"Peanut, no added salt",623,22.8,14.8,49.1,8.6
15002,"Peanut, grilled, salted",635,22.9,14.2,50.8,8.08
15004,"Hazelnut, no added salt",632,14.4,7.16,56.9,11.6
15005,"Walnut, kernel, dried",709,13.3,6.88,67.3,6.7
15006,"Coconut, pulp, fresh",369,3.47,4.69,34.7,10.6
15007,"Coconut, pulp, dried",692,6.83,7.81,66.8,13.7
15008,"Brazil nut, no added salt",701,14.3,4.23,67.1,7.5
15009,"Pistachio nut, grilled, salted",617,18.9,15.9,49.5,9.32
15010,Sesame seed,606,17.7,12.8,49.7,11.8
15011,"Sunflower, seed",653,21.3,10.1,55.5,6.4
15013,"Chestnut cream, prepacked",278,0.95,65.9,0.66,2.28
15014,"Coconut, immature kernel, fresh",360,3.33,6.22,33.5,9
15015,"Chestnut puree, canned",102,2.28,22.8,,
15017,Mix of salted nuts and dried fruit,583,16.9,23.7,44.1,5.86
15018,Mix of salted nuts and raisins,561,16.6,27.1,39.6,8.4
15019,"Cashew nut, grilled, salted",632,15.2,26.7,49.5,3.85
15020,"Chestnut, boiled/cooked in water",123,2,23,1.38,4.5
15021,"Chestnut, grilled",211,3.34,41.1,1.7,7.1
15024,"Chestnut, raw",189,2.02,36.8,1.76,8.1
15025,Pine nut,712,13.7,2.93,68.4,10
15026,"Pecan nut, no added salt",727,9.17,4.25,72,9.6
15027,"Macadamia nut, no added salt",757,7.91,5.22,75.8,8.6
15029,"Alfalfa seeds, sprouted",29.2,3.38,0.81,0.69,1.9
15032,"Alfalfa, seeds",426,29.7,39.3,12.6,7.9
15033,"Hazelnut, grilled, no added salt",684,14.4,8.81,62.4,9.4
15034,"Flaxseed, seed",528,19,6.49,40.3,24.4
15035,"Sesame seed, husked",620,20.4,10.3,51,11.6
15037,"Peanut, dry-grilled, salted",615,21.6,17.9,47.7,7.4
15038,"Sesame seed, grilled, husked",582,17,9.14,48,16.9
15039,"Chestnut, canned",145,1.96,28.8,1.4,4
15041,"Almond, peeled, no added salt",631,21.4,8.76,52.5,9.9
15042,"Almond, grilled, salted",647,20,12.2,53.9,8.46
15043,"Macadamia nut, grilled, salted",724,7.04,9.95,70.2,9.5
15044,"Pistachio nut, grilled, no added salt",631,18.4,14.9,51.6,10.2
15045,"Sunflower seed, grilled, salted",626,21.2,12.7,51,8.3
15046,"Pecan nut, salted",731,10.2,5,73,3
15047,"Chia, seed, dried",454,16.5,7.72,30.7,34.4
15048,"Mix of nuts and dried fruit, no added salt",493,8.29,51,26.3,6.36
15049,"Mix of nuts and raisins, no added salt",541,12.5,31.8,37.2,9.6
15050,"Hazelnut, grilled, salted",664,13.4,7.67,61.2,9.43
15052,"Flaxseed, brown, seed",533,18,3.56,42.2,26.9
15053,"Peanut, grilled, no added salt",644,23.5,14.4,51.9,5.7
15054,"Cashew nut, grilled, no added salt",618,17.4,21.3,48.1,8.4
15055,"Cashew nut, dry-grilled, no added salt",630,17.4,23.5,49,5.7
15057,"Peanut, grilled, flavoured",598,22.8,14.6,46.6,7.8
15058,Candied peanut,544,12.9,51.4,29.7,6.1
15059,"Mix of nuts, grilled, salted",637,18.6,9.69,54.7,10.5
15062,"Almond, grilled, salted, smoked",629,18.6,9.01,54,8.25
15063,"Hemp, seed, hulled",617,30.8,5.38,48.8,4
15064,"Pumpkin and squash, seed, dried",618,29.5,5.39,49.1,6
15065,"Seeds and peanuts, dried, salted (average)",630,20.4,17.6,50.1,7.13
15066,"Seeds and peanuts, dried, unsalted (average)",632,15.5,10.5,55,10.7
15201,"Marzipan or almond paste, prepacked",432,5.8,70.3,13.5,2.8
15202,Peanut butter or peanut paste,643,22.2,17.3,51.4,5
15203,Tahini (sesame paste),631,17.7,13.8,53.4,7
16030,Cocoa butter,900,0,0,100,0
16040,Coconut fat or oil,897,0,0.41,99.5,0
16050,"Coconut fat or oil, virgin",899,0.16,0,99.9,0
16060,"Coconut fat or oil, refined",900,0,0,100,0
16080,"Solid vegetal fat (margarine type), for frying",898,0.25,0,99.8,0
16110,Shea butter or shea oil,900,0,0,100,0
16128,Frying oil,900,0,0,100,0
16150,"Palm oil, refined",900,0,0,100,0
16200,Palm kernel fat,900,0,0,100,0
16400,"Butter, 80% fat minimum, unsalted",753,0.64,0.71,83,0
16401,Butter oil or concentrated butter,900,0.28,0,99.9,0
16402,"Butter, 80% fat minimum, half-salted",725,0.75,0.5,80,0
16403,"Butter, 80% fat minimum, salted",732,0.5,0.68,80.8,0
16404,"Butter, 82% fa minimumt, unsalted, easy-to-spread",755,0.7,0.5,83.4,0
16410,"Butter, 60-62% fat, light, unsalted",550,0.56,0.7,60.6,0
16411,"Butter, 60-62% fat, light, half-salted",555,0.92,0.5,61,0
16412,"Butter spread, reduced fat, unsalted (average)",367,0.34,3.7,39.1,0
16413,"Butter, unknown fat content, half-salted (average)",712,0.75,0.53,78.6,0
16414,"Butter, unknown fat content, unsalted (average)",731,0.63,0.88,80.5,0
16415,"Butter, light, 39-41% fat, unsalted",390,0.26,3.6,41.7,0
16416,"Butter, light, 39-41% fat, half-salted",376,0,4,40,0
16520,Lard or pork fat,900,0,0,100,0
16530,"Pork fat, raw",810,2.92,0,88.7,0
16540,Chicken fat,898,0,0,99.8,0
16550,Duck fat,898,0,0,99.8,0
16560,Goose fat,898,0,0,99.8,0
16570,Turkey fat,898,0,0,99.8,0
16589,"Spreadable fat > 62% fat, unsalted, rich in omega 3",616,0,0,67.7,3.6
16590,"Spreadable fat > 62% fat, unsalted, standard",650,0.02,0.09,72.1,0.13
16591,"Spreadable fat > 41% fat and <= 62% fat, unsalted, standard",540,0.25,0.14,60,0
16592,"Spreadable fat <= 41% fat, unsalted, standard",366,1.44,2.94,38.6,0
16593,"Spreadable fat > 62% fat, half-salted",630,0.25,0,70,0
16594,"Spreadable fat > 41% fat and <= 62% fat, half-salted",516,0,0.34,57.3,0
16595,"Spreadable fat > 41% fat and <= 62% fat, unsalted, with plant sterols",547,0.25,0,60.8,0
16596,"Spreadable fat > 41% fat and <= 62% fat, unsalted, rich in omega 3",508,0.08,0.12,56.4,0.09
16597,"Spreadable fat > 41% fat and <= 62% fat, half-salted, rich in omega 3",506,0,0,56.3,0
16598,"Spreadable fat <= 41% fat, half-salted, with plant sterols",321,0.25,1.4,35,0
16599,"Spreadable fat <= 41% fat, unsalted, rich in omega 3",308,0,0.4,34,0
16600,"Spreadable fat <= 41% fat, half-salted, standard",356,0.75,2.8,38,0
16601,"Spreadable fat, fat % unknown, unsalted (average)",557,0.31,0.43,61.7,0.04
16602,"Spreadable fat, fat % unknown, half-salted (average)",502,0.12,0.66,55.5,0
16603,"Spreadable fat, fat % unknown, unsalted, rich in omega 3 (average)",501,0.08,0.13,55.6,0.09
16713,"Spreadable dairy fat 15-25% fat, light, spreadable, unsalted, fortified with vitamin(s)",197,0.25,6.2,19.1,0
17001,Vegetable oil (average),899,0.18,0.03,99.9,0
17020,Apricot kernel oil,900,0,0,100,0
17030,Almond oil,900,0,0,100,0
17040,Peanut oil,899,0.25,0,99.9,0
17100,Avocado oil,900,0,0,100,0
17110,Wheat germ oil,900,0,0,100,0
17130,Rapeseed oil,900,0,0,100,0
17170,Cottonseed oil,900,0,0,100,0
17180,Linseed oil,900,0,0.02,100,0
17190,Maize/corn oil,900,0,0,100,0
17210,Hazelnut oil,900,0,0,100,0
17220,Walnut oil,900,0,0,100,0
17270,"Olive oil, extra virgin",899,0.25,0,99.9,0
17325,Poppyseed oil,900,0,0,100,0
17350,Grapeseed oil,900,0,0,100,0
17390,Rice bran oil,900,0,0,100,0
17400,Sesame oil,900,0,0,100,0
17420,Soy oil,900,0,0,100,0
17440,Sunflower oil,900,0.25,0,100,0
17630,Cod liver oil,900,0,0,100,0
17640,Sardine oil,900,0,0,100,0
17645,Salmon oil,900,0,0,100,0
17650,Herring oil,900,0,0,100,0
17700,Combined oil (blended vegetable oils),897,0,0.49,99.5,0
17701,Combined oil (mix of olive oil and seeds oil),900,0,0,100,0
17850,Hemp oil,900,0,0,100,0
17900,Argan oil,889,0,0,98.7,0
18001,"Carbonated beverage or soft drink, without fruit , no added sugars and with sweetener(s)",0.23,0,0.06,0,0
18003,"Coffee, ground",341,13.9,20.3,13.9,39.7
18004,"Coffee, non instant no added sugars, ready-to-drink",5.78,0.25,1.35,0.02,0
18005,"Coffee, powder, instant",291,18.5,41.9,1.1,20
18007,"Cocktail, alcohol-free (juices based cocktail without syrup)",42.8,0.03,10.7,0.04,0.15
18009,"Mineral sparkling water, bottled, lightly mineralized (average)",0,0,0,0,0
18010,"Lemonade, with sugar(s)",33,0,8.24,0,0.14
18011,Coconut water,11.8,0.21,3.33,0,0
18012,"Bottled water, flavoured, with sugar(s)",16.2,0,4.05,0,0.11
18013,"Tonic drink, no added sugars, with sweetener(s)",0.2,0,0.06,0,0
18014,"Tonic drink, with sugar(s) and sweetener(s)",22.2,0,5.54,0,0
18015,"Still soft drink with tea extract, with sugar(s) and sweetener(s)",17.1,0.03,4.25,0.02,0.08
18016,"Lemonade, with sugar(s) and with sweetener(s)",8,0,2,0,0
18017,"Syrup, to be diluted, with sugar(s)",252,0.25,62.5,0,0
18018,"Cola, with sugar(s)",40.1,0,10,0,0
18019,"Carbonated beverage or fruit soft drink , fruit content >= 10% and < 50%, with sugar(s)",46.4,0.03,11.3,0.01,0.04
18020,"Tea, brewed, no added sugars",0.4,0.1,0,0,0
18021,"Still soft drink, fruit content <10%, no added sugars and with sweetener(s)",4.07,0.06,0.96,0,0
18022,"Infusion, brewed, no added sugars",0.8,0,0.2,0,0
18023,"Still soft drink, fruit content <10%, with sugar(s)",25.6,0.13,6.39,0.11,0
18024,"Still soft drink, fruit content >= 10% and < 50%, with sugar(s) and with sweetener(s)",23.3,0.06,5.83,0.06,0
18025,"Kombucha, prepacked",6.61,0.25,1.45,0,0
18026,"Carbonated beverage or soft drink, without fruit, with sugar(s)",34.5,0,8.28,0.04,0.02
18028,"Bottled water, flavoured, no added sugars and no sweetener(s)",0.1,0,0.03,0,0
18029,Non-alcoholic beverage (average),27.9,0.06,6.86,0.02,0.06
18030,"Bottled water, flavoured, no added sugars and with sweetener(s)",0,0,0,0,0
18033,"Carbonated beverage or fruit soft drink, fruit content < 10% , with sugar(s) and with sweetener(s)",27.2,0,6.79,0,0.01
18034,"Carbonated beverage or fruit soft drink, fruit content >= 10% and < 50%, with sugar(s) and with sweetener(s)",28.1,0.02,6.92,0,0.15
18035,"Lemonade, no added sugars, with sweetener(s)",0.48,0,0.12,0,0.15
18037,"Cola, with sugar(s) and with sweetener(s)",24.3,0,6.07,0,0.21
18039,Lemonade with syrupwith sugar(s),33.9,0.06,8.43,0,0.1
18041,Coconut milk,199,1.94,4.29,19.2,0.75
18044,"Water, mineral (average)",0.02,0,0.01,0,0
18045,"Mineral still water, bottled (average)",0.03,0,0.01,0,0
18046,"Mineral sparkling water, bottled (average)",0.02,0,0,0,0
18048,"Carbonated beverage or fruit soft drink (fruit juice content unknown), with sugar(s) (average)",44.6,0.03,10.9,0.01,0.04
18049,"Carbonated beverage or fruit soft drink, fruit content < 10% , with sugar(s)",33.6,0.01,8.36,0.01,0
18050,"Carbonated beverage or fruit soft drink, fruit content <10%, reduced sugar",28.7,0.01,7.15,0.1,0.02
18051,"Carbonated beverage or fruit soft drink, fruit content >= 10% and < 50%, no added sugars and with sweetener(s)",3.69,0.03,0.91,0.02,0
18057,"Preparation for beverage diluted in water (eg. mint, strawberry etc.), no added sugars, with sweetener(s), type syrup 0%",6,0.25,1.5,0,0
18058,"Syrup (eg. Mint, strawberry etc.), with sugar(s), diluted in water",31.2,0.06,7.7,0,0
18059,"Concentrate beverage (to be diluted), no added sugars and with sweeteners, ""syrup 0%"" type",19.5,0.25,3.79,0,0.7
18060,"Cola, without added sugars and with sweetener(s)",1.04,0,0.25,0,0
18062,"Still soft drink with tea extract, sugar and sweetener contents unknown (average)",21.1,0.02,5.26,0,0.12
18063,"Cola, sugar(s) and sweetener(s) content unknown (average)",27.5,0.01,6.88,0.01,0.02
18064,"Still soft drink with tea extract, flavoured, reduced sugar",14.9,0,3.75,0,0.06
18065,"Still soft drink with tea extract, flavoured, no added sugars and with sweetener(s)",0.53,0,0.22,0,0.08
18066,"Water, municipal",0,0,0,0,0
18067,"Cola, with sugar(s) and without caffeine",40.9,0.05,10.2,0.05,0
18068,"Cola, without added sugars, with sweetener(s) and no caffeine",0.06,0.08,0.13,0.08,0
18069,"Decaffeinated coffee, powder, instant",352,11.6,76,0.2,0
18070,"Decaffeinated non instant coffee, no added sugars, ready-to-drink",4.42,0.1,0.6,0.18,0
18071,"Espresso coffee non instant coffee, no added sugars, ready-to-drink",6.54,0.25,1.16,0.2,0
18072,"Decaffeinated instant coffee, no added sugars, ready-to-drink",2.1,0.12,0.4,0,0
18073,"Instant coffee, no added sugars, ready-to-drink",1.64,0.1,0.3,0,0
18075,"Still soft drink with tea extract, flavoured, with sugar(s)",23.2,0.02,5.78,0,0.13
18076,Tea leaf,232,19.4,6.3,2,55.8
18078,"Carbonated beverage or soft drink, without fruit, with sugar(s) and with sweetener(s)",22.4,0.01,5.58,0,0.13
18100,"Cocoa powder, no added sugars, powder, instant",387,22.4,11.6,20.6,29.5
18101,"Cocoa or chocolate powder, for beverages, with sugar(s)",379,6.65,75.6,3.29,10.5
18104,"Instant cocoa or chocolate beverage, with sugar(s), ready-to-drink (reconstituted with standard semi-skimmed milk)",65.9,3.78,9.5,1.42,0
18106,"Instant cocoa or chocolate beverage, with sugar(s), fortified with vitamins, ready-to-drink (reconstituted with semi-skimmed milk)",71.4,4.08,9.91,1.71,0
18107,"Almond drink, plain, no added sugars, not fortified, prepacked",35.8,1.06,0.68,3.2,0
18110,"Almond drink, with sugar(s), fortified with calcium, prepacked",43.9,0.69,3.96,2.8,0
18111,"Almond drink, prepacked (average)",35.8,1.06,0.68,3.2,0
18112,"Plant-based drink, prepacked (average)",43.6,2.68,2.38,2.33,0.63
18113,"Soy drink, prepacked (average)",46.1,3.21,2.93,2.04,0.76
18150,"Mix of chicory and coffee, powder, instant",332,9.3,66.9,0.35,12
18151,"Coffee with milk or white coffee or cappuccino, instant or non instant coffee, no added sugars, ready-to-drink",21.5,1.39,2.31,0.76,0
18152,"Chicory, powder, instant",323,3.3,57.2,2.5,29.2
18153,"Mix of chicory and coffee, instant, no added sugars, ready-to-drink (reconstituted with standard semi-skimmed milk)",53.7,3.74,5.9,1.62,0.46
18154,"Black tea, brewed, no added sugars",1.26,0,0.3,0.01,0
18155,"Green tea, brewed, no added sugars",5.1,0,1.09,0,0
18160,"Coffee with milk or cappuccino, powder, instant",416,12.2,70.1,8.8,3.3
18161,"Instant chicory, no added sugars, ready-to-drink (reconstituted with standard semi-skimmed milk)",93.5,0,7.1,7.1,0.59
18162,"Mix of chicory and coffee, instant, no added sugars, ready-to-drink (reconstituted with water)",27.8,0.56,6.06,0,0.6
18163,"Coffee with milk or cappuccino with chocolate, powder, instant",384,11.2,63,9,3.5
18167,"Cocoa or chocolate powder, for beverages, with sugar(s), fortified with vitamins and minerals",376,4.68,79.3,3.04,6.48
18168,"Cocoa or chocolate powder, for beverages, with sugar(s), fortified with vitamins",386,4.29,85,2.04,5.3
18220,"Lemon speciality to be diluted, for beverages or culinary use, no added sugars",18.4,0.25,1.01,0,0
18294,"Still soft drink, fruit content <10%, with sugar(s), refrigerated fortified with vitamin(s)",33.7,0,8.42,0,0
18295,"Still soft drink, fruit content >= 10% and < 50%, with sugar(s), fortified with vitamin(s)",38,0,9.49,0,0.18
18296,"Still soft drink, with fruit puree, smoothie type, fruit content >= 50%, fortified with vitamin(s)",51.3,0.52,11.5,0.45,0.54
18297,"Still soft drink, fruit content >= 50%, room temperature, fortified with vitamin(s)",45.1,0.22,10.9,0,0.71
18298,"Still soft drink, fruit content >= 50%, room temperature",41.7,0.19,10,0.11,0.43
18299,"Still soft drink, lemonade, fruit content >= 10% and < 50%, with sugar(s)",23.2,0,5.77,0.01,0.19
18300,"Still soft drink, with fruit puree, smoothie type, fruit content >= 50%, no added sugars, refrigerated",67.5,0.8,12.1,1.45,1.4
18304,"Still soft drink, fruit content >= 10% and < 50%, reduced sugar",18.8,0.22,4.71,0.22,0
18305,"Still soft drink, fruit content >= 10% and < 50%, no added sugars",13,0.05,3.18,0.01,0
18306,"Aloe vera beverage, with sugar(s)",32.9,0.09,8.11,0,0.07
18309,"Still soft drink, fruit content unknown, with sugar(s)",45.8,0.1,11.2,0.07,0
18315,Fruit and vegetable beverage,42.9,0.31,10,0.12,0.67
18316,"Water kefir or Tibicos, prepacked",3.6,0.1,0.9,0,0
18324,"Energy drink, sugar and artifical sweetener contents unknown (average)",35.2,0.1,8.77,0,0.11
18325,"Still soft drink, fruit content unknown, sugar and sweetener contents unknown (average)",39.3,0.18,9.38,0.13,0.22
18326,"Bottled water, flavoured, sugar and sweetener contents unknown (average)",1.88,0,0.47,0,0.09
18327,"Lemonade, sugar and sweetener contents unknown (average)",28.4,0,7.09,0,0.13
18328,"Syrup (eg. Mint, strawberry etc.), sugar content unknown, diluted in water (average)",29.2,0.07,7.21,0,0
18329,"Carbonated beverage or soft drink, without fruit, sugar and sweetener contents unknown (average)",27.6,0.01,6.87,0.01,0.04
18339,"Still soft drink, fruit content >= 10% and < 50%, with sugar(s)",41.1,0.13,9.92,0.14,0.19
18340,"Carbonated beverage or fruit soft drink, fruit content < 10% , no added sugars and with sweetener(s)",2.06,0.06,0.45,0,0
18341,"Carbonated beverage, apple content >= 50% and <99%, no added sugars",30,0,7.5,0,0
18343,Still beverage with fruit juice and milk,47.7,0.68,10.7,0.04,0.53
18344,"Tonic drink, with sugar(s)",33.1,0,8.27,0,0.14
18345,"Carbonated beverage or fruit soft drink, fruit content < 10% , no added sugars and no sweetener(s)",16.7,0,4.17,0,0
18347,Birch sap beverage,2.8,0.06,0.7,0.06,0
18348,"Sports drink, with sugar(s)",21.7,0,5.41,0,0
18349,"Sports drink with added sugars, with sugar(s)",19.3,0,4.82,0,0
18352,"Energy drink, with sugar(s)",40.9,0.1,10.2,0,0.11
18353,"Energy drink, no added sugar(s) and with sweetener(s), fortified with vitamins",8.57,0.11,2.06,0.01,0.13
18354,"Energy drink, with sugar(s) and with sweetener(s)",27.6,0.04,6.86,0,0.13
18356,"Tonic drink, sugar(s) and sweetener(s) content unknown (average)",28.8,0,7.21,0,0.15
18430,"Spring water, bottled",0,0,0,0,0
18899,"Oat drink, plain, no added sugar, not fortified, prepacked",41,0.25,7.78,1.1,0
18900,"Soy drink, plain, not fortified, prepacked",42.4,3.19,1.87,2.1,0.71
18901,"Soy drink, plain, fortified with calcium, prepacked",44.2,3.42,2.18,2.05,1
18902,"Soy drink, flavoured, with sugar(s), not fortified, prepacked",61.9,3.08,7.54,1.8,0.73
18903,"Soy drink, flavoured, with sugar(s), fortified in calcium, prepacked",43.2,3.01,2.89,1.8,1.1
18904,"Rice drink, plain, prepacked",52.2,0.23,10.8,1,0
18906,"Chestnut drink, plain, prepacked",67.9,0.21,13.5,1.4,0.61
18907,"Coconut drink, plain, prepacked",29.9,0.21,2.75,2.1,0
19000,"Milk, bulk",64.4,3.28,4.65,3.66,0
19012,"Baby milk, growing-up milk, ready to drink",60.9,1.28,7.77,2.71,0
19013,"Baby milk, infant formula, ready to drink",71.3,1.21,8.04,3.79,0
19014,"Baby milk, follow-on formula, ready to drink",65.1,1.21,8.23,2.9,0.5
19016,"Milk, whole (average)",63.9,3.42,4.78,3.49,0
19021,"Milk powder, whole",508,26.6,42,26.2,0
19023,"Milk, whole, UHT",64.6,3.46,4.77,3.55,0
19024,"Milk, whole, pasteurised",61.8,3.3,4.8,3.3,0
19026,"Condensed milk, no added sugars, whole",119,6.44,9.91,5.9,0
19027,"Condensed milk, with sugar(s), whole",327,7.7,56.5,7.87,0
19033,"Milk, semi-skimmed (average)",47.5,3.46,4.97,1.55,0
19037,"Milk, semi-skimmed, UHT, fortified with vitamin D",46.6,3.38,4.8,1.52,0
19038,"Milk, 1,2% fat, UHT, fortified with vitamins",44.1,3.38,4.79,1.25,0
19039,"Milk, fat content unknown, UHT (average)",47.7,3.48,4.97,1.57,0
19041,"Milk, semi-skimmed, UHT",47.7,3.48,5,1.56,0
19042,"Milk, semi-skimmed, pasteurised",46.4,3.19,4.9,1.54,0
19044,"Milk powder, semi-skimmed",459,31.5,43.4,17.5,0
19050,"Milk, skimmed, UHT",34.4,3.6,5.01,0.02,0
19051,"Milk, skimmed, pasteurised",32.7,3.37,4.7,0.08,0
19054,"Milk powder, skimmed",361,35.3,54,0.7,0
19060,"Milk, semi-skimmed, UHT, reduced lactose",44.4,3.45,4.69,1.29,0
19114,"Vanilla flavoured milk, with sugar(s), partially skimmed, fortified with vitamin D",57.4,2.04,11,0.6,0
19116,"Coffee flavoured milk beverage, with sugar(s), partially skimmed fortified with vitamin(s) and/or mineral(s)",50.6,2.96,8.9,0.38,0
19117,"Coffee flavoured milk beverage, with sugar(s), partially skimmed, not fortified",70.3,3.12,8.84,2.33,0.88
19118,"Chocolate flavoured milk beverage, with sugar(s), partially skimmed, not fortified",72.8,3.49,11,1.58,0.5
19119,"Chocolate flavoured milk beverage, with sugar(s), partially skimmed, fortified with vitamin(s) and/or mineral(s)",66.5,3.02,10.8,1.15,0.58
19120,"Flavoured milk beverage, with sugar(s), partially skimmed, fortified with vitamins and/ormineral(s) (average)",61,2.65,10.7,0.84,0.2
19127,"Strawberry flavoured milk, with sugar(s), partially skimmed, fortified with vitamin D",58.8,2.53,10.7,0.72,0.03
19200,"Goat milk, whole, UHT",64.6,2.96,4.2,4.02,0
19201,"Goat milk, half skimmed, UHT",45.8,3.77,4.13,1.57,0
19202,"Goat milk, whole, raw",57.4,3.22,4.01,3.2,0
19225,"Mare's milk, whole",50,2.41,6.22,1.73,0
19250,"Sheep milk, whole",103,5.68,4.5,6.97,0
19402,"Cream and similar, fat content unknown (average)",248,2.45,2.86,25,0.93
19403,"Cream and similar, fat content unknown, fluid (average)",244,2.49,3.97,24.2,0
19404,"Cream and similar, fat content unknownthick or semi-thick (average)",165,2.67,4.53,14.7,0.96
19410,"Cream 30% fat, thick, refrigerated",285,2.32,1.38,29.9,0
19411,"Cream, from Isigny, >= 35% fat",382,2.55,3,40,0
19415,"Cream 30% fat, semi-thick, UHT",294,2.49,1.94,30.7,0
19417,"Cream 30% fat, liquid, UHT",293,2.2,3.69,30,0
19420,"Whipped cream, aerosol, UHT",305,2.11,10.6,28.2,0
19430,"Cream, 12-25% fat, light, semi-thick, UHT",189,2.78,4.34,17.6,1.5
19431,"Cream, 12-25% fat, light, thick, refrigerated",162,2.65,4.55,14.4,0.9
19432,"Cream based preparation, light, 5% fat, fluid or thick",75,3.06,4.5,5,0
19433,"Cream based preparation, light, about 4% fat, fluid or thick",73.2,3.25,5.28,4.3,0
19434,"Cream based preparation with aromatic herbs 19% fat, to cook",195,3.06,3,19,0
19435,"Cream based preparation with aromatic herbs 12% fat, to cook",128,3.06,2,12,0
19436,"Cream, 12-20% fat, light, fluid, refrigerated",173,2.96,4.3,16,0
19500,"Fermented milk drink, flavoured, with sweetener(s), reduced sugar, 0% fat, with L Casei",27.5,2.9,3.64,0.1,0.35
19501,"Quark, plain or with fruits (average)",80,7.02,6.34,2.83,0.02
19508,"Fermented milk drink, flavoured, with sugar(s)",65.9,3.16,10.7,0.89,0.14
19516,"Fermented milk drink, flavoured, with sugar(s), with L Casei",69.7,3.06,10.8,1.6,0.03
19534,"Fermented milk drink, flavoured, with sugar(s), fortified with vitamin D",73.3,2.98,12.3,1.39,0.08
19535,"Fermented milk drink, with fruits, with sugar(s)",84.6,2.91,11.9,2.49,0.08
19536,"Fermented milk drink, with fruits, with sugar(s), fortified with vitamin D",74,2.9,12.4,1.42,0.1
19538,"Fermented milk drink, plain, with sugar(s), with L Casei",69.6,3.06,10.8,1.6,0
19539,"Fermented milk, yogurt type with bifidus, flavoured, with sugar(s)",86.5,3.85,10.8,2.81,0.75
19541,"Fermented milk, yogurt type with bifidus, with fruits, 0% fat, with sweetener(s)",48.1,4.67,6.71,0.09,1.08
19542,"Fermented milk, yogurt type with bifidus, with fruits, with sugar(s)",87.7,3.76,10.8,2.83,0.7
19543,"Fermented milk, yogurt type with sterol esters, with fruits, 0% fat, with sweetener(s)",47,3.88,6.6,0.5,0.45
19544,"Fermented milk, yogurt type with bifidus, plain, 0% fat",42.9,4.39,5.75,0.3,0
19546,"Fermented milk, yogurt type with bifidus, plain",92.3,6.35,10.8,2.38,0
19550,"Yogurt, Greek-style, ewe's milk",124,4.82,4.28,9.78,0
19551,"Fermented milk drink, flavoured, with sugar(s), fortified with vitamin D, with L Casei",73.3,2.84,12.1,1.53,0
19552,"Yogurt, Greek-style, on a fruit layer, with sugar(s)",126,2.34,14.4,6.53,0.27
19553,"Yogurt, ewe's milk, flavoured, with sugar(s)",93.1,5.04,9.16,3.7,0.17
19554,"Yogurt, ewe's milk, plain, around 3% fat",66.5,5.61,3.48,3.01,0.13
19555,"Yogurt, ewe's milk, on a fruit layer, with sugar(s)",112,4.34,15.2,3.73,0.47
19556,"Yogurt, goat's milk, plain",74.4,4.28,2.53,4.9,0.25
19557,"Yogurt or fermented milk, on a fruit layer, with sugar(s)",97.6,4.08,14,2.77,0.3
19559,"Yogurt or fermented milk, flavoured, 0% fat, with sweetener(s)",54.4,5.09,7.73,0.06,0
19572,"Fresh cream cheese, petit-suisse type, chocolate flavoured, with sugar(s)",165,4.21,22.5,6.48,0.2
19574,"Yogurt or fermented milk, flavoured, 0% fat, with sweetener(s), fortified with vitamin D",52.3,4.58,7.75,0.39,0
19575,"Yogurt or fermented milk, flavoured, with sugar(s)",86.1,3.15,12.7,2.25,0.02
19577,"Yogurt or fermented milk, flavoured, with cream, with sugar(s)",123,2.98,13,6.59,0.01
19578,"Yogurt or fermented milk, flavoured, with sugar(s), fortified with vitamin D",71.4,3.16,11.7,1.06,0.07
19579,"Yogurt or fermented milk, with cereals",111,3.64,16,3.43,1
19580,"Yogurt or fermented milk, with chocolate flakes, with cream, with sugar(s)",126,3.62,14.9,5.52,0.2
19581,"Yogurt or fermented milk, with fruits, 0% fat, with sweetener(s)",45.1,4.38,5.66,0,0.7
19582,"Yogurt or fermented milk, with fruits, 0% fat, with sweetener(s), fortified with vitamin D",45.5,4.31,6,0,0.6
19584,"Mascarpone cheese, from cow's milk",369,6,3.1,37,0
19587,"Yogurt or fermented milk, with fruits, with sugar(s)",88.9,3.23,12.6,2.41,0.6
19589,"Yogurt or fermented milk, with fruits, with cream, with sugar(s)",113,2.73,13.4,5.1,0.14
19590,"Mozzarella cheese, from cow's milk",227,16.5,0.7,17.7,0
19591,"Mozzarella cheese, from buffala's milk",260,14.5,0.18,22.3,0.06
19592,"Yogurt or fermented milk, with fruits, with sugar(s), fortified with vitamin D",89.5,3.32,12.3,2.65,0.2
19593,"Yogurt or fermented milk, plain",50.1,3.83,4.26,1.68,0
19594,"Yogurt or fermented milk, plain, 0% fat",39.1,4.16,4.89,0,0.03
19596,"Yogurt or fermented milk, plain, 0% fat, fortified with vitamin D",38.5,4.58,4.86,0.19,0.12
19598,"Yogurt or fermented milk, plain, with cream",107,3.22,3.8,8.5,0
19599,"Yogurt or fermented milk, plain, with sugar(s)",81.7,2.92,10.7,2.81,0.03
19600,"Yoghurt or fermented milk, plain (average)",62.3,3.93,5.85,2.3,0.03
19624,"Yoghurtor fermented milk, plain or with fruits (average)",72.9,3.7,7.98,2.6,0.18
19628,"Yoghurt or fermented milk, with fruits (average)",91.2,3.29,11.7,3.12,0.43
19638,"Drained soft fresh cheese, with fruit sauce",93,3.57,8.5,5,
19639,"Drained soft fresh cheese, 0% fat",36.8,4.52,4.65,0.05,0.08
19641,"Drained soft fresh cheese, around 6% fat",83.6,4.47,3.36,5.5,0.21
19643,"Quark and whipped cream, on a fruit layer, with sugar(s)",145,4.59,16,7,0
19644,"Quark, plain, 0% fat",48.4,7.34,4.22,0,0.04
19645,"Quark, plain, 0% fat, fortified with vitamin D",49.6,7.57,4.76,0.1,0
19646,"Quark, plain, 2-3% fat",75.7,7.28,3.86,3.23,0.02
19648,"Quark, plain, 2-3% fat, fortified with vitamin D",75.5,6.3,4.87,3.12,0.03
19650,"Quark and whipped cream, plain",133,6.72,3.8,9.94,0
19654,"Quark or dairy specialty, with chocolate flakes, 7-8% fat, with sugar(s)",152,6.1,16.3,6.93,0.1
19656,"Quark or dairy specialty, with fruits, 0% fat, with sugar(s)",80.3,7.42,12.8,0,0
19657,"Quark or dairy specialty, with fruits, 2-3% fat, with sugar(s)",98.3,6.15,12,2.86,0.28
19659,"Quark or dairy specialty, with fruits, 7-8% fat, with sugar(s)",139,5.57,14.4,6.55,0.34
19660,"Quark or dairy specialty, on a fruit layer, 7-8% fat, with sugar(s)",129,4.13,12.8,6.91,0
19663,"Fresh cream cheese, petit-suisse type, plain, 0% fat",56.5,9.9,4.2,0.1,0
19664,"Fresh cream cheese, petit-suisse type, plain, around 4% fat",88,9.71,3.11,3.9,0
19665,"Fresh cream cheese mousse, on a fruit layer, 0% fat, with sweetener(s), fortified with calcium and vitamin D",56.2,6.48,6,0.45,1.35
19666,"Fresh cream cheese, petit-suisse type, plain, around 10% fat",137,9.19,2.61,9.89,0.78
19669,"Yoghurt, rich in protein, on a fruit layer, with sugar(s)",97.6,7.46,11.5,2.29,
19671,"Yogurt or fermented milk, with fruits or flavoured, 0% fat (average)",47.2,4.54,6.14,0.05,0.54
19672,"Yogurt or fermented milk, with fruits or flavoured, no reduced fat (average)",91.6,3.15,12.5,2.92,0.23
19673,"Custard dessert, reduced fat, refrigerated",78.2,3.66,12.6,1.1,1.5
19674,"Flan with eggs, refrigerated",113,4.23,17.7,2.74,0.38
19675,"Yogurt or fermented milk, with fruits or flavoured, with sweetener(s) (average)",47.2,4.54,6.14,0.05,0.54
19676,"Yogurt or fermented milk, with fruits or flavoured, with sugar(s) (average)",91.9,3.16,12.6,2.94,0.23
19677,"Yogurt or fermented milk, with fruits or flavoured, no reduced fat, with sugar(s) (average)",91.8,3.16,12.6,2.94,0.23
19678,"Renneted milk, flavoured, refrigerated",111,4.65,16,3.03,0.6
19679,"Milk jelly, flavoured, covered with caramel sauce, refrigerated",91.4,2.55,16.8,1.05,2.2
19680,"Milk jelly, flavoured, refrigerated",124,3.39,19.5,3.53,0.52
19681,"Custard (chocolate, coffee, caramel or vanilla) topped with whipped cream, refrigerated",139,3.09,16.1,6.48,2
19682,"Yogurt or fermented milk, with fruits or flavoured (average)",87.5,3.29,11.9,2.65,0.26
19684,"Egg custard, refrigerated",124,5.03,14.7,5.08,0
19685,"Panna cotta, with fruit preparation or caramel, refrigerated",192,2.69,15.9,12.1,1.44
19686,"Dairy specialty or milk-based desert, flavoured, reduced fat, with sugar(s) and sweetener(s), refrigerated",75.5,3.8,11.9,1.05,1.73
19688,"Rum baba, refrigerated",174,2.8,28.3,2.35,0.76
19691,"Quark or dairy specialty, with fruits, 0% fat, with sweetener(s), with sugar(s), fortified with vitamin D",53.7,6.53,6.45,0.1,0.7
19692,"Soy dessert, with fruits, with sugar(s), fortified with calcium, fermented, refrigerated",86.2,2.74,12.9,2.3,0
19693,"Soy dessert, plain, no added sugars, not fortified, fermented, refrigerated",44.7,3.76,2.05,1.9,0.8
19694,"Soy dessert, plain, no added sugars, fortified with calcium, fermented, refrigerated",42,3.59,1.1,2.1,0.6
19695,"Soy dessert, with fruits, with sugar(s), not fortified, fermented, refrigerated",78,3.31,11,1.7,1.1
19696,"Soy dessert, with almonds, with sugar(s), fortified with vitamins and minerals, refrigerated",56,3.65,2.85,2.8,0.6
19697,"Quark or dairy specialty, flavoured, 0% fat, with sweetener(s), with sugar(s), fortified with vitamin D",53.7,6.64,6.7,0.1,0
19698,"Tiramisu with coffee, refrigerated",242,4.25,30.2,9.8,1.2
19699,"Tiramisu with fruits, refrigerated",220,3.62,32.1,8.27,1.39
19705,"Quark or dairy specialty, flavoured, 0% fat, with sweetener(s), with sugar(s)",47.3,5.72,6,0.05,0.2
19707,"Quark or dairy specialty, on a fruit layer, 0% fat, with sweetener(s), with sugar(s), fortified with vitamin D",52.8,6.43,6,0.4,
19708,"Quark or dairy specialty, on a fruit layer, 0% fat, with sweetener(s), no added sugars, fortified with vitamin D",53,6.91,5.63,0.17,1.7
19709,"Quark or dairy specialty, flavoured, 0% fat, with sweetener(s), no added sugars",45.6,7.66,3.9,0,0
19711,"Quark, plain, 7-8% fat",116,5.55,5.87,7.63,0.05
19712,"Quark from ewe's milk, plain, around 5% fat",92.5,6.35,4.29,5.61,0
19713,"Quark from goat's milk, plain, around 7% fat",98.3,6.55,3.04,6.73,0
19714,"Quark or dairy specialty, flavoured, 0% fat, with sugar(s)",76.9,7.01,12.3,0.05,0
19715,"Quark or dairy specialty, flavoured, 2-3% fat, with sugar(s)",98.7,6.2,12.8,2.59,0
19716,"Quark, plain, 2-3% fat, with sugar(s)",101,7.66,10.9,3.09,0
19718,"Quark or dairy specialty, flavoured, 7-8% fat, with sugar(s)",131,5.29,12.8,6.57,0.1
19719,"Fresh cream cheese, petit-suisse type, with fruits, 2-3% fat, with sugar(s)",101,6.39,12.9,2.64,0.07
19720,"Fresh cream cheese, petit-suisse type, with fruits, 2-3% fat, with sugar(s), fortified with vitamin D",57.6,3.43,4.68,2.44,0.4
19721,"Fresh cream cheese, petit-suisse type, flavoured, 2-3% fat, with sugar(s)",92.7,5.96,12.3,2.23,0
19722,"Fresh cream cheese, petit-suisse type, flavoured, 2-3% fat, with sugar(s), fortified with vitamin D",90.2,4.89,12.2,2.48,0.04
19723,"Yogurt or fermented milk, plain, fortified with vitamin D",63.4,4.32,4.4,2.85,0.01
19724,"Yoghurt, rich in protein, plain",74.5,9.29,3.45,2.7,0
19725,"Quark or dairy specialty, on a fruit layer, 0% fat, with sugar(s)",78.6,8.08,11.5,0.09,0.13
19726,"Yogurt or fermented milk, plain, with sugar(s), fortified with vitamin D",85.4,3.09,10.9,3.02,0.02
19727,"Yogurt, goat's milk, with fruits, with sugar(s)",99.9,3.83,11.6,4.29,
19728,"Yogurt, goat's milk, on a fruit layer, with sugar(s)",107,3.85,13.2,4.38,
19733,"Yogurt or fermented milk, on a fruit layer, with cream, with sugar(s)",126,2.56,14.2,6.47,0.52
19801,"Fermented milk drink, plain, skimmed milk",36.2,3.33,3.87,0.54,0.05
19805,"Fermented milk drink, plain, whole milk",52.7,3.38,1.99,3.2,0
19852,"Chestnut mousse, refrigerated",207,2.17,34.4,6.5,1.1
19860,"Yogurt, Greek-style, plain",103,3.02,3.73,8.16,0.07
19862,"Yogurt, Greek-style, flavoured, with sugar(s)",134,2.39,14.2,7.49,0.15
19863,"Tzatziki, with yogurt, prepacked",138,6.19,3.8,10.9,
19864,"Tzatziki, with quark, prepacked",132,6.46,2.98,10.2,1.15
19865,Milk kefir,61.1,3.19,4.5,3.4,0
19882,"Yogurt, ewe's milk, plain, around 6% fat",98.9,5.42,3.98,6.77,0.49
19999,"Sweet pepper, green , yellow or red, cooked (average)",33,1.11,5.42,0.33,1.99
2000,"Pineapple juice, from concentrate",52.3,0.41,11.9,0.1,0.18
20000,"Artichoke, globe, cooked",33.2,2.53,0.99,0.28,8.3
20002,"Eggplant, cooked",27.1,0.83,4.17,0.23,2.5
20003,"Beetroot, cooked",41.5,1.44,7.13,0.4,2.5
20004,"Swiss chard, stalk without leaves, raw",12.8,1,1.63,0,1.8
20005,"Swiss chard, stalk without leaves, cooked",11.2,0.7,1.23,0,2.5
20007,"Carrot, canned, drained",21.8,0.7,3.29,0.19,1.88
20009,"Carrot, raw",30.2,0.78,5.16,0,2.9
20010,"Mushroom, all types, raw",24.3,2.42,2.25,0.34,1.63
20011,"Mushroom, all types, canned, drained",24.9,1.87,2.56,0.29,2.4
20012,"Curly endive, raw",26,1.7,2.13,0.3,4
20014,"Red cabbage, raw",26.4,1.13,4.33,0,2.8
20015,"Green cabbage, cooked",24.1,1.03,3.04,0.45,2.4
20016,"Cauliflower, raw",24.9,1.81,2.13,0.7,2.2
20017,"Cauliflower, boiled",20.9,1.6,1.6,0.46,2
20018,"Palm heart, canned, drained",41.5,2.51,5.5,0.56,2.2
20019,"Cucumber, flesh and skin, raw",16.8,0.65,2.87,0.11,0.5
2002,"Multifruit juice, pure juice, multivitamin",48.4,0.48,11.3,0.1,0.25
20020,"Courgette or zucchini, flesh and skin, raw",16.7,1.21,1.75,0.32,1
20021,"Courgette or zucchini, flesh and skin, cooked",15.5,0.93,1.4,0.36,1.5
20022,"Watercress, raw",15.5,2.3,1.11,0.1,0.5
20023,"Celery stalk, raw",15.4,0.63,2.41,0,2.2
20025,"Celeriac, cooked",36.5,1.3,4.6,0.86,2.6
20026,"Chicory, raw",16.6,1.19,2.83,0,1.1
20027,"Spinach, cooked",19.6,3.2,0.25,0.14,2.7
20028,"Fennel, raw",18.2,1,2.63,0,2.6
20029,"Mung bean, sprouted, canned, drained",22.4,1.48,2.57,0.15,1.8
20030,"French bean, cooked",29.4,2,3,0.17,4
20031,"Lettuce, raw",14.7,1.35,1.22,0.2,1.1
20033,"Turnip, cooked",25,0.9,3.8,0.2,2.2
20034,"Onion, raw",39,1.1,6.25,0.62,1.7
20035,"Onion, cooked",34.6,1.3,6.2,0.2,1.4
20036,"Garden peas, canned, drained",92.5,4.87,13.7,0.8,5.75
20037,"Garden peas, cooked",61.4,5.8,4.7,0.87,5.8
20038,"Dandelion, raw",48.5,2.7,6.1,0.7,3.5
20039,"Leek, raw",30.4,1.5,4.55,0.3,1.8
2004,Fruit juice (average),46.8,0.53,10.2,0.13,0.28
20041,"Sweet pepper, green, yellow or red, raw",22.6,0.8,3.5,0.27,1.5
20044,"Pumpkin, raw",20.1,1.05,3.5,0.1,0.5
20045,"Radish, raw",11,0.94,1.53,0,1.4
20046,"Salsify, cooked",67.7,2.73,12.3,0.17,3.1
20048,"Tomato, peeled, canned, drained",16.4,0.9,1.61,0.28,1.27
20049,"Corn, on the cob, cooked",106,3.41,18.6,1.5,2.4
20050,"Jerusalem artichoke, cooked",69.3,1.8,14.4,0.01,2.2
20051,"Mixed diced vegetables, canned, drained",40.4,2.32,5.59,0.28,3.16
20052,"Artichoke, globe, raw",45.4,3.27,4.84,0.15,5.4
20053,"Eggplant, raw",22.9,0.98,2.7,0.18,3
20054,"Cardoon, raw",13.7,0.7,1.7,0.1,1.6
20055,"Celeriac, raw",26.3,1.38,3.98,0,4.5
20056,"Button mushroom or cultivated mushroom, raw",21,2.11,1.83,0.36,1
20057,"Broccoli, raw",31.9,2.9,2.15,0.36,2.6
20058,"Brussels sprout, raw",43.9,3.38,4.59,0.3,3.8
20059,"Spinach, raw",33.3,2.68,3.06,0.39,2.6
2006,"Carrot juice, pure juice",29.4,0.4,6.55,0.1,0.33
20060,"Spinach, canned, drained",24.5,2.81,0.93,0.5,2.4
20061,"French bean, raw",31.9,1.83,4.14,0.22,2.7
20062,"French bean, canned, drained",23.2,1.34,2.07,0.32,3.36
20063,"Butter bean or yellow bean, canned, drained",23.2,1.2,3.25,0.2,1.78
20064,"Turnip, peeled, raw",25.6,0.9,4.39,0.1,1.8
20065,"Kohlrabi, raw",25.1,1.7,2.44,0.1,3.6
20066,"Corn, sweet, canned, drained",105,2.66,18.3,1.68,3.1
20067,"Artichoke, canned, drained",39.8,1.5,6.5,0.2,3
20068,"Tomato paste, concentrated, canned",99.2,4.4,17.1,0.53,4.2
20069,"Green cabbage, raw",24.4,1.43,2.74,0.14,2.55
2007,"Lemon juice, homemade",28.6,0.35,2.52,0.24,0.3
20070,"French bean, frozen, raw",33.1,1.79,4.76,0.21,2.6
20071,"French bean, frozen, cooked",33.7,1.49,5.1,0.17,3
20072,"Garden peas, raw",81.2,5.42,11.4,0.4,5.1
20074,"Artichoke, globe, steamed",46.4,2.63,3.24,0,10.9
20076,"Asparagus, canned, drained",20.3,1.57,1.2,0.65,1.55
20077,"Brussels sprout, canned, drained",37.8,2.5,4.1,0.53,3.3
20078,"Celery stalk, canned, drained",13.1,0.63,1.38,0.15,2
20079,"Button mushroom or cultivated mushroom, canned, drained",18.3,2,0.64,0.37,2.5
2008,"Cocktail, alcohol-free (juices and syrup-based cocktail)",46,0.42,10.9,0,0.36
20081,"Salsify, canned, drained",29.2,1.33,4.33,0.17,2.5
20082,"Cauliflower, frozen, raw",25.1,2.01,2.5,0.27,2.3
20083,"Spinach, frozen, raw",28,3.32,1,0.54,2.95
20084,"Garden peas, frozen, raw",77.9,5.86,9.5,0.4,6.45
20085,"Sweet pepper, green, raw",22.5,0.81,3.43,0,3.2
20086,"Sweet pepper, green, cooked",17.3,0.92,2.36,0.2,1.2
20087,"Sweet pepper, red, raw",33.6,1.06,5.98,0,3.2
20088,"Sweet pepper, red, cooked",37.9,1.17,6.41,0.35,2.2
20089,"Radish, black, raw",28.2,0.94,5.52,0,1.2
2009,"Multifruit nectar, apple base, standard",41.1,0.28,10,0,0
20090,"Escaroles, raw",20.5,1.44,2,0.23,2.3
20091,"Beetroot, raw",40.2,1.61,6.34,0.17,2.8
20092,"Carrot, dehydrated",317,8.1,56,1.49,23.6
20093,"Garden peas and carrots, canned, drained",53.8,2.52,8.58,0.37,3.08
20094,"Kohlrabi, boiled/cooked in water",28,1.8,4.4,0.11,1.1
20095,"Red cabbage, boiled/cooked in water",25.3,1.51,3.32,0.09,2.6
20096,"Pumpkin, cooked",26.1,0.81,4.47,0.07,2
20097,"Shallot, raw",61.7,1.81,12.2,0,2.6
20099,"Lamb's lettuce, raw",15,2,0.5,0,2.3
2010,"Multifruit nectar, apple base, multivitamin",36.4,0.05,9.1,0,0
20101,"Mixed vegetables, frozen, raw",65.1,2.26,5.71,2.65,4.7
20102,"Button mushroom or cultivated mushroom, boiled/cooked in water",28.7,2.17,3,0.47,2.2
20103,"Chanterelle or girolle mushroom, raw",24.7,1.49,1.77,0.53,3.8
20105,"Morel, raw",23.5,3.12,0.1,0.57,2.8
20108,"Corn, on the cob, frozen, raw",97.4,3.36,17,1.19,2.65
2011,"Multifruit juice, orange base, multivitamin",45.5,0.25,11.3,0,0
20111,"Sorrel, raw",23.4,1.89,1.6,0.65,1.8
20114,"Oyster mushroom, raw",26.8,3.31,1.5,0.41,2.3
20116,"White cabbage, raw",35.2,1.38,4.63,0.6,3.5
20118,"Fennel, boiled/cooked in water",11.7,1.13,0.8,0,2
20119,"Tomato, green, raw",24.8,1.2,4,0.2,1.1
2012,"Orange juice, from concentrate",45.6,0.63,9.59,0.13,0.25
20123,"Lettuce, var. batavia, raw",14.9,1.25,1.78,0,2.1
20124,"Garden peas, frozen, cooked",65.8,5.15,7.95,0.27,5.5
20125,"Button mushroom or cultivated mushroom, sautéed/pan-fried, without added fat",38.4,4.44,4.53,0.6,0.9
20128,"Pumpkin (cucurbita moschata), flesh without skin, raw",23.5,0.55,4.6,0.1,1
2013,"Orange juice, fresh",44.8,0.7,9.19,0.2,0.2
20132,"Red kuri squash, flesh without skin, raw",22.1,0.95,3.1,0.28,1.7
20134,"Sweet green hokkaido squash, flesh without skin, raw",56.1,1.4,9.98,0.6,2.6
20135,"Leeks fondue or slow-simmered leeks, prepacked",58.4,1.1,,5.2,3.6
20136,"Squash, melonnette jaspée from Vendée, flesh without skin, raw",30.8,0.75,5.98,0.13,1.35
20137,"Tomato, peeled, canned, in juice, solids and liquids",21.8,0.79,3.15,0.25,1.9
20138,"Squash, butternut, flesh without skin, raw",30.5,1,5.4,0.1,2
20139,"Squash, all types, raw",14.4,0.95,1.6,0.13,1.5
2014,"Apple juice, from concentrate",48.5,0.24,11.3,0.1,0.3
20141,"Squash, butternut, flesh without skin, boiled",28.2,0.69,4.56,0.2,2.4
20143,"Squash, spaghetti, flesh without skin, cooked",28,0.66,5.06,0.26,1.4
20145,"Squash, spaghetti, flesh without skin, raw",32.3,0.64,5.41,0.57,1.5
2015,"Grapefruit juice, from concentrate",40.9,0.52,8.41,0.1,0.21
20151,"Chili pepper, raw",37.4,1.87,5.75,0.44,1.5
20155,"Artichoke, globe, heart, canned, drained",24.2,1.8,2.31,0,3.2
20156,"Artichoke, globe, base, canned, drained",23.4,1.2,3.02,0,2.6
20158,"New Zealand spinach, cooked",13.5,1.3,1,0.17,1.4
2016,"Grape juice, pure juice",69.2,0.25,16.3,0.06,0.14
20160,"Cep or boletus mushroom, raw",28.8,3.23,2,0.49,2.12
20162,"Red endive, raw",18.9,1.4,1.6,0.1,3
20163,"Green endive, raw",16.1,1.9,0.5,0.5,1
20165,"Rutabaga or Swede, cooked",26,0.93,4.26,0.18,1.8
20166,"Pumpkin, flesh without skin, raw",29.7,1,5.79,0.1,0.5
20167,"Chinese cabbage (nappa cabbage), raw",16.4,1.25,2.1,0.2,0.73
20168,"Sweet pepper, yellow, raw",29.4,0.94,4.73,0.3,1.2
20169,"Tomato flesh without skin, canned",22.6,1.2,3.63,0,1.8
2017,"Pomegranate juice, pure juice",54,0.15,12.7,0.29,0.1
20170,"Tomato puree, canned",47.6,1.5,8.42,0.2,1.6
20171,"Cos or romaine lettuce, raw",17.2,1.23,1.35,0.3,2.1
20172,"Tomato, cherry, raw",31.8,1.31,5.62,0,1.2
20173,"Snow pea, raw",43,2.8,6.2,0.2,2.6
2018,Prune juice,77.4,0.37,18.7,0.04,0.45
20180,"Onion, dried",355,8.95,74.1,0.46,9.2
20181,"Parsnip, raw",67.9,1.2,12.6,0.3,4.9
20183,"Mung bean, sprouted, raw",28.3,2.57,3.4,0,1.7
20188,"Bamboo shoots, canned, drained",19.3,1.63,1.9,0.31,1.2
2019,"Grape juice, from concentrate",67.1,0.31,16,0.11,0.15
20192,"Tomato, beef heart, raw",17.4,0.5,3.4,0,0.9
20194,"Haricot beans with tomato sauce, canned",80.5,4.83,11.7,0.5,5
20195,"Butter bean or yellow bean, raw",37.6,1.82,5.6,0.12,3.4
20196,"Jerusalem artichoke, raw",74.7,2,15.8,0.01,1.6
20197,"Salsify, black, raw",83,3.13,15.3,0.3,3.3
20198,"Bamboo shoots, raw",29.1,2.6,2.57,0.3,2.2
20199,"Garden cress, raw",23.8,2.6,1.22,0.7,1.1
20200,"Iceberg lettuce, raw",17.3,0.95,2.5,0.14,1.1
20201,"Rutabaga or Swede, raw",33.2,1.08,5.7,0.16,2.3
20203,"Butter bean or yellow bean, frozen, raw",33.1,1.8,4.59,0.21,2.8
20204,"Broccoli, frozen, raw",26.4,2.78,1.5,0.42,2.75
20206,"Brussels sprout, frozen, raw",45.2,3.78,4.69,0.41,3.8
20208,"Carrot, frozen, raw",33.6,0.78,4.95,0.46,3.3
20210,"Cucumber, flesh without skin, raw",11.1,0.56,2.23,0,0.8
20211,"Shiitake mushroom, dried",316,9.58,63.9,0.99,11.5
20212,"Shiitake mushroom, cooked",60.9,1.56,12.3,0.22,2.1
20214,"Garden peas and carrots, frozen, raw",53,3.4,7.1,0.47,3.4
20216,"Snow pea, boiled/cooked in water",30.9,2.25,3.39,0.3,2.8
20217,"Roman rocket, raw",27.9,2.58,2.1,0.66,1.6
20218,"Curly kale, raw",49.5,4.28,4.2,0.93,3.6
20219,"Curly kale, cooked",29.7,1.9,3.63,0.4,2
2022,Strawberry nectar,47.5,0.3,11.3,0.1,0.1
20221,"Chinese cabbage (nappa cabbage), sautéed/pan-fried, without added fat",18.9,1.06,2.77,0,1.6
20228,"Button mushroom or cultivated mushroom, frozen, raw",16.1,1.87,0.93,0.2,1.97
2023,"Mango juice, fresh",38.8,0.19,9.5,0,0
20230,"Courgette or zucchini, flesh and skin, frozen, raw",16.5,1.08,2,0.13,1.48
20231,"Chinese or Japanese artichokes, frozen, raw",51.8,7.38,5.51,0.03,0
20232,"Artichoke globe, base, frozen, raw",54.5,1.89,7.02,0.42,7.54
20233,"Corn, frozen, raw",105,3.28,19.8,0.78,2.8
20234,"Turnip, frozen, raw",20.4,1.04,2.8,0.16,1.8
20235,"Onion, frozen, raw",30.3,0.89,5.22,0.06,2.65
20236,"Leek, frozen, raw",26.6,1.48,3.37,0.26,2.55
20237,"Salsify, frozen, raw",41.1,2.34,4.68,0.16,5.8
20238,"Red onion, raw",35,1.31,5.63,0.4,2.5
20239,"Yellow onion, raw",35.9,1.19,6.39,0,2.6
2024,"Passion fruit juice, fresh",61.7,0.67,14.3,0.18,0.2
20240,"Piperade, Basque-style (fondue of sweet peppers and tomatoes with onions and garlic), prepacked",67.8,1.1,5.38,3.8,3.4
20241,"Cardoon, cooked",22,0.76,3.63,0.11,1.7
20242,"Tomato, flesh and skin, boiled/cooked in water",17.4,0.95,2.8,0.11,0.7
20243,"Snow pea, cooked",47.3,3.5,5.92,0.38,3.1
20246,"Baby food jar with vegetables, from 4-6 months",24,0.9,3.8,0,2.6
20247,"Baby food jar with vegetables and starchy food, from 4-6 months",41.7,1.3,6.45,0.8,1.75
20248,"Baby meal, vegetables and starchy food, from 6-8 months",42.9,1.2,6.9,0.7,2.1
20249,"Baby meal, vegetable with milk/cream and starchy food, from 6-8 months",70.2,2.38,9.12,2.3,1.5
2025,"Grapefruit juice, fresh",43.7,0.5,9.1,0.1,0.1
20250,"Baby meal, vegetable with milk/cream and starchy food, from 8-12 months",77.5,2.1,8.1,3.5,2.6
20251,"Baby meal, vegetable with milk/cream and starchy food, from 12 months",71.6,2.88,8.53,2.3,2.4
20252,"Baby soup, with vegetables and potatoes",38.1,1,5.88,0.91,1.4
20253,"Baby soup, with vegetables, cereals and milk",59.5,1.5,7.19,2.5,0.9
20254,"Baby meal, vegetable with milk/cream and starchy food, from 18 months",70.3,2.56,8.59,2.4,1.4
20255,"Shallot, cooked",69.3,2.13,13.5,0,3.4
20257,"French bean, puree",56.3,1.7,4.2,2.9,3.3
20258,"Vegetables (3-4 types), mashed",61.2,1.94,4.25,3.4,3.3
20259,"Broccoli, puree",29,2.5,2.75,0.38,2.39
2026,"Tomato juice, pure juice, 3 g salt/L",23.2,0.88,4.13,0.17,0.23
20260,"Tomato coulis, canned (tomato puree semi-reduced 11%)",45.5,2.05,7.57,0.2,2.6
20261,"Carrots, puree",30.1,0.88,5.06,0,3.1
20262,"Vegetables, pan-fried without mushrooms, seasonned, frozen, raw",50.4,2.6,5,1.5,3.6
20263,"Mixed vegetables for soups, frozen, raw",33.9,1.33,5.83,0,2.67
20264,"Courgette or zucchini, puree",57.3,2.8,6.5,1.9,1.5
20265,"Thinly-shredded or diced vegetables, frozen, raw",27.9,1.19,4.08,0.25,2.28
20266,"Mixed vegetables for ratatouille, frozen",21,1.01,3.23,0.09,1.67
20267,"Spring vegetables, frozen, raw (green peas, potatoes, green beans, carrots, onions)",51.3,2.4,8.48,0.08,3.62
20268,"Tomato paste, double concentrate, canned",99.5,3.75,19.3,0.47,1.5
20269,"Flat bean, raw",32.4,1.93,4.47,0.12,2.97
2027,"Grapefruit juice, pure juice",42.5,0.49,8.89,0.08,0.15
20270,"Spinach, young leaves for salad, raw",17,2.06,0,0.4,2.4
20271,"Mixed diced vegetables, pre-cooked, to be recooked, frozen",62.4,4,7.5,0.5,6
20272,"Mesclun or salads, mix of baby leaves",22,2,2.5,0,2
20273,"Vegetables, pan-fried or stir-fried, seasonned, Asian-style, frozen, raw",73.5,1.75,4,5,2.75
20274,"Vegetables, pan-fried or stir-fried, seasonned, Mediterranean-style, frozen, raw",48,1.61,4.33,1.77,4.14
20275,"Sweet pepper, red, canned, drained",26.3,0.96,4.5,0.2,1.35
20276,"Tomato, round, raw",17.5,0.5,3.42,0,1
20277,"Asparagus, white, boiled/cooked in water",17.3,1.44,1.63,0.3,1.3
20278,"Celeriac, puree",26.2,1.37,2.83,0.18,4.01
20279,"Asparagus, green, raw",24.7,2.46,2.03,0.27,2.15
2028,"Lemon juice, pure juice",29.4,0.4,6.1,0.29,0.4
20280,"Romanesco cauliflower or romanesco broccoli, raw",29.7,2.95,2.2,0.3,3.2
20282,"Asparagus, white or purple, peeled, raw",21,2.2,1.62,0.12,2.1
20283,"Glasswort (Salicornia sp.), fresh, raw",13.1,1.02,0.98,0.17,1.79
20284,"Garden peas, puree",86,4.8,8,2.8,4.8
20288,"Lettuce, sucrine, raw",16.6,1.13,2.58,0,0.8
20289,"Tomato, flesh and skin, roasted/baked",24,1,3.53,0.4,1.9
20290,"Romanesco cauliflower or romanesco broccoli, cooked",34.5,3,2.03,0.8,4.3
20291,"Red kuri squash, flesh without skin, braised",44.2,1.31,7.05,0.5,3.3
20292,"Pumpkin (cucurbita moschata), flesh without skin, cooked",28.9,1.06,5.24,0,1.8
20293,"Coco bean, boiled/cooked in water",130,9.63,13.7,0.5,15.8
20295,"Lettuce, oak-leaf, raw",10.7,1.13,1.03,0,1.8
20296,"Chinese cabbageor bok choï bredes, rods and leafs, steamed, from the island La Réunion (Brassica rapa subsp. Chinensis)",16.4,1.69,1.7,0,1.3
20297,"Chayote, without skin, pitted, steamed, sampled in the island La Réunion (Sechium edule)",20.9,0.63,3.5,0,1.4
20298,"Carrots, , seasoned puree with cream, prepacked",43.7,1.44,4.57,1.6,3
20299,"Asparagus, green, boiled/cooked in water",25.3,2.69,1.73,0.3,2.2
2030,"Lime juice, fresh",9.87,0.42,1.69,0.07,0.4
20300,"Eggplant, flesh and skin, roasted/baked",31.1,1.31,3.83,0,1.9
20301,"Swiss chard, leaf and stalk, boiled/cooked in water",15.6,0.88,1.43,0.3,2.5
20302,"Broccoli, boiled/cooked in water, crunchy",22.2,2.5,1.23,0.4,2.6
20303,"Broccoli, boiled/cooked in water, tender",21.8,2.19,1.03,0.5,3
20304,"Broccoli, steamed",38,4.13,2.53,0.7,2.2
20305,"Carrot, boiled/cooked in water, crunchy",33.1,0.75,6.33,0,3.2
20306,"Carrot, boiled/cooked in water, tender",29.6,0.25,5.73,0,3.3
20307,"Carrot, steamed",40.3,0.63,7.33,0.3,3.7
20308,"White cabbage, boiled/cooked in water",20.8,1,3.23,0,2.7
20309,"Brussels sprout, boiled/cooked in water",44.4,3.19,5.4,0,4.8
2031,"Lime juice, pure juice",25.7,0.25,1.69,0.23,0.45
20310,"Red cabbage, braised",33.9,1.19,5.7,0,3
20311,"Green cabbage, boiled/cooked in water",19,1.63,1.83,0,3.3
20312,"Cauliflower, steamed",30.5,2.56,3.41,0.3,1.8
20313,"Courgette or zucchini, flesh and skin, roasted/baked",20.3,1.5,3.13,0,1.7
20314,"Celery stalk, braised",14.7,0.75,2.48,0,1.5
20315,"Celeriac, boiled/cooked in water",26.2,0.94,4.32,0.3,2.6
20316,"Chicory, roasted/baked",22,1.13,4.38,0,0
20317,"Fennel, braised",11.8,0.25,1.94,0,1.8
20318,"Butter bean or yellow bean, boiled/cooked in water",35,2.19,4.45,0.3,2.7
2032,"Tomato juice, pure juice, 6 g salt/L",20.1,0.88,3.32,0.11,0.56
20320,"French bean, boiled/cooked in water",27,1.75,3.39,0,3.2
20321,"Turnip, boiled/cooked in water",18.4,0.75,3.23,0,2.1
20322,"Onion, white or yellow, sautéed/pan-fried, without added fat",39.2,1.56,6.73,0,2.8
20323,"Spring onion, sautéed/pan-fried, without added fat",28,1.13,3.56,0.3,3.1
20324,"Onion, red, sautéed/pan-fried, without added fat",41.5,1.69,7.55,0,2.1
20325,"Parsnip, braised",91.2,1.94,16.6,0.5,5.6
20326,"Garden peas, boiled/cooked in water",80.7,6.38,9.93,0.6,4.8
20327,"Leek, boiled/cooked in water",24.7,2.56,2.23,0,3.4
20328,"Sweet pepper, yellow, sautéed/pan-fried, without added fat",34.5,1,5.33,0.6,2.2
20329,"Sweet pepper, red, sautéed/pan-fried, without added fat",33,0.94,6.53,0,2
2033,"Multifruit juice, juice and fruit puree",49.1,0.46,11.5,0.11,0.21
20330,"Sweet pepper, green, sautéed/pan-fried, without added fat",27.3,1.25,3.53,0.3,3
20331,"Red kuri squash, flesh without skin, boiled/cooked in water",38.6,1.06,6.88,0.3,1.8
20332,"Pumpkin, roasted/baked",28.2,0.25,5.66,0,2
20333,"Salsify, boiled/cooked in water",56.9,2.63,9.29,0,4.5
20335,"Shallot, sautéed/pan-fried, without added fat",67.3,2,12.3,0.4,2.9
20336,"Spinach, boiled/cooked in water",26.8,3.38,0,0.7,3.5
20337,"Plant-based sausage with tofu (vegan), prepacked",228,13.4,5.69,16.3,0
20338,"Plant-based sausage with tofu (not vegan), prepacked",133,11,4.97,7.2,0
20339,"Chinese cabbage, pak choï ou pak choy, cooked",12.8,1.56,0.78,0.16,1
2034,"Mandarin or clementine juice, pure juice",46.7,0.66,10.4,0.14,0.15
20340,"Chinese cabbage, pak choï ou pak choy, raw",14.6,1.5,1.2,0.2,1
20346,"Kale, raw",34.6,2.92,0.32,1.49,4.1
20349,"Asparagus, boiled/cooked in water (average)",20.7,1.97,1.67,0.3,1.69
2035,"Multifruit juice, pure juice, standard",46.5,0.25,11.2,0,0
20350,"Broccoli, boiled/cooked in water (average)",21.8,2.19,1.03,0.5,3
20351,"Broccoli, cooked (average)",30,3.17,1.79,0.6,2.59
20352,"Carrot, boiled/cooked in water (average)",29.6,0.25,5.73,0,3.3
20353,"Carrot, cooked (average)",33,0.37,6.24,0.2,3.43
20354,"Celery stalk, cooked (average)",13.1,0.63,1.38,0.15,2
20355,"Red cabbage, cooked (average)",31.8,1.26,5.13,0.14,2.9
20356,"Fennel, cooked (average)",11.8,0.36,1.8,0,1.83
20357,"Red kuri squash, flesh without skin, cooked (average)",38.6,1.06,6.88,0.3,1.8
20358,"Tomato, flesh and skin, cooked (average)",19.8,0.97,3.06,0.21,1.13
20359,"Lentil, dried (average)",327,25.1,44.5,1.8,16.3
2036,"Multifruit juice, grape base, standard",54.6,0.5,13,0,0.3
20360,"Lentil, boiled/cooked in water (average)",125,10.1,16.2,0.57,8.45
2038,"Multifruit juice, orange base, standard",46.8,0.7,10.4,0.16,0.44
20385,"Tomato, raw (average)",19.2,0.6,3.69,0,1.02
2039,"Pomegranate juice, fresh",47.2,0.2,11.6,0,0
2040,"Acerola juice, fresh",22.9,0.4,4.5,0.3,0.3
2043,Apricot nectar,58.6,0.21,13.7,0.03,0.08
2045,Papaya nectar,58.9,0.17,13.9,0.15,0.6
2048,"Multifruit juice, apple base, standard",49.9,0.33,12.2,0,0
20496,"Mixed vegetables for couscous, frozen, raw",44.3,1.93,6.47,0.63,2.53
20497,"Mixed vegetables for couscous, cooked",29.6,1.58,3.87,0.42,2.33
20498,"Vegetables with mushrooms, pan-fried or stir-fried, seasonned, country-style, frozen",31.5,1.5,4,0.5,2.5
20499,"Vegetable, cooked (average)",28.7,1.68,3.67,0.3,2.6
2050,"Multifruit juice, apple base, multivitamin",41.9,0.33,10.1,0,0
20500,"Broad bean, boiled/cooked in water",83.3,8.06,9.35,0.8,3.1
20501,"Haricot bean, dried",307,23.4,43.9,0.85,15.2
20502,"Haricot bean, boiled/cooked in water",112,6.75,12,1.1,13.8
20503,"Red kidney bean, boiled/cooked in water",116,9.63,12.3,0.6,11.6
20506,"Split pea, boiled/cooked in water",129,8.6,16.3,1.49,7.95
20507,"Chick pea, boiled/cooked in water",148,8.31,17.7,3,8.2
20508,"Flageolet bean, canned, drained",92.9,6.1,12.2,0.79,6.3
20510,"Lentil, seasoned, canned, drained",90.4,6.83,12.3,0.64,4
20511,"Haricot bean, canned, drained",85.5,5.88,10.9,0.5,7
20513,"Flageolet bean, boiled/cooked in water",112,6.75,12,1.1,13.8
20515,"Split pea, dried",347,23.8,47.5,1.16,25.5
20516,"Chick pea, dried",350,20.5,47.5,6.04,12.2
20517,"Broad bean, to shell, fresh, raw",61.5,6.76,4.2,0.67,5.85
20518,"Broad bean, dried",301,26.1,33.3,1.53,25
2052,"Fruit and vegetable juice, pure juice",42.8,0.85,9.5,0,0.7
20521,"Lentils seeds, sprouted, fresh, raw",123,8.96,19,0.55,3.1
20524,"Red kidney bean, canned, drained",108,8.31,13,0.97,7
20525,"Red kidney bean, dried",314,22.5,46.1,1.06,15.2
20527,"Pigeon-pea, immature, fresh, raw",129,7.2,18.8,1.64,5.1
20529,"Lima bean, raw",105,6.84,15.3,0.86,4.9
2053,"Tomato juice, pure juice (average)",21.7,0.88,3.73,0.14,0.4
20530,"Beans, mung, mature, seeds, dried",343,25.2,47.6,1.64,18.3
20531,"Mung bean, fresh, boiled/cooked in water",95.7,7.54,11.9,0.55,6.4
20532,"Chick pea, canned, drained",122,6.74,15,2.68,5.45
20534,"Lupin, seed, dried",356,36.2,21.5,9.74,18.9
20535,"Lentil, pink or red, dried",328,27.7,44.9,0.8,15.4
20537,"flageolet bean, fresh, frozen, raw",153,9.32,25.6,0.52,4.4
20539,"Flageolet bean, green, dried",315,19.1,42.1,2.6,23.4
2054,Pear nectar,62.5,0.19,14.8,0.04,0.45
20540,"Flageolet bean, green, boiled/cooked in water",115,8.5,13,0.91,10.2
20541,"Broad bean, peeled, fresh, frozen, raw",99.3,9.55,12.2,0.26,5.05
20542,"Broad bean, peeled, fresh, frozen, boiled/cooked in water",71.9,6.4,9,0.5,2.9
20543,"Broad bean, fresh, frozen, boiled/cooked in water",63.6,5.6,7.4,0,5.8
20584,"Tomato, bunch, raw",19.8,0.5,3.67,0,1.5
20585,"Lentil, green, dried",327,25.1,44.5,1.8,16.4
20586,"Lentil, blond, dried",339,26.1,48.3,1.9,12.1
20587,"Lentil, green, boiled/cooked in water",125,10.1,16.2,0.58,8.45
20588,"Lentil, blond, boiled/cooked in water",122,9.7,16.3,0.7,6
20589,"Lentil, pink or red, boiled/cooked in water",123,10.6,15,0.5,8.2
20590,"Chinese or Japanese artichokes, cooked",49,2.13,9.11,0,1.9
20591,"Soy protein, textured, rehydrated",150,18.6,7.03,2.9,5.61
2060,"Multifruit nectar, multivitamin",47.2,0.24,11.3,0.1,0.15
2061,"Multifruit nectar, standard",49.7,0.3,11.5,0.09,0.3
2062,"Multifruit nectar, orange base, multivitamin",42.6,0.4,10.3,0,0
2063,"Multifruit nectar, orange base, standard",50.2,0.25,11.9,0.1,0.33
2064,"Fruit nectar, with sweetener(s), reduced sugar",23.2,0.17,5.49,0.04,0.11
2069,"Multifruit juice, from concentrate, standard",49.6,0.52,11.2,0.15,0.62
2070,"Orange juice, pure juice",45.4,0.61,9.61,0.11,0.28
20700,"Legume, cooked (average)",113,8.22,13.8,0.78,9.52
2071,"Multifruit juice, from concentrate, multivitamin",45.5,0.29,10.8,0.09,0.27
2072,"Fruit juice, pure juice (average)",46.6,0.51,10.2,0.11,0.26
2073,"Pineapple juice, pure juice",52.9,0.41,12.1,0.07,0.22
2074,"Apple juice, pure juice",48.9,0.17,11.4,0.14,0.23
2075,"Vegetable juice, pure juice (average)",24.3,0.72,4.69,0.13,0.37
2076,Apple nectar,44.9,0.14,10.9,0.07,0.1
2077,"Fruit juice, from concentrate (average)",47.6,0.55,10.4,0.13,0.36
20823,"Yam cousse-couche, pulp, steamed, sampled in the island of La Martinique",88.9,1.65,17.9,0.3,3.9
20824,"Yam yellow, pulp, steamed, sampled in the island of La Martinique",127,2.04,27.6,0.37,2.67
20825,"Yam St Martin, pulp, steamed, sampled in the island of La Martinique",93.3,2.25,18.4,0.3,3.9
20832,"Sweet potatoes, pulp, steamed, sampled in the island of La Martinique",126,1.48,25.2,0.07,9.2
20901,"Soybean, seed, whole",441,36.5,20.9,19.9,9.3
20903,Soy protein,402,80.5,1.76,3.39,5.6
20904,"Tofu, plain, prepacked",147,13.4,2.87,8.5,0
20906,"Tofu, silky, prepacked",54.3,4.57,1.53,2.9,0.6
20911,"Soy dessert, flavoured, with sugar(s), fortified with calcium, refrigerated",95,3.25,15.3,1.9,1.1
20912,"Tofu, smoked, prepacked",164,14.9,2.91,9.5,0
20914,Plant-based burger or steak from soybean,252,15.5,8.5,14.7,8.8
20915,"Soya flour, wholegrain",457,34.5,25.7,20.7,9.6
20916,Miso,188,11.7,18.1,6.01,5.4
20917,Tempeh,157,16.1,7.89,4.7,6.2
20918,Syrup for canned fruits,73,0.25,17.7,0,0
20919,Light syrup for canned fruits,58.9,0.34,14.3,0,0
20921,"Soy dessert, flavoured, with sugar(s), not fortified, refrigerated",93.1,2.74,16,1.7,0.8
20922,"Plant-based dessert (almond, oat, hemp, coconut, rice), flavoured, with sugar(s), not fortified, refrigerated",148,1.66,15.8,8,2.1
20923,"Plant-based dessert (coconut, rice), with fruits, with sugar(s), fortified with calcium, fermented, refrigerated",75.1,0.21,16,1,0
20924,Light syrup for canned pears,57.9,0.25,14.6,0,0
20925,"Soy dessert, flavoured, with sugar(s), fortified with calcium and vitamin D, refrigerated",95.6,2.96,15.3,2.05,1.45
20926,"Soy dessert, with fruits, with sugar(s), fortified with calcium and vitamin D, fermented, refrigerated",85.1,2.76,13.8,1.68,1.31
20927,"Plant-based dessert (almond, oat, hemp, coconut, rice), plain, no added sugars, not fortified, refrigerated",150,1.2,6.7,13,
20928,"Plant-based dessert without soy, refrigerated (average)",148,1.66,15.8,8,2.1
20929,"Soy dessert, refrigerated (average)",67.2,3.38,8.19,1.8,0.93
20982,"Seaweed, Spirulina (spirulina sp.), fresh, raw",36.1,5.92,2.02,0.39,0.4
20983,"Seaweed, Sea fennel, fresh, raw",39.4,2.57,3.43,0.66,4.72
20985,"Sea lettuce (Ulva sp.), dried or dehydrated",203,15.7,13.8,1.95,33.5
20986,"Sea belt (Saccharina latissima), dried or dehydrated",205,9.94,23.1,1.39,30.2
20987,"Laver (Porphyra sp.), dried or dehydrated",257,30.2,11.7,1.77,36.8
20988,"Dulse (Palmaria palmata), dried or dehydrated",221,16.9,20.8,1.35,29.2
20990,"Kombu or Japanese kelp (Saccharina japonica), dried or dehydrated",222,7.89,24.9,2.56,34.1
20991,"Tangle (Laminaria digitata), dried or dehydrated",211,8.89,22.9,1.01,37.3
20992,"Sea thong (Himanthalia elongata), dried or dehydrated",227,9.9,26.4,2.28,30.8
20993,"Gracilaria seaweeds (Gracilaria sp.), dried or dehydrated",232,17.8,23.4,1.75,25.4
20994,"Toothed wrack or bladder wrack (Fucus serratus et vesiculosus), dried or dehydrated",194,9.11,12.4,1.71,46.3
20995,"Gut weed (Ulva sp.), dried or dehydrated",225,13.6,19.5,2.5,35.1
20996,"Carragheen mosses (Chondrus crispus), dried or dehydrated",215,16.7,15,1.95,35.5
20998,"North Atlantic rockweed (Ascophyllum nodosum), dried or dehydrated",206,7.4,16.3,2.7,43.6
20999,"Atlantic wakame (Alaria esculenta), dried or dehydrated",201,12.2,13.3,1.5,42.9
21001,"Mutton, meat, raw",137,20.6,0,6.11,0
21003,"Mutton, shoulder, raw",228,17.3,0.1,17.6,0
21004,"Sheep, foot, raw",204,18.1,0,14.6,0
21005,"Sheep, head, raw",204,18.1,0,14.6,0
21006,"Mutton, leg, raw",225,18,0,17,0
21500,"Lamb, cutlet, raw",333,15.4,0,30.1,0
21501,"Lamb cutlet, grilled/pan-fried",240,25.7,0,15.2,0
21502,"Lamb, leg, raw",128,20,0.48,5.13,0
21503,"Lamb, leg, roasted/baked",169,26.8,0,6.85,0
21504,"Lamb, shoulder, raw",170,18.3,0.45,10.6,0
21505,"Lamb, shoulder, lean, raw",139,19.6,0,6.76,0
21506,"Lamb, shoulder, roasted/baked",252,30.5,0,14.5,0
21507,"Lamb, shoulder, lean, roasted/baked",197,24.9,0,10.8,0
21508,"Lamb, neck, braised or boiled",365,33.6,0,25.6,0
21509,"Lamb, chop fillet, grilled/pan-fried",157,26.3,0,5.78,0
21512,"Lamb, rib chop, grilled/pan-fried",185,26.1,0,9.01,0
21513,"Lamb, saddle, lean, roasted/baked",153,26.1,0,5.45,0
21514,"Lamb, neck, raw",195,18,0,13.7,0
21515,"Lamb, saddle, raw",236,17.5,0,18.4,0
21516,"Lamb, chop fillet, raw",232,17.6,0,18,0
21517,"Lamb, rib chop, raw",276,16.9,0,23.1,0
21518,"Lamb, leg, grilled/pan-fried",174,27.6,0,7.08,0
21519,"Lamb, leg, braised",222,35.2,0,9.03,0
21520,"Lamb, saddle, lean, grilled/pan-fried",153,26.1,0,5.45,0
21521,"Lamb, chop, raw (average)",262,16.6,0.35,21.5,0
21522,"Lamb, chop, cooked (average)",157,26.3,0,5.78,0
21523,"Lamb, meat, cooked (average)",193,28.5,0,8.78,0
21524,"Lamb, chop, grilled/pan-fried (average)",157,26.3,0,5.78,0
21525,"Lamb, spare rib, raw",205,16.3,1.38,15,0
21800,"Kid meat, raw",103,20.6,0,2.31,0
21801,"Kid meat, cooked",136,27.1,0,3.03,0
22000,"Egg, raw",140,12.8,0.06,9.83,0
22001,"Egg white, raw",48.1,10.9,0.73,0.17,0
22002,"Egg yolk, raw",307,15.5,1.09,26.7,0
22003,"Egg yolk, powder",667,33.7,2.11,58.1,0
22004,"Egg white, powder",356,81.1,7.8,0,0
22008,"Egg white, cooked",47.3,10.3,1.12,0.17,0
22009,"Egg yolk, cooked",340,16,1.31,30.1,0
22010,"Egg, hard-boiled",134,13.5,0.52,8.62,0
22011,"Egg, poached",139,12.5,0.89,9.47,0
22013,"Egg, powder",587,48.4,1.52,43,0
22014,"Egg, soft-boiled",142,12.2,1.08,9.82,0
22050,"Quail egg, raw",154,13.1,0.41,11.1,0
22060,"Duck egg, raw",181,12.8,1.45,13.8,0
22070,"Goose egg, raw",180,13.9,1.35,13.3,0
22080,"Turkey egg, raw",166,13.7,1.13,11.9,0
22500,"Omelette, plain, homemade",196,13.8,0.9,15.3,0
22502,"Egg, scrambled, with added fat",167,11.9,0.44,13,0
22505,"Egg, fried, without added fat",157,14.6,1.4,10.4,0
22506,"Omelette with cheese, homemade",255,17.7,2.56,19.3,0
22507,"Omelette with lardoons, homemade",267,12.5,1.46,23.5,0
22508,"Omelette with mushrooms, homemade",125,8.09,2.28,9.2,0.45
22509,"Omelette with herbs, homemade",147,9.5,1.98,11.2,0.55
22510,"Spanish-style tortilla with onions (omelette with potatoes and onions), prepacked",165,5.56,11.7,9.9,2.7
22511,"Omelette with vegetables, cheese or meat (average)",179,9.61,4.83,13.2,0.96
23000,Cake (average),410,5.49,51.8,19.6,2.38
23001,"Cheesecake, prepacked",337,5.44,34.1,19.7,0.7
23005,Chou pastry with praline flavoured custard,327,5.42,29.1,20.5,1.1
23006,"Sponge cake with chocolate with or without cherry ""black forest cake""",317,3.66,39.1,14.8,1.85
23007,Sponge cake with fruit mousse,265,2.79,30.8,14.5,0
23008,"Dessert, Opera cake type",392,5.19,37.6,24,2.3
23009,Sponge sandwich cake filled and topped with strawberries or raspberries,221,2.6,25,12,1.5
23022,Canelé cake,298,5,61,3.2,2.6
23023,"Kouign amann, Buttered and caramelized milkbread cake, prepacked",489,3.64,53.2,28.8,1.45
23024,Macaroon filled with jam or cream,448,11,56.5,19,2.9
23027,"Macaroon, biscuit, dry",436,6.9,77.7,10.2,3
23030,Christmas log cake,363,4.25,39.8,20.4,1
23031,"Brownie (chocolate cake), with nuts, prepacked",466,6.58,45.9,27.7,3.18
23032,"Brownie (chocolate cake), prepacked",458,5.94,50.6,25.4,3.4
23033,"Rock-shaped coconut cake, prepacked",459,3.98,56.1,23,5.62
23050,Savoy-style sponge cake,260,5.9,56.3,0.8,1.5
23080,"Butter pound cake, traditional",440,5.94,46,25.6,1.1
23081,"Butter pound cake, prepacked",434,5.94,48.2,23.9,1.1
23082,"Pound cake, prepacked",378,5.38,54.7,14.9,1.4
23103,"Soft cake, with lemon, prepacked",411,6.81,49.6,20.4,1
23120,"Breton pudding cake with prunes filling, prepacked",453,5.17,59.3,21.3,1.5
23121,Breton pudding cake with prunes,229,5.13,32,8,3.4
23122,"Kouign amann, Buttered and caramelized milkbread cake, from bakery",449,5.81,48.7,25.1,2.2
23200,"Gingerbread, prepacked",318,3.14,71.8,1.15,3.78
23220,"Gingerbread with filling, prepacked",338,3.85,75,2.15,1.74
23300,Baklava (oriental pastry with almonds and syrup),459,10.4,49.2,24.5,0
23301,"Gazelle horn (oriental pastry with almonds, crescent shaped and covered with icing sugar)",474,8.55,60.2,22.1,0
23399,"Short crust pastry, prepacked, cooked (average)",473,7.47,46.4,26.4,8.5
23402,"Thin-crust pizza dough, prepacked, raw",285,7.57,47.4,6.6,1.6
23410,"Short crust pastry, with vegetal fat, prepacked, raw",392,5.17,42.7,21.7,1.67
23412,"Short crust pastry, with vegetal fat, prepacked, cooked",473,7.47,46.4,26.4,8.5
23414,"Short crust pastry, pure butter, prepacked, raw",390,5.93,45,20,2
23415,"Short crust pastry, pure butter, frozen, prepacked, raw",387,5.65,43.3,20.7,1.6
23416,"Short crust pastryt, pure butter, prepacked, cooked",497,7.58,61.1,23.9,1.7
23420,"Puff pastry, with vegetal fat, prepacked, raw",385,5.75,41,21.4,1.5
23424,"Puff pastry, pure butter, prepacked, raw",370,5.47,40,20,3
23425,"Puff pastry, pure butter, frozen, prepacked, raw",398,4.99,35.3,25.8,1.4
23426,"Puff pastry, pure butter, prepacked, cooked",560,5.73,42,40.5,1.2
23430,"Khatfa (phyllo or filo pastry sheets), prepacked, dry cooked, without fat",277,6.16,57.1,1.76,3
23440,"Shortbread dough, prepacked, raw",419,5.31,50,21.8,0.95
23442,"Shortbread dough, prepacked, cooked",504,5.7,64.3,24.6,1.5
23444,"Shortbread dough, pure butter, prepacked, raw",383,5.95,53.6,15.8,1.65
23445,"Phyllo or filo dough, raw",289,7.1,50.7,6,1.9
23446,"Shortbread dough, pure butter, frozen, prepacked, raw",423,4.9,60.9,17.5,1.2
23448,"Shortbread dough, pure butter, prepacked, cooked",469,6.2,63,20.9,1.9
23455,Chou pastry filled cream (whipped or custard),325,4.5,25.1,22.9,0
23456,Chou pastry filled with whipped cream,337,4.63,22.9,25,1
23457,Chou pastry filled with custard cream,225,4.31,34.9,7.3,1
23467,"Chou pastry, sugar coated",408,9.13,40.6,22.9,1.5
23472,"Profiteroles (chou pastry), with vanilla ice cream and chocolate sauce",286,5.38,31.4,14.9,1.6
23474,"Profiteroles (chou pastry) with custard and chocolate sauce, refrigerated",251,5.06,31.1,11.4,2
23477,Eclair,264,5.78,31.6,11.8,3.9
23479,Fruit pie with custard cream,205,2.94,30,7.7,1.3
23480,Apple turnover,360,4.17,42.2,18.7,3.1
23481,"Apple pie with custard (flour, eggs, cream, sugar, apple alcohol), from bakery",313,4.44,38.7,15,2.5
23485,Lemon tart,319,5.56,43.1,13.6,0.97
23490,Apple tart,227,2.52,32.7,8.79,3.3
23491,"Strawberries tart, from bakery",318,3.19,31,19.8,1.5
23493,"Apple crumble, prepacked",226,1.71,35.4,8.17,1.9
23494,Apricots tart,285,3.18,41,10.7,5.9
23495,Red berries tart,231,3.5,36.5,6.87,4.5
23496,Tatin tart (caramelized upside-down apple tart),245,1.76,38.1,9.25,1.25
23497,"Chocolate tart, from bakery",469,5.94,40.9,30.7,2.9
23498,Fruit tart (average),245,3.18,34.1,9.99,2.4
23525,Flan tart with eggs,211,3.97,33.2,6.85,0.48
23531,Fruit charlotte,200,5.16,28.2,6.64,2.8
23534,"Semolina pudding with raisins and caramel sauce, refrigerated",146,3.79,24.5,3.57,0.3
23536,"Rice pudding with caramel sauce, refrigerated",144,3.3,25.4,3.17,0.06
23540,Moka cake,386,4.1,23,30.8,0.4
23585,"Chocolate cake, prepacked",445,5.88,51,24,3.7
23586,"Chocolate soft cake, prepacked",467,6,43,29.7,1.85
23588,"Yogurt cake, prepacked",409,5.88,52,19.1,2.7
23594,"Soft cake, plain, sponge cake type, prepacked",378,6.7,57.6,13.2,0.8
2365,Passion fruit nectar,68,0.3,15.2,0.1,0
2366,Banana nectar,53.8,0.23,12.8,0.05,0.51
2367,Guava nectar,48,0.14,10.9,0.23,0.15
23680,Twelfth Night cake (puff pastry filled with applesauce),289,3.4,29.1,17.2,2
23684,Twelfth Night cake (puff pastry filled with almond paste),438,7.6,33.4,30,2
2370,Mango nectar,52.1,0.21,11.3,0.08,0.16
2371,Peach nectar,50.3,0.22,12.1,0.05,0.33
2374,Pineapple nectar,52.4,0.1,13,0,0
2375,Orange nectar,41.6,0.32,9.19,0.09,0.2
2377,"Blood orange juice, pure juice",45.6,0.63,10.2,0.1,0.68
23799,"Crepe, plain, prepacked, refrigerated",257,6.31,41.6,6.8,2.2
23800,"Crepe, plain, prepacked, room temperature",389,7.65,59.9,12.8,1.61
23801,"Buckwheat crepe, plain, to be filled, prepacked",161,5.32,30.5,1.74,0
23802,"Basque cake (shortbread), with custard cream",340,3.75,51.5,13,1
23803,"Basque cake (shortbread), with cherries",395,4.3,63.3,13.5,1.4
23804,"Crepe filled chocolate and cerels balls, prepacked",448,6.81,58.3,20.3,2.52
23805,Blinis,270,5.94,34.6,11.5,2.23
23815,"Crepe filled with sugar, prepacked",406,6.62,58.7,15.8,1.04
23820,"Crepe filled with jam, home-made",296,6.51,54,5.74,1
23821,"Crepe filled with chocolate or chocolate and hazelnut spread, home-made",388,7.76,54.3,15.1,2.22
23827,"Pancake, with sugar(s), prepacked",358,5.5,45.3,16.6,2.2
23828,"Pancake filled with chocolate and hazelnut spread, prepacked",331,6.83,50.1,11,2.2
23829,"Crepe filled with chocolate, prepacked",439,6.83,58.6,19.1,2.43
23830,"Crepe with strawberry filling, prepacked",351,4.96,64.3,7.91,1.5
23849,"Wafer biscuit, thin, filled with honey, caramel or soft brown sugar, prepacked",455,4.56,67,18.3,1.9
23850,"Waffle, from bakery, plain, from bakery",301,8,36.1,13.4,1.9
23851,"Soft waffle (Brussels-style), plain or with sugar(s), prepacked",455,6.19,52.1,24.1,2.4
23852,"Soft waffle (Brussels-style), with chocolate, prepacked",460,5.59,54.4,23.9,2.36
23853,"Wafer biscuit, crunchy (thin or dried), plain or with sugar(s), prepacked",477,6.22,67.6,19.7,1.78
23880,"Doughnut, plain, sprinkled with sugar",404,7.25,39.4,23.7,2
23881,"Doughnut filled with fruit filling (e.g. jam), prepacked-> ARCHIVE",391,5.1,49.5,19,0.9
23885,"Doughnut filled or covered with chocolate or with chocolate and hazelut paste, prepacked",407,5.3,48,21,2.6
23900,Pastry (average),279,4.14,35.5,12.9,1.98
23909,"Fruit cake (candied fruits and/or raisins), prepacked",360,4.19,55.2,12.6,2.1
23925,"Marble cake, prepacked",438,5.68,50.5,23.2,1.83
23935,"Soft cake, plain, prepacked",438,5.42,53.1,22.4,1.23
23937,"Soft cake, with fruits, prepacked",382,3,69,10,2
23938,"Soft cake with nuts, prepacked",418,6.35,48.8,21.5,1.9
23939,"Soft cake filled with chocolate, prepacked",414,5.44,55.4,18.2,3.2
23941,"Soft cake filled with fruits, mini sponge roll type, prepacked",374,4.63,57.7,12.8,4.5
23943,"Soft cake, with chocolate chips, prepacked",442,5.38,50.2,23.6,3.7
23944,"Soft cake filled with chocolate and with chocolate coating, prepacked",440,5,53.8,21.8,2.7
23945,"Soft cake filled with chocolate and milk, with chocolate coating prepacked",446,5.81,52.9,23.1,1.58
23951,"Muffin, with fruits (e.g. blueberries), prepacked",397,4.81,49.1,19.9,1.34
23952,"Muffin, with chocolate, prepacked",444,5.58,52.5,23,2.42
24000,Biscuit (cookie),433,7.83,67.8,13.8,3
24001,"Biscuit (cookie), plain",438,7.13,74.9,11.5,3.3
24002,"Biscuit (cookie), vitamin content guaranteed",457,9.63,72.3,14.2,0.75
24003,"Biscuit (cookie), vitamin and mineral content guaranteed",472,10.8,61.1,19.8,3.5
24004,"Biscuit (cookie) with fruits, low salt",448,8.88,64,16,5.4
24006,"Soja biscuit, fortified with vitamins and minerals",444,10.9,60.3,16.1,6.6
24008,"Biscuit (cookie) filled with fruits, reduced fat",391,4.69,75.3,7.2,3
24009,Speculoos biscuit,476,5.63,71.2,18.1,3
24010,"Biscuit (cookie), with vegetal fat",436,7.23,74,11.7,3.1
24011,"Biscuit (cookie), assortment",515,6.44,61.4,26.4,2.9
24012,"Biscuit (cookie), with chocolate, no added sugars and with sweetener(s), fortified with vitamins",448,6.78,64.6,21.8,3.71
24013,"Biscuit (cookie), no added sugars and with sweetener(s)",429,6.23,72.1,15.7,3.93
24014,"Biscuit (cookie), with a chocolate bar covering, milk filling",512,6.75,62.3,25.6,2.7
24015,Butter biscuit (cookie),450,7.78,73.4,13.3,2.54
24016,"Biscuit (cookie), with a chocolate bar covering",485,5.56,68.8,20,3.5
24017,"Butter biscuit (cookie), with chocolate (chocolate chips or covering)",496,6.88,63.8,22.8,4
24018,"Butter biscuit (cookie), gluten free",460,3.8,79.3,14,0.9
24019,"Biscuit, with chocolate, gluten free",504,5.04,64,24.7,2.95
24020,Biscuit (cookie) from whole grain cereals,462,7.75,63,18.4,6.6
24021,"Butter biscuit (cookie), whole wheat",439,9.25,66.6,13.4,7.2
24028,"Biscuit (cookie), with sesame, not fortified",496,9.19,60,23.3,4.84
24029,"Biscuit (cookie), with sesame, fortifed with vitamins and minerals",485,11.5,60,21,4.9
24031,"Biscuit (cookie), without chocolate, reduced fat",388,6,71,6,13
24034,"Breakfast biscuit (cookie), without chocolate, not fortified",452,7.81,65.8,16.3,5.5
24035,"Breakfast biscuit (cookie), reduced sugar",444,7.78,66.2,15,6.7
24036,"Biscuit (cookie), with chocolate, not fortified",507,7.75,59.5,25.6,3.9
24037,Biscuit (cookie) filled with fruit paste or fruit puree,421,4.93,71.6,12.3,2
24038,"Biscuit (cookie), with chocolate covering",495,6.56,63.5,22.9,4.1
24040,"Breakfast biscuit (cookie), with chocolate, not fortified",447,8.06,62.9,16.4,7.6
24041,"Breakfast biscuit (cookie), fortified with vitamins and minerals",454,7.06,67.3,16.1,5.8
24042,"Biscuit (cookie) with cereals, fortified with vitamins and minerals",461,8.96,61.9,18.3,6.54
24048,"Biscuit (cookie), shortbread, commercial, whith vegetal fat",495,5.71,64.5,23.1,3.34
24049,"Biscuit shortbread, with butter",481,6.81,66.8,20,3.2
24050,"Biscuit shortbread, with butter and chocolate",499,6.33,63.5,23.7,3.11
24051,"Biscuit sponge cake, with chocolate covering, pre-packed",489,7.38,59.5,23.9,3.1
24052,"Biscuit (small tart), with chocolate covering, prepacked",504,6.58,59.7,25.6,3.71
24054,"Biscuit shortbread, with fruits",482,5.8,66.3,21,2.37
24056,Florentine biscuit (chocolate biscuit or cookie with almonds),514,9.31,50.7,28.7,7.6
24057,"Biscuit shortbread, with fruit filling, ""lunette"" type",449,6.06,69.2,16,2.04
24061,"biscuit with meringue, filled (chocolate, hazelut, coconut…) with chocolate covering or chocolate base",540,7.65,54.5,31.5,3.95
24070,Biscuit (cookie) with coconut,493,6.32,65.4,22.1,3.51
24071,"Shortbread pastry biscuit, from bakery",484,8.38,59.4,22.9,3.3
24224,"Chocolate biscuit (cookie), with vanilla filling, round, black and white",480,5.06,69.2,19.6,3.2
24225,"Biscuit (cookie), snack with dairy or vanilla filling",478,5,70,19,3.6
24230,"Biscuit (cookie), snack with chocolate filling, whole wheat whole wheat",465,5.94,69.3,17.2,4.8
24231,"Biscuit (cookie), snack with chocolate filling",471,6.31,67.5,18.5,4.7
24240,"Biscuit (cookie), snack with fruits filling",407,5.13,73.6,9.4,3.7
24300,Wafer biscuit without filling,437,6.51,80,9.7,2.05
24311,"Wafer biscuit, filled or coated with chocolate",534,6.63,56.6,30.5,3.5
24312,"Wafer biscuit, with nuts (hazelnut, almond, praliné, etc.) filling, with chocolate or not, prepacked",562,9,49,36.1,2.5
24313,"Wafer biscuit, with vanilla filling",538,5.75,60.1,30.1,1.6
24320,"Wafer biscuit, with fruit filling",355,4.13,81,0.8,2.7
24370,"Wafer cookie or crepe dentelle, plain",467,6.37,73.1,16.2,1.7
24371,"Wafer cookie, crepe dentelle, with chocolate covering",498,5.75,67.4,22.1,3.5
24430,"Biscuit (cookie), sponge fingers or lady fingers",366,7.75,74.5,3.4,2.9
24441,"Biscuit (cookie), cat tongue type",475,5.27,72.7,17.8,1.55
24520,Meringue,396,4.82,93.2,0.52,0
24614,"Biscuit (cookie), hard, with almonds (e.g. canistrelli)",454,9.04,68.2,15.4,3.2
24615,"Biscuit (cookie), thin, with almonds",471,7.8,68,18.1,2.1
24616,"Biscuit (cookie), thin, lemon or orange lavour",419,6.37,69.7,9.73,13.6
24630,"Madeleine cake, pure butter, prepacked",453,5.88,52.4,24.1,1.27
24631,"Madeleine cake, with chocolate, prepacked",447,5.45,53.7,22.7,2.05
24632,"Madeleine cake, prepacked",441,5.55,55.3,21.6,1.4
24654,"Biscuit, oat, with chocolate covering",509,5.73,61.3,26,3.58
24655,"Biscuit, oat, plain",491,5.64,63.9,22.9,3.41
24656,"Biscuit, cookie, cranberries and white chocolate, prepacked",488,4.76,65.9,22.4,2.1
24657,"Biscuit, stick, with chocolate covering",510,6.86,63.1,25.1,2.42
24658,"Biscuit puff pastry, with chocolate covering",532,5.93,59.7,29.4,2.33
24659,"Biscuit puff pastry, prepacked",528,6.06,56.8,30,3.4
24660,"Biscuit (puff pastry), palmier, from bakery",499,5.93,47.8,30.4,5.3
24663,Pear tart with almonds,310,4.9,37.7,14.9,2.3
24664,"Almond cake, financier, prepacked",447,8.26,44.3,25.7,2.3
24666,Mille-feuille pastry,292,3.88,43.7,11.3,0.24
24674,"Soft cake, without chocolate, gluten free, prepacked",443,4.74,50.7,24.2,1.62
24675,"Soft cake, with chocolate, gluten free, prepacked",434,5.38,49.6,24.4,2.18
24676,"Biscuit (cookie), with chocolate and nuts, prepacked",507,6.78,57,27.1,4.02
24678,"Biscuit sponge cake with fruits covering, pre-packed",341,4.44,74.4,2.1,2.8
24679,"Biscuit (small tart), with fruit covering, prepacked",424,4.63,71.3,13,1.94
24680,"Soft cake, filled with orange paste and sugar icing coating",359,4.1,80,2.1,1.7
24684,"Biscuit (cookie), with chocolate, prepacked",493,6.44,61,23.8,4.3
24685,"Cone, wafer for ice cream",401,7.5,80.4,5,2
24686,"Biscuit sponge cake, filled with fruits and with chocolate covering",395,3.88,66.6,11.7,3.2
24687,"Biscuit (cookie), with chocolate chips and coconut, prepacked",519,5.93,54.5,29.8,4.85
24689,Baby biscuit,439,7.5,73.3,12.3,2.4
24998,"White fish with sauce, prepacked (average)",147,13.2,4.67,8.1,1.14
2500,"Smoothie, no precision on fruit content and other ingredients",60.2,0.62,12.9,0.26,1.08
25001,"Veal stew in white sauce, prepacked",113,15.4,3.1,4,0.8
25002,"White bean stew, canned",129,8.06,9.41,5.77,3.55
25003,"Sauerkraut, with garnish (cooked meats), prepacked",109,5.06,2.8,8.06,2.71
25009,"Shepherd's pie or cottage pie with meat, prepacked",138,5.99,9.39,8.22,1.43
25010,"Salt-cured pork belly with lentils, prepacked",118,8.24,8.89,4.87,2.83
25013,"Boiled meat with vegetables, prepacked",77.5,10.9,3.2,2.02,1.5
25018,"Ratatouille, seasoneded, prepacked",57.1,1.22,4.97,3.15,2.03
25019,"Ravioli filled with meat, in tomato sauce, canned",95.3,4.22,12.5,2.83,1.41
25020,Cheese soufflé,185,10.9,4.75,13.4,1.15
25026,"Spinach with cream sauce, prepacked",57.3,2.5,4.1,2.9,1.9
25029,Couscous with mutton,149,8.31,12.2,7.2,1.3
25031,"Paëlla, prepacked",148,7.86,17.1,4.9,1.85
25033,"Burgundy-style beef stew, prepacked",84.3,10.3,4.17,2.61,1.5
25037,"Fish or seafood au gratin, intended to be cooked, prepacked, raw",105,6.13,8.39,5.1,0.5
25038,"Fish and shrimp au gratin, prepacked, cooked",117,6.69,5.28,7.5,0.7
25043,"Couscous with meat or chicken, reduced fat, prepacked",90.7,5.9,11.5,1.9,2
25052,"Eggplant au gratin, prepacked",105,1.5,5.5,8,2.5
25056,"Dauphiné-style creamed potatoes au gratin, prepacked",113,3.38,14.5,4.2,1.5
25057,"Pre-fried potatoes, pan-fried, with bacon bits or chicken, without green vegetables, prepacked",171,3.2,17,9.6,2.1
25058,"Duck with sauce (green pepper sauce, hunter-style sauce, etc.) , prepacked",145,9.55,10.2,7.3,0
25063,"Rabbit with mustard sauce, prepacked",108,14.9,0.5,5,0.8
25065,"Beef stew with carrots, prepacked",95,13.2,2.91,3.15,1.1
25071,"Pork sausage stew with cabbage, carrots and potatoes",115,7.28,4.85,6.9,2.1
25073,"Chicory with ham in sauce, prepacked",109,7.44,4.71,6.3,1.5
25077,"Salmon with sorrel, prepacked",157,9.5,8.23,9.5,0.5
25081,"Lasagna or cannelloni with meat (bolognese sauce), prepacked",134,6.29,13.5,5.72,1.91
25085,"Bolognese-style pasta (spaghetti, tagliatelle…), prepacked",116,5.32,13.6,4.07,1.9
25086,"White fish with bordelaise sauce, prepacked",176,14.8,5.3,10.4,1
25088,"Cantonese rice, prepacked",164,5.46,23.6,4.94,1.74
25089,"Veal escalope cordon bleu (escalope topped with a ham slice and cheese, breaded, prepacked",226,14,14.6,12.2,0.78
25098,"White bean stew, with pork, canned",132,8.3,8.6,6.3,4
25099,"White bean stew, with duck or goose, canned",161,10.5,10.1,7.86,3.86
25101,"Cauliflower au gratin, prepacked",86.3,3,3.3,6.5,1.3
25103,"Stuffed tomatoes, prepacked",127,6,2.95,9.67,2.1
25106,"Stuffed cabbage, prepacked",94.9,5.3,2,6.6,3.13
25107,Couscous with fish,105,7.5,14.2,1.6,1.7
25108,"Samosas or samoosas or filled filo pastry, prepacked, cooked",230,9.33,16.5,13.7,1.8
25110,"Dumplings, steamed, with shrimps, cooked",172,5.5,23.2,5.5,3.6
25111,"Chili con carne, prepacked",118,7.13,13,3.35,3.56
25121,Cockerel in red wine sauce,133,13,4,7,1
25122,"Pasta with ham au gratin, prepacked",179,7.06,16.4,9.2,1
25123,"Moussaka, prepacked",147,5.82,5.16,10.8,2.84
25124,Stewed lamb garnished with potatoes and other vegetables,135,9.72,3.85,8.61,1.53
25125,Veal paupiette,181,14.6,4.67,11.3,0.69
25126,Poultry paupiette,163,17.4,8.8,6.19,1.17
25127,"Couscous royal (with different meats), prepacked",132,7.69,14,4.53,2.1
25128,"White fish with Provencal-style sauce (tomato sauce), prepacked",73.4,9.31,3.1,2.3,1.5
25131,"Lasagna or cannelloni with vegetables, prepacked",120,4.38,10.1,5.9,2.25
25135,"Carbonara-style pasta (spaghetti, tagliatelle…), prepacked",161,5.91,14.2,8.7,1.18
25137,"Tartiflette (cheese fondue with potatoes, reblochon cheese, bacon bits…), prepacked",161,6,13.5,8.9,0.8
25138,Couscous with chicken,130,7.5,15.6,3.85,1.47
25139,"Lasagna or cannelloni with fish, prepacked",148,7.28,13,7.1,1.68
25140,"White fish with Florentine-style sauce (spinach sauce), prepacked",96,12,2,4,2
25141,"White fish with shallots, mussels and white wine sauce, prepacked",80,11.5,2.2,2.8,0
25142,"White fish with mustard sauce, prepacked",90.8,9.2,5.4,3.6,0
25143,"White fish with Parisian-style sauce (mushrooms sauce), prepacked",81.5,9,3,3.5,1
25145,"White fish with tarragon sauce, prepacked",77.2,8.8,4.2,2.8,0
25146,"White fish with sorrel sauce, prepacked",111,11.8,3,5.5,1
25149,"Fresh pasta, stuffed with cheese (e.g. ravioli), prepacked, cooked",226,10,26.8,8.3,1.9
25150,"Couscous with vegetables, prepacked",108,4.32,16.4,2.25,2.24
25151,"Fish or seafood in puff pastry, prepacked, to cook",260,6.55,27.9,13,2.9
25152,"Couscous with meat, prepacked",128,7.59,12.5,4.73,2.53
25154,"Fish brandade or fish shepherd's pie, prepacked",117,6.39,8.57,6.15,1.1
25155,"Fresh pasta, stuffed with cheese and vegetables (e.g. ravioli), cooked, prepacked",219,7.94,27.8,7.5,3.4
25157,"Fresh pasta, stuffed with meat (e.g. bolognese-style ravioli), prepacked, raw",265,11.4,40.3,5.79,3.15
25158,"Fresh pasta, stuffed with meat (e.g. bolognese-style ravioli), prepacked, cooked",174,6.94,25.1,4.65,2.15
25159,"Mutton tagine, prepacked",131,12.8,4.5,6.83,0
25162,"Vegetables au gratin, prepacked",106,3.44,6.91,6.7,1.7
25163,"Meat balls, beef, cooked",217,18.5,5.65,13.3,0.63
25164,"Osso buco from veal (with vegetables and white wine), homemade",102,12.5,3.5,4.06,0.6
25169,"Chinese specialty or dumplings, prepacked",149,5.9,28,1.4,0.21
25172,Meat in sauce (average),109,11.7,4.23,4.7,1.22
25173,Milanese-style veal escalope or breaded veal escalope,271,22.9,12.6,14.1,0.94
25174,"Chicken with curry and coconut milk sauce, prepacked",125,10.6,4.07,6.9,1.1
25175,"Molokhia,beef-based mdish with jute mallow (or nalta jute), home-made",189,10.6,1.2,14.7,4.7
25181,"Fresh pasta, stuffed with cheese (e.g. ravioli, prepacked, raw",268,11.3,37.3,7.69,2.23
25182,"Fresh pasta, stuffed with cheese and vegetables (e.g. ravioli), prepacked, raw",262,9.98,41.4,5.69,2.87
25183,"Noodles with shrimps, prepacked, sautéed/pan-fried, without added fat",104,4.88,12.6,3.4,1.6
25186,"Meat balls, pork and beef (Swedish-style), prepacked, raw",254,17.4,4.8,18.2,0.8
25187,"Risotto, with vegetables, prepacked",120,2.74,18.4,3.8,0
25188,"Risotto, with seafood, prepacked",130,5.47,12.5,6.07,1.15
25189,"Risotto, with cheeses, prepacked",195,5.65,30.9,5.16,0.7
25190,"Chicken, Basque-style, prepacked",107,9.3,2.5,6.4,1.3
25192,"Ravioli filled with vegetables, in tomato sauce, canned",91.1,2.88,13.5,2.45,1.7
25193,"Fresh pasta, stuffed with vegetables (e.g. ravioli), prepacked, cooked",156,5.19,20.9,4.9,3.7
25194,"Meat balls, beef and lamb (kefta type), prepacked, raw",220,14.9,9.7,13.3,0.8
25195,"Shepherd's pie with duck, prepacked, to cook",146,6.82,8.51,9.06,1.55
25196,"Riste (Eggplant, tomatoes, onions), prepacked",145,1.05,10.6,10.4,2.6
25198,"Pasta with cheese sauce (spaghetti, tagliatelle…), prepacked",163,7.17,15.9,7.4,1.85
25199,"Vegetable rosti, pre-fried, frozen",101,2.33,8.67,5.67,3
25200,"Devilled pork shoulder in mustard sauce, prepacked",102,13,1,4.5,2.5
25201,"Beef tongue with Madeira wine sauce, prepacked",180,9.5,4.5,13.5,1
25203,"Fresh pasta, stuffed with vegetables (e.g. ravioli), prepacked, raw",255,9.4,41.4,5.06,3.02
25204,"Chicken tagine, prepacked",127,7.54,14.4,3.7,3
25205,"Chop suey (pork or chicken, vegetables), prepacked",78.2,5,7.8,3,0
25207,"Pork with caramel sauce, prepacked",136,10,11.4,5.4,0.7
25208,"Vegetable rosti, pre-fried, frozen, cooked",105,3.31,8.45,5.7,2.6
25210,"Stuffed salmon, prepacked",227,18.8,0.4,16.2,2.4
25211,"Meat balls, beef, with tomato sauce, prepacked",117,9,5.5,6.5,0
25213,"Veal paupiette, prepacked, roasted/baked",276,22,0.48,20.5,0.9
25216,"Pasta (e.g. ravioli), filled, cooked (average)",198,7.97,25.6,6.48,2.49
25217,"Vine leaf stuffed wih rice or dolmas, drained, prepacked",150,2.5,18.6,6.5,2.6
25219,"Lasagna or cannelloni with vegetables and goat cheese, prepacked, cooked",179,7,14,10.2,1.4
25220,"Sauerkraut, seasoned and cooked with bacon bits, without garnish, drained, cooked",75.5,1.38,0,6.6,4.5
25221,"Meat balls, beef and lamb (kefta type), prepacked cooked",235,15.7,7.5,15.7,0
25222,"Meat balls, pork and beef (Swedish-style), prepacked, cooked",258,14.4,7.7,18.6,0
25223,"Soy and wheat burger or bite (vegan), prepacked",157,19.5,6.76,3.7,4.86
25224,"Soy and wheat burger or bite (not vegan), prepacked",185,17.6,8.19,7,5.24
25225,"Wheat-based nuggets, breaded croquette (wo soybean), prepacked",284,12.6,22.4,14.9,2.55
25226,"Soybean and wheat-based nuggets, breaded croquette (not vegan), prepacked",253,14.1,18.5,12.6,4.18
25227,"Soybean and wheat-based nuggets, breaded croquette (vegan), prepacked",251,15.5,19.7,10.9,5.38
25228,"Schnitzel, soybean and wheat-based (not vegan), prepacked",260,14.4,16.8,13.9,4.39
25229,"Schnitzel or stick, soybean and wheat-based (vegan), prepacked",245,16.9,18.8,10,5.41
25230,"Schnitzel, soybean, wheat and cheese-based, cordon bleu-style, prepacked",247,15.2,15.1,13.1,3.28
25231,"Ravioli filled with tofu, in tomato sauce, prepacked",91.7,3.13,12.5,2.7,2.1
25232,"Plant-based sausage with wheat or seitan, prepacked",250,27.1,7.53,10.5,4.6
25233,"Cereal burger with cheese (without soybean), prepacked",241,7,27.8,10.3,4.3
25234,"Cereal burger with végétables (without soybean), prepacked",211,5.31,28,7.6,4.4
25238,"Vegetables au gratin, home-made",107,3.15,3.59,8.51,1.7
25242,"Paëlla, home-made",135,6.38,22,2.2,0.8
25243,"Noodles, asian style, instant, flavoured, cooked",164,3.75,21.1,6.9,1
25396,"Ham and cheese puffed pastry, prepacked",278,8.46,22.7,16.7,1.9
25398,"Cheese puff pastry, prepacked, to cook",283,6.08,26.2,16.9,1.18
25399,"Snails in puff pastry, prepacked",321,6.69,23.1,22.1,1.74
25401,"Cheese puff pastry, prepacked, cooked",302,8.25,28.1,17.1,1.3
25402,"Meat puff pastry, prepacked",354,9.59,27.3,22.6,1.63
25403,"Hot-dog, prepacked",278,10.9,26.3,13.8,1.6
25404,"Pizza, cheese and tomato (Margherita), prepacked",224,8.55,29.6,7.41,2.27
25405,"Quiche Lorraine (eggs and lardoons quiche), prepacked",269,8.39,21.5,16.4,1.39
25409,"Crepe or buckwheat pancake, filled with ham, prepacked",199,7.5,24.3,8,0
25410,"Crepe or buckwheat pancake, filled with cheese, ham and béchamel sauce, prepacked",179,9.83,16.3,7.9,1.77
25411,"Crepe or buckwheat pancake, filled with mushrooms and béchamel sauce, prepacked, frozen",144,4.5,20,5,0.5
25412,Vol-au-vent with meat/poultry/quenelle,296,6.12,24.5,18.9,1.65
25413,"Hamburger, from fast food",251,13.3,29.5,8.44,1.8
25414,"Cheeseburger, from fast food",290,13.7,22.3,15.8,1.4
25415,"Cheeseburger, double, from fast food",290,15.5,19.4,16.7,0
25416,"Fish burger, from fast food",263,12.2,26.7,11.5,1.5
25417,"Tart, vegetables, prepacked",216,5,21.8,11.7,1.7
25418,"Croissant filled with ham and cheese, homemade",264,7.9,24.8,14.6,1
25419,Spring roll,103,4.57,16.6,1.82,1.2
25428,"Sandwich, pita bread, kebab and raw vegetables",232,15.2,17,10.9,2.3
25429,"Sandwich, baguette, kebab and raw vegetables",272,15,29.9,9.8,2
25431,"Sandwich, baguette, tuna, raw vegetables and mayonnaise, homemade",275,10.3,32.1,11.3,1.78
25433,"Caribbean-style fish fritters, fish acras, prepacked",275,12.4,15.1,17.6,3
25434,"Sandwich, panini bread, cured ham, mozzarella cheese and tomato, toasted",237,14.2,25.7,8.35,1.4
25435,"Pizza, ham and cheese, prepacked",228,10.7,26.2,8.49,1.95
25437,Small cheese chou-pastry puff,399,16.2,22.7,26.6,1.9
25438,"Samosas or samoosas or filled filo pastry, home-made, cooked",187,12.2,8.48,11.5,0.59
25444,"Tart, cheese, prepacked",271,9.44,20,16.7,1.57
25454,"Tart, Provence-style, prepacked",224,5.34,21.8,12.5,1.8
25456,"Sushi or maki, with seafood products",171,6.69,26.9,3.7,0.9
25457,"Pizza, Bolognese-style with meat, prepacked",214,9.7,27,7.03,2.1
25459,Burritos with beef,170,8,14.3,8.5,1.9
25460,"Fajitas, home-prepared from kit",158,12.7,16,4.5,1.4
25462,"Pizza, chorizo or salami, prepacked",236,9.88,24.7,10.4,2.09
25463,"Pizza, seafood, prepacked",215,9.67,25.2,8.02,1.8
25464,"Pizza, salmon, prepacked",232,9.28,26,9.72,1.86
25468,"Pizza, goat cheese and lardoons, prepacked",253,10.3,26.5,11.5,1.35
25472,"Pizza, vegetables or (4 seasons), prepacked",206,7.58,25.1,7.78,2.43
25475,"Sandwich, baguette, ham, hard-boiled egg, raw vegetables and butter",225,10.1,31.7,5.98,1.88
25476,"Sandwich, baguette, chicken, raw vegetables and mayonnaise, homemade",263,10.4,34.9,8.54,2.21
25477,"Pizza, cheese and mushrooms, prepacked",213,8,24.2,8.93,1.8
25478,"Pizza, cheeses, prepacked",269,11.2,30.5,10.7,2.06
25485,"Sandwich, baguette, ham and emmental cheese, prepacked",284,12.7,27.9,12.9,3
25488,"Sandwich, baguette, smoked salmon and butter",268,11.5,41.7,5.6,2.4
25490,"Sandwich, baguette, tuna, sweet corn and raw vegetables, prepacked",193,8.87,23.9,6.03,3.93
25501,"Sandwich, panini bread, three-cheese, toasted",294,17,25,14,
25502,"Chicken burger, from fast food",249,12.7,23.8,11,1.2
25503,"Vol-au-vent with fish and seafood, homemade",208,6.72,13.7,13.8,1.05
25506,Mixed meat on skewer,208,19.7,1.02,13.8,0.33
25508,"Ham and cheese puffed pastry, homemade",338,8.76,29.4,20.3,1.37
25509,"Savoy-style fondue cheese preparation (cheese, white wine …), prepacked",237,14.9,3.4,17.1,0.2
25510,"Gnocchi, from potato, cooked",178,5.01,34.1,2.05,1.75
25511,Stuffed vegetables (excluding tomato),91.9,4.71,3.6,6.22,1.34
25512,"Poultry nuggets, breaded croquette, prepacked",247,13.1,18,13.2,1.7
25513,"Large round sandwich with lettuce, tuna, anchovy and black olives",205,7.95,27.8,6.48,1.98
25516,Pizza (average),234,10,27.4,8.88,2.12
25517,"Sandwich, baguette, ham and butter, homemade",285,11.6,35.1,10.5,1.92
25518,"Sandwich, baguette, camembert cheese and butter, homemade",341,11.9,34.8,16.7,1.92
25519,"Sandwich, baguette, pâté and pickles",304,10.1,33.5,13.9,1.99
25520,"Sandwich, baguette, dry sausage and butter, homemade",374,13.7,35.2,19.4,1.92
25521,"Sandwich, baguette, ham, emmental cheese and butter",298,13.4,30.2,13.2,2.5
25522,Sandwich (average),280,12.4,30.3,11.7,2.08
25523,"Canapés (savoury toasts with various toppings), prepacked",251,9.09,22.4,13.3,2.8
25524,"Provencal-style tomato (breaded tomatoes stuffed with garlic and parsley), home-made",75.7,1.65,6.55,4.32,2
25525,Tomato sauce for pizza,41.5,2.04,4.71,0.75,2.81
25528,"Pizza, onion anchovy and black olives, prepacked",265,4.8,26.3,15.1,2.5
25529,"Tart, onion, prepacked",280,7,23.5,17.2,1.9
25530,"Sandwich, baguette, raw vegetables and mayonnaise",224,6.54,30.6,7.9,2.18
25531,"Sandwich, baguette, turkey, raw vegetables and mayonnaise",257,12.4,31.2,8.82,1.86
25532,"Sandwich, baguette, egg, raw vegetables and mayonnaise",249,8.52,31.6,9.47,1.89
25533,"Sandwich, baguette, pork, raw vegetables and mayonnaise",272,12,31.2,10.6,1.86
25535,"Sandwich, baguette, merguez sausage, ketchup and mustard",289,13.1,32.7,11.4,1.81
25536,"Sandwich, baguette, salami and butter",381,12.5,33.9,21.4,1.82
25537,"Salmon carpaccio, with marinade, home-made",238,16.9,0.22,18.8,0.26
25538,"Beef carpaccio, with marinade (oil, herbs, cheese), home-made",271,15.2,0.55,23,0.36
25539,Fish on skewer,127,18,0.86,5.71,0.29
25540,Shrimps on skewer,140,16.4,1.6,7.38,0.7
25541,Lamb on skewer,137,13.2,2.54,7.93,1.29
25542,"Toasted ham and cheese sandwich, topped with a fried egg, homemade",261,13.7,16.1,15.5,1.13
25543,Sandwich baguette (average),293,11.7,33.2,12.1,2.08
25546,"Cheese with ham, breaded, prepacked",262,17.4,15.3,14.6,0
25547,"Toasted ham and cheese sandwich, prepacked",253,10.6,26.1,11.4,1.98
25548,"Pizza, ham cheese and mushrooms (Regina), prepacked",208,9.5,25.9,6.89,2.23
25549,"Crepe or buckwheat pancake, filled with cheese and béchamel sauce, prepacked",150,6.5,17,6,1
25550,"Flamed tart (thin-crusted onion tart with cream and lardoons), prepacked",300,8.81,31.8,14.8,1.7
25551,"Meat, poultry or fish fritters, home-made, cooked",238,18.7,10,13.5,0.41
25552,"Crepe or buckwheat pancake, filled with cheese, ham, mushrooms and béchamel sauce, prepacked",144,6.56,14.7,6.3,1.11
25553,"Tart, leek, prepacked",229,5.29,20.9,13.3,2.12
25555,"Tart, salmon, prepacked",251,8.41,24.2,13.2,0.9
25556,Vegetable fritters,140,4,12.1,8,2
25557,"Fritter, filled with eggs (filo pastry), home-made, cooked",255,10.4,12.3,18.1,0.5
25558,"Brick pastry with beef, home-made, cooked",342,10.4,33.5,17,6.8
25559,"Fritter, filled with potatoes (filo pastry), home-made, cooked",215,3.25,19.6,13.4,1.7
25560,"Pie (pork, riesling wine, mushrooms), prepacked",251,10.2,23.7,12.6,1.2
25561,"Tart, tomato, prepacked",225,6,23.4,11.6,1.65
25562,"Crepe or buckwheat pancake, filled with egg, ham and cheese, prepacked",219,15.3,15.2,9.8,4.5
25564,"Tart, scallops tart, prepacked",222,7.2,21.7,11.5,1.35
25565,"Yakitori (grilled meat on skewers, Japanese-style, with sauce)",172,26,9.3,3.3,0.6
25566,"Pork on skewer, raw",131,15.6,2.1,6.5,1
25568,"Pastilla filled with chicken (pie), prepacked",218,12.3,14.1,12.2,1.5
25570,"Pizza, lardoons onions and cheese, prepacked",236,8.16,28.3,9.59,1.93
25571,"Falafel, from take-away",252,8.25,18.7,14.4,7.7
25572,"Crepe or buckwheat pancake, filled with scallops, prepacked",144,6.1,15.5,6.2,1
25573,"Tart, savoury (average)",268,8.04,24.3,15.1,1.55
25575,"Sandwich, club, wholemeal bread, tuna and raw vegetables, prepacked",207,9.48,24.3,7.28,3.2
25576,"Sandwich, club, wholemeal bread, ham and cheese, prepacked",240,11.2,23.8,10.5,2.7
25577,"Sandwich, club, wholemeal bread, chicken and raw vegetables, prepacked",199,8.75,23,7.4,3.1
25578,"Puff pastry, savoury (average)",311,8.43,27.5,18.2,1.63
25580,"Vol-au-vent, filled (average)",252,6.42,19.1,16.3,1.35
25581,"Crepe or buckwheat pancake, filled with mushrooms and béchamel sauce, prepacked, cooked",172,5.5,18.5,7.7,3.4
25582,"Egg roll or nem, with chicken, prepacked, cooked",197,8.06,20.9,8.1,3.3
25583,"Egg roll or nem, with pork, prepacked, cooked",237,6.88,22.6,12.7,2.4
25584,"Egg roll or nem, with shrimp and/or crab, prepacked, cooked",213,7.44,23.7,9.2,2.7
25585,"Beef on skewer, cooked",136,21.9,0.33,5.2,0
25586,"Poultry on skewer, cooked",134,23.1,1.39,4,0
25587,"Shepherd's pie with duck, prepacked, cooked",168,7,10.5,10.2,1.2
25588,"Vegetables au gratin in bechamel sauce, prepacked, cooked",105,3.64,6.74,6.5,1
25589,"Plant-based ball with wheat and/or soybean, prepacked",211,17.6,7.98,10.6,5.45
25590,"Falafel, prepacked",211,7.38,17.7,10.8,6
25591,"Plant-based burger or steak from lentil, soybean and vegetables, prepacked",170,9.71,16.7,5.6,4.76
25592,"Plant-based burger or steak from wheat (seitan) and vegetables, prepacked",208,12.5,20.8,7.1,3.1
25593,"Plant-based burger or steak from wheat and soybean (vegan), prepacked",215,16,8.15,11,6.03
25594,"Plant-based burger or steak from wheat and soybean (not vegan), prepacked",201,10.2,13.3,10.2,5.36
25595,"Plant-based burger or steak from soybean and cheese, prepacked",204,16.8,6.08,12,1.8
25596,"Plant-based burger or steak from soybean and vegetables, prepacked",175,13.1,8.36,8.1,4.97
25597,"Plant-based burger or steak from soybean, cheese and vegetables, prepacked",180,15.1,7.72,9.1,2.83
25598,"Seitan, prepacked",134,20.6,6.74,2.5,0.9
25599,"Sandwich, club, wholemeal bread, ham, prepacked",246,10.1,26.3,10.5,2.7
25600,"Celeriac salad, with remoulade sauce, prepacked",114,0.94,3.14,10.2,2.2
25601,"Tuna salad, with vegetables, canned",117,9.15,8.13,4.7,2.7
25602,"Mixed salad, with meat/fish, canned",110,8.06,6.4,5.3,2
25604,"Green salad, raw, without seasoning",13.5,1.01,1.5,0.1,1.3
25605,"Greek-style marinated mushrooms, prepacked",76.3,2.07,3.53,5.47,2.35
25606,"Potato salad, homemade",127,2.68,9.9,8.2,1.3
25608,"Tabbouleh or couscous salad, with vegetables, prepacked",179,4.88,23.7,6.7,2.5
25609,"Potato salad, piémontaise-style, prepacked",130,4.5,8.87,8.3,0
25610,"Salad of ox muzzle, with sauce, prepacked",118,11.7,0.8,7.6,0
25614,"Rice salad, canned",127,5.13,16.1,4.35,1.7
25615,"Pasta salad, vegetarian, with sauce",119,4.4,13.7,4.8,1.7
25616,"Raw vegetables, without dressing (average)",27.7,0.91,3.06,1.15,1.55
25619,"Pasta salad, with vegetable and meat/fish, with sauce, prepacked",160,6.24,14.2,8.24,1.96
25620,"Guacamole, prepacked",191,1.82,4.64,17.2,4.84
25621,"Hummus, prepacked",258,8.06,9,19.9,5.18
25623,"Tart (flamiche), Maroilles cheese, prepacked",318,14,23,18.3,2.5
25624,"Aubergine caviar, prepacked",154,1.28,4.4,13.8,3.63
25625,"Crepe or buckwheat crepe, filled with fish and/or seafood, prepacked",190,7,15,11,1.5
25626,"Mixed diced vegetables salad, with sauce, prepacked",129,2.5,3.47,10.7,4
25628,"Caesar's salad (salad, chicken, croûtons, sauce), prepacked",151,8.13,4.88,10,2
25629,"Salad, veggie, bulgur and/or quinoa-based, with vegetables, prepacked",168,3.79,17.4,8.3,3.3
25632,"Sandwich, baguette, tuna, raw vegetables and mayonnaise, from fast food",232,9.31,28.8,8.5,1.8
25633,"Sandwich, baguette, ham and butter, takeaway",254,10.4,38.8,6,1.4
25634,"Sandwich, baguette, ham and emmental cheese, takeaway",263,12,34.5,8.2,1.2
25635,"Lasagna or cannelloni with goat cheese and spinach, prepacked",133,6.1,11.4,6.6,1.87
25638,"Sandwich, baguette, chicken, raw vegetables and mayonnaise, takeaway",223,10.3,29.7,6.7,1.3
25639,"Sandwich, baguette, dry sausage and butter, takeaway",293,10.4,36.9,11.3,1.2
25640,"Sandwich, baguette, camembert cheese and butter, takeaway",303,11.4,32.9,13.7,1.4
25641,"Sandwich, club, wholemeal bread, dry sausage, prepacked",336,11.9,26.3,19.5,3.46
25642,"Grated celeriac and carrot salad, with remoulade sauce, prepacked",79.6,1,5.43,5.33,3
25643,"Chicken burger, prepacked",230,12.4,25.2,8.43,1.98
25644,"Cheeseburger, prepacked",265,13.6,22.7,13,1.47
25645,"Sandwich, club, wholemeal bread, bacon and raw vegetables, prepacked",257,9.28,25.8,12.4,2.58
25646,"Sandwich, wrap, vegetarian",246,9.28,19.5,13.8,3.67
25647,"Sandwich, wrap, chicken and raw vegetables",222,9.57,23.6,9.22,2.87
25648,"Sandwich, wrap, ham and raw vegetables",234,8.55,25.2,10.4,3.07
25649,"Crepe or buckwheat pancake, filled with lardoons and goat cheese, prepacked",196,8.08,16.3,10.6,1.63
25650,"Sandwich, club, wholemeal bread, tuna, egg and raw vegetables, prepacked",196,9.78,23.1,6.65,2.64
25651,"Sandwich, club, wholemeal bread, smoked salmon, prepacked",206,8.63,24.1,7.69,2.68
25652,"Sandwich, club, wholemeal bread, ham, egg and raw vegetables, prepacked",213,8.97,25.6,7.65,3.2
25653,"Sandwich, club, wholemeal bread, ham, cheese and raw vegetables, prepacked",227,9.81,22.9,9.92,3.38
25654,"Sandwich, club, wholemeal bread, ham and raw vegetables, prepacked",197,8.51,22.4,7.58,2.66
25655,"Sandwich, Viennese bread, ham, egg and raw vegetables, prepacked",236,9.16,26.6,9.77,2.2
25656,"Sandwich, Viennese bread, tuna, egg and raw vegetables, prepacked",229,9.74,26.6,8.73,2.5
25657,"Sandwich, Viennese bread, chicken, egg and raw vegetables, prepacked",218,9.94,27,7.32,2.33
25658,"Sandwich, Viennese bread, chicken and raw vegetables, prepacked",234,10.1,26.4,9.28,2.2
25659,"Sandwich, polar bread, chicken and raw vegetables, prepacked",218,9.81,28.1,7.01,1.9
25660,"Sandwich, polar bread, salmon, prepacked",238,10.7,27.2,9.05,2.25
25661,"Sandwich, polar bread, ham and cheese, prepacked",266,10.5,27.2,12.3,2.27
25662,"Sandwich, club, wholemeal bread, chicken, prepacked",229,11.2,25.3,8.5,3.43
25663,"Sandwich, baguette, chicken, raw vegetables, prepacked",216,9,28.2,7,2.17
25664,"Potato salad, with tuna, prepacked",124,5.57,8.13,7.7,
25665,"Potato salad, with sausage, prepacked",156,3.08,8.75,11.6,2.1
25666,"Mixed salad with raw vegetables, cold meat and cheese, with sauce, prepacked",153,7.45,4.96,10.9,2.43
25667,"Mixed salad with raw vegetables and fish products, with sauce, prepacked",120,4.78,7.58,7.5,1.6
25668,"Mixed salad with raw vegetables, egg and fish products, with sauce, prepacked",108,4.76,3.77,7.57,2.8
25669,"Mixed salad with raw vegetables, chicken and cheese, with sauce, prepacked",150,7.13,5.28,10.8,1.57
25670,"Mixed salad with raw vegetables and chicken, with sauce, prepacked",88,4.13,4.28,5.35,3.1
25671,"Pizza, goat cheese, prepacked",241,9.95,27.1,9.86,2.2
25674,"Egg roll or nem, prepacked, cooked (average)",216,7.45,22.4,10,2.8
25900,"Soup, lentil, prepacked, to be reheated",63.3,3.19,7.64,1.87,1.59
25901,"Soup, chicken and vegetables, prepacked, to be reheated",30.8,3.09,2.6,0.8,0.4
25903,"Soup, mixed vegetables, prepacked, to be reheated",36.8,0.84,4.5,1.45,1.23
25904,"Soup, fish and/or crustacean, prepacked, to be reheated",50,4.11,2.71,2.35,0.8
25905,"Soup, mixed vegetables, dehydrated and reconstituted",35.5,0.76,5.7,0.91,0.74
25907,"Soup, leek and potato, prepacked, to be reheated",37.1,0.91,5.12,1.25,0.88
25908,"Soup, chicken and vermicelli, prepacked, to be reheated",23.2,1.24,3.28,0.56,0.25
25909,"Broth or stock, meat and vegetables, dehydrated and reconstituted",5.76,0.53,0.24,0.3,0
25910,"Soup, onion, prepacked, to be reheated",60.8,1.64,4.26,3.83,1.38
25912,"Soup, mushroom, prepacked, to be reheated",40.3,0.94,4.1,2.12,0.61
25913,"Soup, carrots, prepacked, to be reheated",35.8,0.68,4.03,1.61,1.26
25914,"Soup, tomato, prepacked, to be reheated",36.2,0.76,5.88,0.88,0.95
25915,"Soup, chorba frik, with meat and frik",62.9,3.75,5.4,2.5,1.9
25916,"Soup, minestrone, prepacked, to be reheated",46.5,1.51,4.97,1.93,1.65
25917,"Soup, pistou, dehydrated and reconstituted",27,1.01,4.77,0.28,0.69
25919,"Soup, fish and/or crustacean, dehydrated and reconstituted",40.9,0.91,5.66,1.54,0.39
25923,"Soup, Asian-style with noodles, dehydrated and reconstituted",38.4,1.12,5.69,1.14,0.47
25924,"Soup, Moroccan, dehydrated and reconstituted",39.9,2.07,6.43,0.46,1.03
25925,"Soup, leek and potato, dehydrated and reconstituted",36.2,0.76,4.93,1.4,0.45
25928,"Soup, chicken and vegetables, dehydrated and reconstituted",27.3,0.99,4.58,0.44,0.51
25930,"Broth or stock, beef, dehydrated and reconstituted",6.14,0.85,0.36,0.15,0
25932,"Soup, asparagus, dehydrated and reconstituted",37.4,0.79,5.38,1.34,0.36
25933,"Soup, tomato and vermicelli, prepacked, to be reheated",38,1.2,6.09,0.77,1.01
25934,"Soup, cereals and vegetables, dehydrated and reconstituted",47.8,1.4,6.8,1.4,1.2
25935,"Soup, tomato, dehydrated and reconstituted",39.6,0.98,6.45,0.98,0.72
25936,"Soup, mushroom, dehydrated and reconstituted",37.7,0.66,4.86,1.67,0.33
25942,"Soup, onion, dehydrated and reconstituted",19.4,0.5,3.36,0.38,0.34
25945,"Soup, pumpkin, prepacked, to be reheated",36.2,0.66,4.48,1.51,0.99
25947,"Broth or stock, poultry, dehydrated and reconstituted",7.19,1.23,0.28,0.13,0
25948,"Broth or stock, vegetables, dehydrated and reconstituted",4.78,0.34,0.51,0.16,0
25949,"Soup, tomato and vermicelli, dehydrated and reconstituted",27.7,0.8,5.36,0.29,0.33
25950,"Soup, chicken and vermicelli, dehydrated and reconstituted",21.2,0.78,3.85,0.24,0.32
25953,"Soup, pistou, prepacked, to be reheated",52.6,1.88,3.94,2.8,2.06
25954,"Soup, pumpkin, dehydrated and reconstituted",36.1,0.72,4.95,1.32,0.81
25955,"Soup, Asian-style with noodles, prepacked, to be reheated",33.5,1.3,4.06,1.23,0.52
25956,"Soup, minestrone, dehydrated and reconstituted",32.4,1.11,5.56,0.44,1.01
25957,"Soup, watercress, dehydrated and reconstituted",25.1,0.42,3.95,0.8,0.19
25958,"Soup, watercress, prepacked, to be reheated",34,1,5.4,0.8,0.6
25962,"Soup, vegetables with cheese, prepacked, to be reheated",46.3,1.26,4.77,2.26,0.92
25963,"Soup, green vegetables, prepacked, to be reheated",35,1.13,3.96,1.38,1.16
25964,"Soup, green vegetables, dehydrated and reconstituted",32,0.63,4.84,1.05,0.48
25965,"Soup, split peas, prepacked, to be reheated",48.8,2.47,5.69,1.47,1.47
25967,"Soup, gazpacho type, cold, prepacked",40.2,0.81,3.21,2.33,1.07
25968,"Soup, asparagus, prepacked, to be reheated",57.6,1.54,3.8,3.8,1.05
25969,Soup (average),39.5,1.42,4.81,1.42,0.94
25970,"Broth or stock, meat and vegetables, with fat, dehydrated",212,11.6,28.9,5.4,0
25971,"Broth or stock, meat and vegetables, defatted, dehydrated",197,10.8,30.9,3.1,0
25972,"Soup, miso, dehydrated, reconstituted",16.5,1.24,2.37,0.34,0.1
25973,"Soup, vegetables and vermicelli, dehydrated and reconstituted",35.6,0.8,6.19,0.77,0.33
25974,"Soup, vegetables and vermicelli, prepacked, to be reheated",37,1.07,5.4,1.01,1.01
25975,"Soup, beef and vermicelli, dehydrated and reconstituted",22.6,0.87,4.29,0.15,0.28
25976,"Soup, Asian-style with chicken and noodles, prepacked, to be reheated",67.6,3.96,6.3,2.75,0.94
25990,"Mahimahi, flesh, cooked",109,23.7,1.47,0.9,0
25991,"Mahimahi, flesh, raw",84.9,18.5,1.15,0.7,0
25992,"Salmon, smoked, with spices",199,22.6,1.44,11.4,0
25993,"Salmon, smoked, marinated with dill and lemon",201,21.2,0.37,12.8,0
25994,"Mackerel, grilled filet, canned in sauce, drained",259,18.8,0.96,19.7,0.6
25996,"Salmon, cooked (average)",205,23.2,0.61,12.2,0
25997,"Cod, cooked (average)",100,23.3,0,0.76,0
25998,"Atlantic herring, smoked",163,18.1,0.44,9.9,0
25999,"Anchovy, fillets, rolled with capers, salted, in oil, semi-preserved, drained",195,22.9,1.56,10.6,0.98
26000,"Anchovy, fillets, marinated in oil, semi-preserved, drained",167,20.6,0.47,9.08,0
26001,"American bass, raw",113,20.3,0,3.58,0
26002,"European plaice, breaded, fried",271,14.3,15.2,16.8,1
26003,"European plaice, steamed",93,19,0,1.89,0
26004,"Lump roe, semi-preserved",77.8,10.4,1.01,3.48,0.4
26005,"Caviar, semi-preserved",254,25,0,17.1,0
26006,"Alaska pollock, raw",72.6,16.3,0.51,0.61,0
26008,"Haddock, steamed",89,20.9,0,0.6,0
26009,"Atlantic halibut, raw",96.5,21.2,0,1.31,0
26010,"Atlantic herring, marinated, or rollmops, prepacked",189,13.7,1.95,13.8,0
26011,"Atlantic herring, raw",176,17.7,0,11.7,0
26012,"Atlantic herring, fried",201,23,0,12.1,0
26013,"Atlantic herring, smoked, canned in brine",167,16.5,0.5,11,0
26014,"Atlantic herring, grilled/pan-fried without added fat",193,21.6,1,11.4,0
26015,"Saithe, cooked",99.7,23.1,0,0.81,0
26016,"Lemon sole, breaded, fried",206,16.7,11.9,10.2,0
26017,"Lemon sole, steamed",97.7,17.4,1.9,2.27,0
26018,"Anglerfish, raw",67,15.1,0,0.74,0
26019,"Mackerel, roasted/baked",228,21.5,0,15.8,0
26020,"Mackerel, fried",186,23.6,0,10.2,0
26021,"Whiting, fried",127,23.1,0.55,3.61,0
26022,"Whiting, steamed",98.3,23,0,0.7,0
26023,"Cod, roasted/baked",94.6,22.3,0,0.6,0
26024,"Cod, salted, boiled/cooked in water",113,26,0,1.01,0
26025,"Cod, steamed",106,24.5,0,0.95,0
26026,"Mullet, roasted/baked",143,24.8,0,4.86,0
26027,"Pilchard, in tomato sauce, canned, drained",157,13,1.5,11,0
26028,"Fish nuggets, breaded croquette, prepacked",255,13.2,18.4,13.7,2.5
26029,"Fish, breaded, frozen, raw",163,11,15.6,6.14,0.9
26030,"Fish, breaded, fried, prepacked",194,11.9,13.5,10,0.8
26031,"Ray, roasted/baked",96.3,23,0,0.5,0
26033,"Nursehound or lesser spotted dogfish, cooked",104,25.4,0,0.29,0
26034,"European pilchard or sardine, in oil, canned, drained",217,23.3,0.31,13.7,0
26035,"European pilchard or sardine, in tomato sauce, canned, drained",194,20.2,1.83,11.6,1
26036,"Salmon, raw, farmed",193,20.5,0,12.4,0
26037,"Salmon, smoked",184,22.2,0.13,10.5,0.26
26038,"Salmon, steamed",199,23,0.9,11.5,0
26039,"Tuna, canned in brine, drained",143,26.8,0,3.94,0
26040,"European pilchard or sardine, in olive oil, canned, drained",224,23.3,0.11,14.5,0
26041,"Tuna, roasted/baked",136,29.9,0,1.83,0
26042,"Turbot, wild, raw",91.5,17.2,0,2.54,0
26043,"Cod, raw",77.4,18.1,0,0.57,0
26044,"European hake, raw",82.6,17.6,0,1.35,0
26046,"Surimi, on sticks, in slices or grated, crab flavour",117,7.54,11.8,4.33,0.73
26047,"Saithe, frozen, raw",82.4,19.8,0,0.37,0
26048,"Hake, fillet, frozen, raw",88.8,15.1,1.7,2.4,0
26051,"Mackerel, raw",198,18.1,0.93,13.5,0
26052,"Ray, raw",91.9,21.4,0.5,0.47,0
26053,"Tuna, raw",155,24,2.72,5.38,0
26055,"European plaice, raw",88.6,20,0,0.94,0
26056,"Cod roe, smoked, semi-preserved",154,29,0.1,4.2,0
26057,"Common dab, raw",80.8,18.3,0,0.85,0
26058,"Common sole, raw",77.3,18,0,0.6,0
26059,"Common sole, steamed",94.6,20.3,0,1.48,0
26060,"Common sole, roasted/baked",78.2,15.7,0,1.69,0
26061,"Common sole, boiled/cooked in water",69,15,0,1,0
26062,"Common sole, fried",72.2,15.8,0,1,0
26063,"Spiny scorpionfish, raw",87.6,18.9,0,1.33,0
26064,"Yellowfin tuna, raw",112,25,1,0.94,0
26065,"European pilchard or sardine, raw",160,19.5,0,9.17,0
26068,"Skipjack tuna, raw",97.1,22,0,1.01,0
26069,"Atlantic bluefin tuna, raw",157,23.3,0.59,6.81,0
26072,"European bass, raw",86.1,19.1,0.9,0.7,0
26073,"Ray, cooked in an aromatic stock",97.8,23.2,0,0.57,0
26074,"Nursehound or lesser spotted dogfish, raw",97.8,23.3,0,0.5,0
26075,"Atlantic bass, raw",89.9,16.6,0,2.61,0
26076,"Albacore, raw",121,27.2,0,1.37,0
26077,"Albacore, steamed under pressure",165,30,0,5.06,0
26079,"Anchovy, raw",129,18.6,0,6.07,0
26080,"Gilthead seabream, wild, raw",95.6,18.1,0.6,2.31,0
26081,"Anglerfish, grilled/pan-fried without added fat",98.2,23,0,0.68,0
26082,"Swordfish, raw",134,18.9,1,5.97,0
26083,"Pond smelt, raw",85.4,17.5,0,1.7,0
26084,"Megrim, raw",93.4,19.9,0,1.53,0
26085,"Surmullet or red mullet, raw",158,18.4,0,9.37,0
26086,"Mackerel, fillet, in tomato sauce, canned, drained",240,17.7,5.5,16.3,0.1
26087,"Mackerel, smoked",289,19.8,0.92,22.9,0
26088,"Gilthead seabream, raw, farmed",129,20.9,0,5.1,0
26090,"Haddock, smoked",97,22.6,0,0.73,0
26091,"Mullet, raw",118,20.1,1.35,3.62,0
26092,"Sea trout, raw",114,19.6,0.81,3.63,0
26093,"Swordfish, roasted/baked",266,28.7,0,16.9,0
26094,"Turbot, roasted/baked",121,21.3,0.83,3.64,0
26095,"Whiting, raw",79.2,18.8,0,0.47,0
26096,"Mackerel, fillet, in mustard sauce, canned, drained",218,20.8,1.5,14.2,0.67
26097,"Mackerel, fillet in white wine, canned, drained",202,17.8,1,14.1,0
26098,"Cod, salted, dried",210,47.6,1.1,1.67,0
26099,"Black seabream, raw",129,20.5,0,5.27,0
26100,"Bogue, raw",92.1,17.9,0.53,2.03,0
26101,"Bonito, raw",161,22.3,0,8.01,0
26102,"Atlantic chub mackerel, raw",135,22.1,0,5.15,0
26103,"Common dentex, raw",102,17,0.65,3.5,0
26104,"John dory, raw",86.7,19.9,0,0.8,0
26106,"Red gurnard, raw",108,19,3.4,2,0
26107,"Brown meagre, raw",87.2,20,0,0.8,0
26108,"Capelin, raw",90,18.7,0,1.71,0
26109,"Blackspot seabream, raw",102,21,0,2,0
26110,"Surmullet or red mullet, steamed",143,24.1,0,5.2,0
26111,"Salema, raw",96.5,18,0.5,2.5,0
26113,"Horse mackerel, raw",116,19,0,4.42,0
26119,"Salmon, canned, drained",144,21,4.9,4.5,0
26120,"European hake, braised",112,21.2,0,3,0
26122,"Haddock, raw",76.2,17.3,1.02,0.35,0
26123,"Mackerel, fillet (grilled or not grilled), canned in brine, drained",221,18.8,0.02,16.2,0
26124,"Whiting, breaded",190,12.6,13,9.57,0.9
26125,"Pacific cod, raw",64.8,15.3,0,0.41,0
26126,"Haddock, grilled/pan-fried without added fat",84.9,20,0,0.55,0
26127,"Conger, raw",127,18.3,3.15,4.6,0
26128,"Roundnose grenadier, raw",68.9,15.4,0,0.81,0
26129,"Pollack, raw",75.5,17.7,0,0.51,0
26130,"Ling, raw",80.8,19.2,0,0.44,0
26133,"Pouting, raw",81.3,19.7,0,0.33,0
26134,"Saithe, raw",82.5,18.8,0,0.8,0
26135,"Lemon sole, raw",80.6,17,0,1.4,0
26136,"European pilchard or sardine, grilled/pan-fried without added fat",194,25.1,0,10.4,0
26140,"Fish, cooked (average)",142,22.5,0.32,5.62,0
26141,"Cod liver, raw",623,5,1,66.6,0
26142,"Cod liver, canned, drained",433,7.25,1,44.4,0
26146,"Snapper, raw",94.1,20.5,0,1.34,0
26147,"Snapper, cooked",121,26.3,0,1.72,0
26148,"Spiny scorpionfish, steamed",126,24.6,0,3.1,0
26151,"Trout roe, canned",209,26.3,4,9.5,1
26152,"Alaska pollock, smoked",81.3,18.3,0,0.9,0
26153,"Largehead hairtail, raw",125,18,0,5.9,0
26154,"Greenland halibut, raw",168,13.5,0,12.7,0
26157,"Crevalle jack, raw",104,19.9,0,2.7,0
26159,"Bigeye scad, raw",70.9,17.5,0,0.1,0
26161,"Salmon, wild, raw",166,21,0,9.17,0
26162,"Shark, raw",115,20.8,1.34,2.91,0
26166,"Garfish, raw",145,20,3.06,5.91,0
26168,"Lump fish, raw",168,10,0,14.2,0
26170,"Freshwater bream, raw",108,16.9,1.03,4,0
26171,"Arctic char, raw",103,19.8,0,2.7,0
26172,"Spotted wolffish, raw",108,16.3,0,4.8,0
26173,"European sprat, raw",189,19.8,0.57,11.9,0
26174,"Turbot, raw",85.5,17.9,0,1.55,0
26175,"European whitefish, raw",115,20.5,0,3.72,0
26177,"Anchovy, fillets, salted, in oil, semi-preserved, drained",199,24.9,0,11,0
26178,"Grouper, raw",85.2,18.6,0.72,0.86,0
26179,"Albacore, in olive oil, canned, drained",192,31.3,1.01,6.95,0
26180,"Tuna, whole slice, in sunflower oil, canned, drained",206,23.3,0.76,12.2,0
26181,"Yellowfin tuna, canned in brine, drained",127,24.8,3.67,1.46,0
26186,"Mackerel, marinated",185,16.3,,13.3,0
26192,"Pollock, cooked",97.8,24.4,0,0,0
26194,"Blue ling, raw",79.6,18.9,0,0.44,0
26200,"Tonguesole, raw",70.3,15.7,0.53,0.58,0
26201,"Turbot, farmed, raw",109,18.3,0,3.94,0
26205,"Mediterranean bass, raw, wild",97.9,20.1,0,1.94,0
26206,"Mediterranean bass, raw, farmed",124,21.4,0,4.25,0
26208,"Anglerfish (Lophius budegassa), raw",70.2,16.7,0,0.37,0
26210,"Golden redfish, raw",89.5,18.8,0,1.6,0
26211,"Salmon, microwaved, farmed",200,24.2,0,11.4,0
26213,"Grenadier, from any fishing spot, raw",92.3,17.8,0,2.36,0
26214,"Blue grenadier, raw",75.5,15.6,0,1.46,0
26217,"Salmon, boiled/cooked in water, farmed",193,25,0,10.3,0
26219,"Tub gurnard, raw",97.4,20.3,0,1.79,0
26222,"Black seabream, roasted/baked",127,22.9,1.43,3.3,0
26223,"Coho salmon, raw",147,21.4,0,6.8,0
26229,"Salmon, grilled/pan-fried without added fat",223,25.5,0,13.5,0
26230,"Salmon, farmed, roasted/baked",214,22.1,0.98,13.5,0
26231,"European pilchard or sardine, fillets without fishbone, in olive oil, canned, drained",202,23.2,1.16,11.6,0
26232,"Atlantic herring, smoked, in oil",168,15.1,2,11,0
26233,"Shallow-water Cape hake, frozen, raw",78,16.1,0,1.52,0
26234,"Ling, cooked",98,24.5,0,0,0
26235,"Horse mackerel, lean (spring, summer), raw",96.7,18.7,0,2.42,0
26236,"Horse mackerel, oily (autumn, winter), raw",147,19.6,0,7.66,0
26237,"Atlantic herring, lean, raw",111,18.3,0,4.22,0
26238,"Atlantic herring, oily, raw",175,18.7,0.77,10.8,0
26239,"Surimi, filled with fresh cheese",148,6.6,9.24,9.3,0
26240,"Big-scale sand smelt (whole small fish), to fry, raw",88.9,17.5,0,2.1,0
26241,"Blue shark, fillet, without skin, raw",73.5,15,0,1.5,0
26242,"Tuna, flaked, in tomato sauce, canned, drained",140,13,4.33,7.67,0.67
26243,"Tuna, in Catalan-style or tomato sauce, canned",149,12,6,8.6,0
26244,"Surmullet or red mullet, fillet with skin, frozen, raw (from Thailand or Senegal)",96.7,16.3,0,3.5,0
26245,"Tuna, flaked, in sunflower oil, canned, drained",227,23.4,0,14.8,0
26247,"Greenland halibut, steamed",179,17.3,1.28,11.6,0
26248,"Common sole, grilled/pan-fried without added fat",94.4,23.6,0,0,0
26249,"White fish, cooked (average)",114,22,0.32,2.74,0
26256,"Ham and mushroom pancake in cheese sauce, prepacked",151,8.6,11.9,7.5,0.6
26257,"Grated carrot salad, with sauce, prepacked",74.2,0.84,5.67,4.77,2.61
26258,"Beetroot salad, with sauce, prepacked",59.4,1.44,5.11,3,2.7
26259,"Coleslaw salad, with sauce, prepacked",105,0.94,5.78,8.1,3
26260,"Cucumber salad, with fresh cream/cheese sauce, prepacked",77.9,1.06,0.58,7.5,1.5
26261,"Lentil salad with smoked sausage, prepacked",177,7,8.9,11.8,3.6
26262,"Greek salad, with sauce, prepacked",81.5,2,1.4,7.1,2
26263,"Rice salad, with tuna and vegetables, with sauce, prepacked",145,5.08,16.8,5.98,1.77
26264,"Gnocchi, from potato, raw",176,4.66,35,1.42,2.2
26265,"Gnocchi, from semolina, raw",200,6.2,37,2.6,1.9
26266,"Croissant filled with ham and cheese, prepacked",258,8.92,22,14.5,2
26267,"Tart, goat cheese and spinach, prepacked",233,6.69,21.3,13.1,1.48
26268,"Pie, squid and spicy tomato sauce, prepacked",285,8.5,29.4,14.4,1.8
26269,"Tabbouleh or couscous salad, with chicken, prepacked",176,5.9,20.1,7.45,2.47
26270,"Pizza, tuna, prepacked",235,10.2,23.7,10.6,2.15
26271,"Pizza, kebab, prepacked",211,9.4,26.6,7.01,1.85
26272,"Pizza, chicken, prepacked",211,9.88,28.2,6.09,2.07
26273,"Pizza, raclette or tartiflette cheese, prepacked",246,9.66,27.3,10.4,1.9
26274,"Pizza, cured ham, prepacked",234,10.9,27.4,8.53,2.17
26275,"Salmon roe, semi-preserved",240,30.8,5.16,10.5,1
26276,"Pasta salad, with surimi, with sauce, prepacked",208,4.19,14.1,14.5,1.7
26277,"Mixed salad, Alaska-style, with surimi, pineapple, carrot, with sauce, prepacked",170,3.81,7.12,13.4,2.3
26278,"Pasta salad, with chicken, cheese and raw vegetables, with sauce, prepacked",175,8.19,12.4,9.5,2.2
26279,"Pasta salad, with chicken, egg, cheese and raw vegetables, with sauce, prepacked",167,8.19,12.4,8.7,2.2
26280,"Pasta salad, with ham, cheese and raw vegetables, with sauce, prepacked",191,7.31,15.1,10.6,2.2
26281,"Red cabbage salad, with sauce, prepacked",103,1.23,4.73,8.25,2.25
26282,"Pasta salad, with chicken and raw vegetables, with sauce, prepacked",131,5.91,13.5,5.52,1.9
26692,"Anchovy, fillets, marinated in oriental style (oil,chili pepper…), semi-preserved, drained",165,19.6,0.48,9.19,1.09
26693,"Anchovy, fillets, salted, in sunflower oil, semi-preserved, drained",211,24.5,0.54,12.3,0
26694,"Anchovy, fillets, salted, in olive oil, semi-preserved, drained",197,25,1.36,9.9,1.1
26695,"Salmon, wild, smoked",121,23.6,0.05,2.91,0
26696,"Salmon, smoked, farmed",188,22.1,0.14,11,0
26697,"European pilchard or sardine, in sunflower oil, canned, drained",219,23.5,0.27,13.8,0
26698,"European pilchard or sardine, in peanut oil, canned, drained",223,21.2,1.07,14.9,0
26700,"Anchovy, marinated, semi-preserved, drained (average)",186,20.3,0.48,11.3,0.73
26998,"Salmon trout, sautéed/pan-fried without added fat",146,22,0,6.4,0
26999,"Eel, cooked (average)",213,22.1,0,13.8,0
27000,"Eel, roasted/baked",229,23.6,0,15,0
27001,"Eel, boiled/cooked in water",197,20.5,0,12.7,0
27002,"Northern pike, roasted/baked",100,23.1,0,0.88,0
27003,"Carp, raw, farmed",114,17.7,0,4.76,0
27004,"Carp, roasted/baked",151,21.6,0,7.17,0
27005,"European perch, roasted/baked",119,22.1,0,3.42,0
27006,"Trout, roasted/baked",183,26.6,0,8.47,0
27007,"Trout, steamed",99.4,19,0,2.6,0
27008,"Trout, raw, farmed",133,19.3,0,6.22,0
27009,"Rainbow trout, raw, farmed",132,19,0,6.24,0
27010,"European perch, raw",84.6,17.9,0.6,1.19,0
27011,"Northern pike, raw",87.7,18.8,1,0.94,0
27012,"Sturgeon, raw",127,17.7,0.87,5.84,0
27014,"Rainbow trout, farmed, roasted/baked",143,21.5,0,6.33,0
27015,"Rainbow trout, farmed, steamed",117,20,0,4.14,0
27016,"Eel, raw",240,16.1,2.06,18.6,0
27017,"Brown bullhead, raw",65.2,13.5,0,1.27,0
27018,"Pangasius, filets, cooked",79,17.5,0,1,0
27019,"Tilapia, raw",91.6,18.1,0,2.13,0
27021,"Salmon trout, raw",143,19.2,0,7.4,0
27023,"Burbot, raw",77,17.8,0,0.66,0
27024,"Pike-perch, raw",87.2,18.3,1.06,1.08,0
27025,"Nile perch, raw",82.4,19.1,0,0.68,0
27029,"Trout, smoked, farmed",171,22.3,3.17,7.69,0.28
27030,"European bass, roasted/baked",151,22.2,1.02,6.51,0
27031,"Gilthead seabream, roasted/baked",148,23.6,0,5.9,0
28001,"Pork, shoulder, raw",178,18.9,0.38,11.2,0
28002,"Pork, belly, raw",253,17,0,20.5,0
28010,"Pork, shoulder, cooked",253,30,0,14.8,0
28100,"Pork, chop, raw",164,19.8,0.38,9.3,0
28101,"Pork, chop, grilled/pan-fried",211,29.6,0,10.3,0
28102,"Pork, round steak, raw",149,20.2,0,7.56,0
28103,"Pork, round steak, cooked",266,36.9,0,13.1,0
28104,"Pork, rack, raw",146,22.7,0.4,5.94,0
28105,"Pork, rack, cooked",206,34.1,0.6,7.45,0
28202,"Pork, tenderloin roast, cooked",198,28.3,0,9.39,0
28203,"Pork, filet mignon, cooked",168,26.1,0,7.1,0
28204,"Pork, filet mignon, raw",123,21.2,0.4,4.09,0
28205,"Pork, meat, cooked (average)",207,29.4,0.22,9.89,0
28300,"Pork, roast, raw",153,22.3,0.5,6.86,0
28301,"Pork, roast, cooked",163,30.5,0.65,4.31,0
28302,"Pork, loin, raw",238,17.1,0.1,18.8,0
28400,"Pork, spare-ribs, raw",237,18,0.6,18,0
28401,"Pork, spare-ribs, braised",332,23.1,0,26.6,0
28451,"Pork, loin, roasted/baked",295,26.2,0,21.2,0
28460,"Pork, ham escalope, raw",129,21.5,0,4.76,0
28461,"Pork, ham escalope, cooked",200,36,0,6.2,0
28470,"Pork, back fat, rind less, raw",744,4.51,0.1,80.6,0
28471,"Pork, jowl, rind less, raw",475,11.6,0.14,47.5,0
28472,"Pork, shoulder lower half, without rind, fat and bone, raw",187,18.9,0.23,12.3,0
28473,"Pork, way leg, without rind, fat and bone, raw",141,20.9,0.28,6.3,0
28474,"Pork, knuckle oh ham, without rind, fat and bone, raw",148,20.2,0.28,7.31,0
28475,"Pork, 90/10 trimming, raw",212,18.8,0.24,15.1,0
28476,"Pork, 80/20 trimming, raw",293,17.3,0.26,24.7,0
28477,"Pork, shoulder upper half, without rind, fat and bone, raw",174,19.9,0.25,10.4,0
28479,"Pork, belly, flank removed, raw",323,15.9,0.22,28.7,0
28480,"Pork, eye of shortloin, raw",146,22.3,0.37,6.2,0
28501,"Lardoons, plain, raw",269,16.6,1.01,22.1,0.38
28502,"Pork belly, cured, smoked, raw",303,15.6,0.79,26.1,1
28503,Bresaola,172,32.8,0.49,4.3,0
28504,"Lardoons, plain, cooked",324,23.8,2,24.5,0
28505,"Corned-beef, canned",191,23.2,0,10.9,0
28507,"Pork belly, cured, plain, raw",288,15.7,0.76,24.7,0.29
28530,"Pig's ear, brined",228,22.5,0.6,15.1,0
28540,"Pig's trotter, brined",137,11.6,0.01,10,0
28550,"Pork belly, brined",270,16.8,1.3,22,0
28700,"Pork ham, to cook / roast / bake",163,18.8,1.75,9,0
28720,"Lardoons, smoked, raw",272,16.7,0.35,22.6,0.34
28723,"Lardoons, plain, low salt, raw",246,17.9,0.78,19,0.13
28725,"Lardoons, smoked, cooked",277,14.7,4.8,22.1,0
28727,"Bacon, back",118,23.1,0.7,2.6,0
28800,Cured ham,239,25.9,4.27,13.2,0
28801,"Cured ham, smoked",246,24.2,0.98,16.1,0
28803,"Cooked ham, smoked",135,20,0.79,5.8,0.1
28804,"Cured ham, smoked, reduced fat",142,27.7,0.1,3.4,0
28811,"Cured ham, from Bayonne, smoked",243,28,4.51,12.6,0
28812,Dry-cured ham,230,28.7,0.48,12.6,0
28844,"Dry-cured ham, from Parma",248,27.2,0.3,15.4,0
28845,"Dry-cured ham, Serrano",235,30.4,0.76,12.3,0
28850,Coppa,284,25,1,20,0
28858,Pancetta,349,20.2,2.49,28.8,0
28860,Viande des Grisons or dried beef meat,207,38.9,0.56,5.47,0
28900,"Cooked ham, superior quality",113,21,0.76,2.83,0
28901,"Cooked ham, superior quality, with rind",118,20.4,0.91,3.59,0.25
28902,"Cooked ham, superior quality, rind less",117,20.5,0.77,3.52,0.05
28905,Braised ham on the bone,198,21.6,0.3,12.3,0
28906,"Cooked ham, superior quality, rind less defatted",115,20.3,0.14,3.66,0.32
28907,"Cooked ham, superior quality, rind less defatted, low salt",121,20.8,0.74,3.83,0
28910,"Cooked ham, choice",125,19.5,1.7,4.5,0.08
28911,"Cooked pork shoulder, choice, rind less defatted",124,18,2.8,4.5,0
28912,"Cooked ham, choice, with rind",137,19.4,0.55,6.3,0
28913,"Cooked ham, choice, rind less defatted",115,19.6,1.88,3.24,0.15
28917,"Round of ham, cooked",182,20.3,1.4,10.6,0
28922,"Ham, cube, grated or minced",120,17.9,2.08,4.46,0.36
28924,"Cooked pork shoulder, standard, rind less defatted",123,13.7,2.89,5.98,1.3
28925,"Cooked ham, Parisian-style, rind less defatted",115,20,1.08,3.42,0
28927,"Poultry, minced meat",137,17.7,3.5,5.68,0.63
28929,"Ham, from poultry, cube, grated or minced",132,18,1.58,5.88,0.5
28960,"Knuckle of ham, cooked",157,20,5.43,6,0.4
28963,"Cooked ham, from chicken, in slices",105,20.7,1.39,1.79,0.53
28964,"Cooked ham, from turkey, in slices",99.3,20.9,0.02,1.67,0.39
28965,"Cooked ham, from poultry, low salt, in slices",108,21.3,1.6,1.65,0.71
28976,"Poultry roast, brined, cooked",109,22,1.28,1.73,0.44
29209,"Soy drink with concentrated fruit juice, prepacked",56.2,2.3,9.5,1,0
3000,"Baby milk, infant formula, powder",496,10.9,55,25.3,2.48
30005,"Chipolata sausage, cooked",283,18.8,0.8,22.4,0
30011,"Toulouse sausage, cooked",279,18.8,1.28,22.1,0
3002,"Baby milk, follow-on formula, powder",484,11.6,56.3,23.2,2.14
30050,"Sausage meat, raw",323,14.7,0.6,29.1,0
30051,"Sausage meat, pure pork, raw",258,16.9,0,21.2,0
30052,"Sausage meat, pork and beef, raw",309,11.8,4.4,26.5,2.6
30102,"Smoked sausage, raw",336,15.6,,30.4,0
30104,Morteaux sausage,398,16,1.17,36.6,0
30105,Montbeliard sausage to cook,322,17.3,1.72,27.3,0
30108,"Morteaux sausage, boiled/cooked in water",323,15.2,0,29.1,0
30110,"Toulouse sausage, raw",321,13.3,0.64,29.5,0
30115,"Chipolata sausage, raw",253,15.8,1,20.6,0.4
30125,Smoked Alsatian sausage or Landjäger,300,19,,24.9,0
30130,"Poultry sausage, delicatessen-style",239,15.6,1.14,19.1,0
30131,"Poultry sausage, knack-style",236,14,1.82,18.9,0
30134,Frankfurter sausage,279,13.7,3.37,23.4,0
30150,"Merguez sausage, raw",301,13.8,1.15,26.8,0
30151,"Merguez sausage, raw (average)",381,12.8,,36.3,0
30152,"Merguez sausage, pure beef, raw",436,11,,43.5,0
30153,"Merguez sausage, pork and beef, raw",415,11.5,,41,0
30154,"Merguez sausage, beef, mutton and pork, raw",358,14.6,,33.3,0
30155,"Merguez sausage, beef and mutton, cooked",283,19.8,1.8,21.8,0
30156,"Merguez sausage, beef and mutton, raw",315,14,2.8,27.6,0
30176,Liver sausage,374,11.7,0.9,35.9,0.3
30177,"Diot (sausage from Savoy), raw",342,18,,30,0
30181,"Soy-based minced meat imitate, prepacked",143,11.5,7.01,5.8,5.23
30300,Dry sausage,418,24.2,5.48,33.1,0.73
30301,"Dry sausage, pure pork",417,28.7,1.79,32.3,0
30302,"Dry sausage, pure pork, superior quality",368,27.7,2.1,27.6,0
30304,Rosette dry sausage,392,24.2,4.86,30.7,0
30308,"Dry sausage, from Lyon, pure pork",255,12.8,0.83,22,1
30309,"Dry sausage, thin size",460,27.3,4.04,37.1,0.59
30311,Dry sausage with walnuts and/or hazelnuts,477,27.7,1.78,39.7,0.75
30312,"Dry sausage, with pepper",374,23.5,1.51,30.3,0.83
30314,"Dry sausage, reduced fat",286,34.6,1.57,15.7,0.5
30315,Spicy pork sausage with red pepper,425,23.5,1.24,36.1,0.93
30316,"Spicy pork sausage with red pepper, dry",474,20.9,1.87,41.9,0.53
30317,"Spicy pork sausage with red pepper, in slices",320,22.6,1.47,23.9,0.3
30350,Salami,457,17.7,2.59,41.8,0
30351,"Salami, pure pork",446,17,0.75,41.5,0.5
30366,"Salami, Danish-style",455,14.5,2.42,43,0
30700,Garlic sausage,276,15,0.56,23.6,0.63
30701,"Sausage, pure pork, cooked",322,13.8,1.3,29,0
30707,"Sausage in a brioche crust, cooked",303,14.7,20.9,17.4,2
30730,Saveloy or cervelat,278,11.9,1.56,24.8,0.4
30731,"Saveloy or cervelat, from Obernai Alsace",305,13,1,27.5,0.6
30732,"Saveloy or cervelat with garlic, pure pork",297,12.5,0.2,27.4,0
30742,"Strasbourg sausage, to cook",291,12.4,1.39,25.9,1.37
30743,"Strasbourg sausage, low salt, to cook",284,12,1.5,25.3,0.8
30746,Cocktail sausage,290,12.7,1.46,25.9,0.27
30750,"Viennese sausage, pork and veal, raw",233,10.3,,21.3,0
30764,"Ham sausage, pure pork",236,15.7,3.96,17.5,0
30766,Beer sausage,319,13,,29.7,0
30778,Tongue sausage with pistachios,294,15.3,,25.8,0
30780,Sausage (average),286,17.4,1.22,23.4,0.24
30789,Mortadella,310,15.2,0.69,27.4,0
30790,"Mortadella, pure pork",310,14.8,4.46,25.8,0
30791,"Mortadella, pork and beef",304,16.4,2.53,25.4,0
30797,"Mortadella with pistachios, pure pork",317,14.4,0.42,28.2,1.97
30801,"Horse sausage, cervelas type",244,14.2,1.4,20,0
30886,"Jelly, all fruits",252,0.1,61.9,0.1,1.25
30887,"Other jam, reduced sugar",162,0.75,38,0.21,1.8
30900,Cured meat and sausages (average),241,18.6,1.94,17.5,0.27
30990,"Jam, blackberry",245,0.44,58.3,0.63,1.3
30991,"Jelly, blackberry",245,0.53,60,0.28,0.73
30992,"Jam, rhubarb",239,0.26,58.6,0.06,1.53
30993,"Jam, peach",242,0.27,59.5,0.07,1.16
30994,"Jam, fig",243,0.63,59.1,0.17,1.31
30995,"Jam, strawberry, reduced sugar",166,0.31,40.3,0.1,1.37
30996,"Jam, apricot, reduced sugar",167,0.41,40.5,0.07,1.33
30997,"Jam, raspberry, reduced sugar",167,0.68,39.2,0.14,2.98
30998,"Jelly, raspberry",249,0.56,61,0.1,0.86
30999,"Jam or marmalade, miscellaneaous fruits, sugar content unknown, (average)",235,0.36,57.1,0.27,1.34
31000,Chocolate bar with biscuit,492,5.56,61.4,24.1,3.7
31001,"Chocolate bar, chocolate-coated, without biscuit",496,3.7,66.4,24.1,0.6
31002,"Coconut bar, chocolate-coated",475,3.88,60.2,23.8,3
31004,"Milk chocolate, bar",550,7.5,58.9,30.8,2.9
31005,"Dark chocolate, 50% cocoa, bar",521,5.98,53,29.6,8.31
31006,"Jam or marmalade, miscellaneaous fruits (not reduced sugar) (average)",244,0.33,59.3,0.28,1.29
31007,"Chewing gum, with sugar(s)",360,0.25,86.4,0.65,4
31008,Honey,331,0.65,82.1,0,0
31009,"Milk chocolate, with puffed/popped cereals, bar",515,7.15,60.6,26.6,2.59
31010,"White chocolate, bar",563,6.16,57.1,34.2,1
31012,"Chocolate confectionery or bar, with milk",551,8.75,50.9,34.2,1.7
31013,"Sorbet, stick",103,0.23,24.8,0.28,0.34
31014,Fruit jelly or fruit paste,336,1.69,76.6,1.8,3.9
31016,"Sugar, white",399,0,99.7,0,0
31017,"Sugar, brown",393,0.12,98.1,0,0
31018,"Milk chocolate, with dried fruits (nuts, almonds, raisins, praliné), bar",559,8.43,48.7,35.9,3.52
31020,"Milk chocolate, no added sugars, with sweeteners, bar",487,5.75,54.2,34.6,2
31021,Candied orange peel,307,0.59,75.6,0.08,1.1
31023,Candied chestnut,320,0.89,77.5,0.54,2.67
31024,"Jam, strawberry",248,0.25,60.5,0.5,0.7
31026,"White chocolate, with dried fruits (nuts, almonds, raisins, praliné), bar",579,7.64,48,39.1,2.43
31027,Candied fruit,297,0.25,72.4,0.06,3.3
31028,Coated candies,378,0.53,89.9,1.94,0.13
31030,"Dark chocolate, no added sugars, with sweetener(s), bar",525,8.48,34.1,42.3,10.2
31032,Chocolate spread with hazelnuts,549,5.02,57.9,32.4,3.23
31034,Maple syrup,269,0.04,67.2,0.06,0
31035,"Ice cream bar, chocolate",354,4.79,37,20.5,1.36
31036,Sugared almond,465,5.25,75.7,14.7,4.6
31037,"Jam, apricot",246,0.25,59.7,0.3,1.1
31038,"Jam, cherry",238,0.48,58.1,0.19,1.1
31039,"Marmalade or jam, orange",245,0.25,59.3,0.4,1.5
31040,Dulce de leche or confiture de lait,340,6.84,61.7,7.35,0
31041,"Chocolate confectionery, coated",505,5.49,64.9,24.3,1.98
31042,Chocolate-coated peanut,499,9.5,55.9,25,5.9
31044,"Sugar, vanilla flavoured",397,0.1,98.6,0.33,0.37
31046,Liquid caramel,324,0,81,0,0
31047,Gelling agent for jam,278,0,62,0,15
31050,Marshmallow,336,3.31,80.7,0.08,0.01
31052,Candied almond or praline,483,8.7,67.7,19.7,
31053,"Jam, plum",240,0.28,58.9,0.09,1.27
31054,"Chewing gum, sugar-free",206,0.22,76,0.25,1.95
31059,Hard candy and lollipop,384,0.16,95.3,0.18,0.91
31060,Jelly candy,339,4.88,76.9,0.53,1.5
31062,"Jam, raspberry",232,0.56,55.2,0.17,2.69
31063,"Chocolate confectionery, filled with nuts and/or praliné",558,9.1,51.5,34.7,2.1
31064,Saccharin sweetener,5,1.25,0,0,0
31066,"Chocolate and nut confectionery, filled with praliné",558,6.53,51.4,35.3,3.88
31067,Cane molasses,300,0,74.7,0.1,0
31068,"Jam, blueberry",245,0.25,58.9,0.4,2.1
31069,"Dark chocolate, with fruits (orange, raspberries, pear), bar",539,6.8,45.3,34.4,10.3
31070,"Dark chocolate, with dried fruits (nuts, almonds, raisin, praliné), bar",567,8.69,40.7,39,8.4
31071,Chocolate bar with dried fruits,494,7.23,57.6,26,1.53
31072,"Dark chocolate, filled with mint confectionery",445,2.9,70.2,16,4
31073,"Soft cake filled with chocolate and milk, with chocolate coating, prepacked, refrigerated",449,5.95,42.4,28,1.6
31074,"Dark chocolate, 70% cocoa, bar",591,10.4,26.9,46.3,12.8
31076,Sweetener with sugar and aspartam (little lumps),398,0.81,98.7,0,0
31077,Fructose,399,0,99.8,0,0
31080,"Dark chocolate, filled with praliné, bar",559,6.38,52.4,34.8,5.07
31081,"Chewy candy, caramel",415,2.23,79.1,9.98,0.19
31082,"Fruit preparation, sweetened, less sugar than classic, but not as reduced as in reduced sugar jams",195,0.48,47.3,0.17,1.94
31083,Other jam,244,0.36,59.8,0.15,1.47
31084,"Milk chocolate, filled with praliné, bar",559,7.29,52.9,34.9,2.51
31085,"Dark chocolate, more than 40% cocoa, for cooking, bar",546,6.39,51.4,33.1,8.76
31087,Stevia sweetener,1.2,0.16,0.3,0,0
31091,"Chocolate confectionery, filled with wafer/biscuit",521,6.5,55.1,29.4,4.92
31092,Calisson from Aix en Provence (marzipan and candied melon sweet),440,7.97,59.8,18,3.1
31093,"Marshmallow, chocolate-coated",383,4.4,67.5,10.5,0.45
31094,"Hard candy, caramel",416,1.33,86.6,7.09,0.13
31095,"Jelly, currant (red)",244,0.25,59.7,0.04,0
31097,Chewy candy,392,0.94,84.3,5.1,1.5
31098,"Chocolate bar, milk chocolate, with nougat",532,5.8,60.5,29,2.9
31100,"Cereal bar, for breakfast, with milk, with chocolate or not, fortified with vitamins and minerals",382,7.06,79.5,3.2,4.5
31101,"Cereal bar with fruit, fortified with vitamins and minerals",382,6.13,73.3,6.53,4.13
31102,"Cereal bar with chocolate, fortified with vitamins and minerals",407,5.99,70.3,10.9,3.7
31104,"Cereal bar, low calorie",391,5.9,71,11.2,5.8
31106,Cereal bar with chocolate,451,6.55,73,14.9,4.5
31109,"Pollen, partially dried",358,21.9,52.5,4.2,11.3
31111,"Pollen, fresh",304,17.5,42.3,5.17,9.07
31112,"Jelly candy, liquorice, roll or stick",347,3.62,75.6,1.55,8.18
31113,Cereal bar with fruit,379,5.49,74.1,7.07,3.8
31114,Cereal bar with almonds or hazelnuts,444,8.69,60.6,18.2,4.6
31115,Cereal bar with chocolate and fruits,419,5.7,70.4,11.8,4.04
31120,"Chocolate, bar (average)",552,7.57,50.4,34.2,5.96
31121,"Chewing gum, sugar level unknown (average)",263,0.23,79.9,0.4,2.71
31122,"Chewy candy, caramel, chocolate-coated",446,3.29,69.6,16.8,1.8
31124,"Hard candy (necklace, whistle, lollipop, drop), with dextrose",376,0.02,91.1,1.35,0
31125,"Breath mint, sugar-free",241,0.08,96.3,0.65,0.4
31126,"Breath mint, with sugar(s)",390,0.13,96.7,0.37,0.27
31127,"Nougat, soft",437,6.98,69.3,13.9,3.27
31128,"Hard candy and lollipop, sugar-free",235,0.08,96,0.44,0
31129,"Fruit preparation, sweetened, 35% fruits minimum, with sugars and other ingredient(s)",204,0.81,47.4,0.75,2.8
32000,"Puffed wheat, with honey or caramel, fortified with vitamins and minerals",390,7.31,82.8,2,5
32001,"Breakfast cereals with chocolate, extruded, not filled, fortified with vitamins and minerals",393,8.19,74.7,5.1,7.1
32003,Breakfast cereals (average),402,7.96,73.2,7.21,5.99
32004,Muesli (average),433,8.87,63.4,14.3,6.9
32005,"Corn flakes, plain, fortified with vitamins and minerals",368,6.88,80,1,5.5
32006,"Puffed rice, plain, fortified with vitamins and minerals",388,6.66,86.3,1.2,2
32008,"Breakfast cereals, rich in fibre, with chocolate, fortified with vitamins and minerals",389,9.23,71.9,4.7,9.7
32012,"Puffed rice, with chocolate, not fortified",387,5.96,83.3,2.3,3.9
32013,"Breakfast cereals with chocolate, not filled, not fortified",387,8.63,77.7,3.2,6.1
32014,"Corn flakes, plain, not fortified",372,6.88,82.4,0.7,4.6
32016,"Breakfast cereals, chocolate or chocolate-hazelnut filling, fortified with vitamins and minerals",440,7.06,67,15,4.4
32017,"Breakfast cereals, chocolate or chocolate-hazelnut filling, not fortified",457,7,67.2,17.2,2.3
32018,"Breakfast cereals, vanilla or milk filling, fortified with vitamins and minerals",429,10.4,63.9,13.4,4.9
32022,"Cereal flakes with chocolate, with or without nuts, fortified with vitamins and minerals",399,8,74.5,6.3,6
32023,"Cereal flakes with fruits, fortified with vitamins and minerals",377,8.1,80.6,1.58,4.25
32025,"Cereal flakes with nuts, fortified with vitamins and minerals",392,8.18,73.5,5.53,6.43
32028,"Cereal flakes with chocolate, with or without nuts, not fortified",413,7.63,73.6,8.4,4.9
32029,"Cereal flakes with fruits, not fortified",378,8.36,79.7,1.62,5.44
32030,"Cereal flakes, plain, with sugar(s), fortified with vitamins and minerals",372,8.5,77.7,1.5,6
32031,"Breakfast cereals, fortified with vitamins and minerals (average)",408,7.71,72.8,8.2,5.75
32032,"Breakfast cereals, not fortified (average)",386,8.43,77.1,3.39,6.05
32033,"Breakfast cereals, rich in fibre, with fruits or nuts, fortified with vitamins and minerals",395,8.63,64.5,9,9.5
32034,"Breakfast cereals, rich in fibre, with fruits or nuts, not fortified",374,8.53,71.1,3.93,9.9
32035,"Breakfast cereals, rich in fibre, plain, fortified with vitamins and minerals",361,11.9,67.7,2.13,11.6
32036,"Breakfast cereals, rich in fibre, plain, not fortified",368,8.48,74.8,1.85,9.4
32037,"Breakfast cereals with chocolate and caramel, extruded, fortified with vitamins and minerals",410,8.06,74.7,7.2,6.4
32038,"Breakfast cereals with chocolate and caramel, extruded, not fortified",394,9.13,76.2,4.43,6.6
32039,"Breakfast cereals, vanilla or milk filling, not fortified",440,7.94,67.5,14.5,3.4
32040,"Puffed wheat, with honey or caramel, not fortified",382,8.93,77.6,2.52,6.53
32041,"Breakfast cereals, mix of flakes, plain, not fortified",341,10.2,61.7,3.17,12.4
32042,"Cereal flakes, plain, with sugar(s), not fortified",377,8,80.1,1.5,5.7
32043,"Cereal flakes plain, no added sugars, not fortified",369,12.2,70.2,2.78,7.28
32107,"Corn flakes, sugar frosted, not fortified",381,6.22,85.4,0.96,2.8
32108,"Granola with fruits, with or without nut and seeds, not fortified",442,8.69,62.7,15.7,7.1
32109,"Granola with chocolate, not fortified",446,9.25,64.7,15.1,6.8
32110,"Muesli, with fruits, nuts and/or seeds, fortified with vitamins and minerals",378,9.5,68.9,5.3,7.4
32111,"Granola with fruits, with or without nut and seeds, fortified with vitamins and minerals",464,8.38,60.4,19.4,6.7
32112,"Granola with chocolate, fortified with vitamins and minerals",469,8,61.9,19.7,5.3
32113,"Muesli, with fruits, nuts and/or seeds, no added sugars, not fortified",374,10.3,59.8,8.1,8.9
32116,"Breakfast cereals, very rich in fibre, plain, fortified with vitamins and minerals",327,13.4,43.3,3.8,33.1
32121,"Corn flakes, sugar frosted, fortified with vitamins and minerals",381,4.25,88.6,0.5,2.3
32129,"Breakfast cereals, puffed corn with honey, not fortified",389,5.84,87.3,1.41,2.01
32130,"Khorasan wheat, wholegrain, puffed",378,6.68,80.5,1.96,4.4
32131,"Puffed rice, with chocolate, fortified with vitamins and minerals",382,6.75,81.8,2,4.5
32133,"Breakfast cereals, puffed corn with honey, fortified with vitamins and minerals",384,5.63,86.6,0.9,3.2
32138,"Muesli, with fruits, nuts and/or seeds, not fortified",371,10.6,60.9,7,9.8
32139,"Muesli, fortified with vitamins and minerals (average)",436,8.78,63.6,14.6,6.77
32140,Oat flakes,369,10.6,57.7,7.82,11.2
32141,"Muesli, not fortified (average food)",409,9.63,61.8,11.6,8.36
32142,"Breakfast cereals, puffed or extruded, with honey or caramel, fortified with vitamins and minerals",388,7.44,75.4,4.6,6.3
32143,"Breakfast cereals, puffed or extruded, with honey or caramel, not fortified",382,6.73,80.1,2.78,5.03
32144,"Granola with nuts and/or seeds only, fortified with vitamins and minerals",433,9.77,63.3,13.8,8.27
32145,"Granola with nuts and/or seeds only, not fortified",450,10,61.2,16.5,6.7
34000,"Rabbit, meat, braised",197,30.4,0,8.41,0
34001,"Rabbit, meat, raw",188,20.4,0.58,11.6,0
34002,"Rabbit, meat, cooked",167,20.5,0.5,9.2,0
34003,"Rabbit, wild, meat, raw",108,21.8,0,2.32,0
34004,"Rabbit, wild, meat, cooked",164,33,0,3.51,0
34500,"Frog, leg, raw",70,16.2,0.66,0.28,0
34501,"Frog, leg, grilled/pan-fried without added fat",95.7,21.9,0.01,0.9,0
36000,"Hen, meat and skin, raw",255,17.6,0.4,20.3,0
36001,"Hen, meat, raw",142,21.3,0,6.32,0
36002,"Chicken, leg, meat and skin, raw",192,17.3,0,13.5,0
36003,"Chicken, meat, raw",109,20.9,0,2.89,0
36004,"Chicken, leg, meat and skin, roasted/baked",205,25.9,0,11.3,0
36005,"Chicken, meat and skin, roasted/baked",204,28.9,0,9.88,0
36006,"Chicken leg, meat, roasted/baked",171,24.8,0,8.03,0
36007,"Chicken, white race, meat and skin, raw",122,20.8,0,4.3,0
36008,"Chicken, free-range, meat and skin, raw",120,22,0,3.5,0
36014,"Hen, leg, raw",131,19.6,0,5.92,0
36016,"Chicken, meat and skin, raw",173,21.5,0.3,9.54,0
36017,"Chicken, breast, without skin, raw",110,23.4,0,1.5,0
36018,"Chicken, breast, without skin, grilled/pan-fried",141,30.1,0,2,0
36019,"Chicken high leg, meat, raw",116,19.7,0,4.12,0
36020,"Chicken, eviscerated without offal, raw",210,18.6,0,15.1,0
36022,"Chicken, drumstick, raw",155,18.1,0,9.2,0
36023,"Chicken, wing, meat and skin, raw",181,20.4,0,11,0
36024,"Chicken, leg, meat, raw",114,19.3,0,4.05,0
36027,"Chicken nuggets, breaded croquette, prepacked",250,15.6,19.4,11.6,2.4
36029,"Chicken, breast, meat and skin, raw",167,20.9,0,9.25,0
36030,"Chicken leg, meat, boiled/cooked in water",188,24.8,0.7,9.52,0
36031,"Chicken, leg, meat and skin, boiled/cooked in water",187,26.1,0,9.1,0
36032,"Chicken, breast, meat and skin, roasted/baked",189,29.8,0,7.78,0
36033,"Chicken, wing, meat and skin, roasted/baked",247,23.8,0,16.9,0
36035,"Chicken, marinated wings, prepacked, roasted/baked",213,22.4,2.1,12.6,0.9
36036,Milanese-style chicken escalope or breaded chicken escalope,339,7.25,21.7,24,3.4
36037,"Chicken, leg, meat and skin, raw, organic",193,18.1,0,13.3,0
36038,"Chicken, leg, meat and skin, raw, label rouge",173,19.1,0,10.6,0
36039,"Chicken, breast, without skin, raw, organic",118,24.6,0,1.8,0
36040,"Chicken, breast, without skin, raw, label rouge",113,25.2,0,1,0
36041,"Chicken, breast, without skin, grilled/pan-fried, organic",144,31.1,0,1.8,0
36042,"Poultry, meat, cooked (average)",152,27.8,0.03,4.36,0
36050,"Capon, meat and skin, raw",195,19.9,0,12.8,0
36051,"Capon, meat and skin, roasted/baked",221,29,0,11.7,0
36100,"Quail, meat and skin, raw",140,19.6,0,6.8,0
36101,"Quail, meat, raw",128,21.8,0,4.53,0
36102,"Quail, meat and skin, cooked",206,26.8,0,10.9,0
36200,"Duck, meat and skin, roasted/baked",331,19,0,28.4,0
36201,"Duck, meat, raw",127,18.3,0,5.95,0
36202,"Duck, meat, roasted/baked",194,23.3,0,11.2,0
36203,"Duck, leg, meat and skin, raw",104,18.7,0.3,3.1,0
36204,"Duck, meat and skin, raw",273,17.4,0,22.6,0
36205,"Duck, magret, grilled/pan-fried",188,26.7,0,9.05,0
36206,"Duck, breast fillet, raw",337,17.9,0.1,29.4,0
36300,"Turkey, meat and skin, raw",137,21.6,0,5.64,0
36301,"Turkey, meat, raw",108,22.6,0,1.93,0
36302,"Turkey, meat, roasted/baked",151,29.1,0,3.84,0
36304,"Turkey, escalope, raw",108,23.7,0,1.48,0
36305,"Turkey, leg, meat and skin, raw",149,19.7,0,7.85,0
36306,"Turkey, escalope, grilled/pan-fried",124,28.5,0,1.09,0
36307,"Turkey, leg, meat, raw",108,21.3,0,2.5,0
36308,"Turkey, escalope, roasted/baked",139,30.1,0,2.08,0
36310,"Turkey, wing, raw",192,20.2,0,12.3,0
36318,Milanese-style turkey escalope or breaded turkey escalope,211,14.1,13.5,10.9,1.3
36401,"Pheasant, meat, raw",126,23.2,0,3.73,0
36402,"Pheasant, meat, roasted/baked",239,32.4,0,12.1,0
36403,"Pheasant, meat and skin, raw",164,23.2,0,7.95,0
36500,"Goose, meat, raw",155,22.8,0,7.13,0
36501,"Goose, meat and skin, raw",366,15.9,0,33.6,0
36502,"Goose, meat, roasted/baked",230,29,0,12.7,0
36503,"Goose, meat and skin, roasted/baked",298,25.2,0,21.9,0
36600,"Pigeon, meat, raw",213,18,0,15.7,0
36602,"Pigeon, meat, roasted/baked",213,23.9,0,13,0
36603,"Feathered game, meat, cooked (average)",203,24.9,0,11.5,0
36700,"Guinea fowl, meat, raw",128,22,0,4.46,0
36702,"Guinea fowl, breast, raw",107,25.1,0,0.7,0
36703,"Guinea fowl, leg, raw",118,22.8,0.2,2.9,0
36800,"Ostrich, meat, raw",159,20.2,0,8.7,0
36801,"Ostrich, meat, cooked",168,26.2,0,7.07,0
36900,"Poultry, cooked (average)",167,27.3,0.03,6.37,0
37000,"Base for pizza (dough + cream sauce), raw",261,7.7,51.1,2.6,1
37001,"Pizza dough, prepacked, raw",240,7.05,44.2,3.45,2.2
37002,"Base for pizza (dough + tomato sauce), raw",232,6.9,44.6,2.7,1
38104,Prawn crackers,508,3.1,63.7,26.6,1
38105,"Maiz/corn chips or tortilla chips, flavoured",499,6.53,59.1,25.4,4.16
38106,"Puffed salty snacks, potato flavour",475,4.59,60.6,23,3.74
38107,"Salty snacks, crackers, mini pretzels or sticks",376,11.2,73.7,3.13,4.32
38109,"Salty snack, filled, prepacked",651,9.75,28.2,54.7,1.44
38399,"Salty snacks, crackers (average)",480,10.2,61.2,20.9,3.34
38401,"Salty snacks, crackers, made from wheat, with cheese",519,14.8,47,29.4,3.86
38402,"Salty snacks, crackers, made from wheat, plain or flavoured",499,10.4,59.1,23.8,3.12
38403,"Salty snacks, crackers, made from wheat, plain, reduced fat",410,6.53,73.1,9.33,3.67
38404,"Puffed salty snacks, peanut flavour",487,13.3,54.8,22.9,3.99
38405,"Salty snacks, crackers, made from potato",521,4.63,59.1,28.8,3.31
38406,Peanuts coated with savoury biscuit (with salt or flavoured),518,15.8,45.4,29.7,3.18
38407,"Salty snacks, crackers, puff pastry, without cheese",476,10.9,59.7,20.7,3.68
38408,"Salted crispy crepe, filled, prepacked",555,9.3,48.8,35.6,1.25
38410,"Salty snacks, crackers, puff pastry, with cheese",524,13.1,50.2,29.6,2.2
38411,"Salty snacks, crackers, made from wheat, various types",501,8.88,58.2,25.3,2.78
38413,"Salty snacks, crackers, mini waffle, filled",585,10.4,39.6,42.4,2.19
38414,"Grissini or bread stick, with sesame",443,12.8,59.3,15.7,4.64
38415,"Grissini or bread stick, with sesame, reduced fat",427,14,56.8,13.9,6.77
38416,"Salty snacks, crackers made from rice and coated peanuts, japanese style",409,10.8,72,8.27,1.94
38417,"Maize/corn chips or tortilla chips, plain",488,6.1,62.6,22.5,4.33
38419,"Puffed salty snacks, bacon flavour",513,6.5,62.2,25.9,2.45
38420,"Puffed salty snacks, plain",464,7.17,64,19.2,3.53
38421,"Puffed salty snacks, cheese flavour",510,7.29,57.6,27.3,2.64
38422,Puffed salty snacks (average),535,10.5,48.8,32.6,2.12
38500,"Crouton with garlic, herbs or onions, prepacked",484,8.87,59,22.9,3.37
38501,"Crouton with cheese, prepacked",535,8.24,52.3,32,2.67
39001,"Milkshake, from fast food",126,3.38,17.4,4.66,0.65
39200,"Custard dessert, chocolate, refrigerated",121,3.46,17.9,3.55,1.5
39206,"Chocolate mousse (milk-based), refrigerated",155,5.06,20.3,5.45,1.82
39209,"Caramel custard, refrigerated",155,4.75,21,5.74,0.32
39210,"Chocolate mousse, traditional, refrigerated",319,7.38,23.8,21.1,2.74
39211,"Custard with eggs (small jar of chocolate or vanilla cream), refrigerated",162,4.34,17.5,8.1,0.9
39212,"Rice pudding, vanilla, cinnamon or plain, refrigerated",121,3,18.9,3.4,1.2
39213,"Caramelized custard cream (crème brûlée), refrigerated",269,4.44,17.5,20.1,0.32
39214,"Custard dessert, vanilla, canned",133,3.85,21.1,3.62,0.5
39215,"Floating island (meringue poached in milk and served in a light custard cream), refrigerated",131,4.7,21.4,3.05,0.07
39216,"Fruits batter-pudding, refrigerated",198,5.21,29.4,6.39,1.54
39218,"Semolina pudding, refrigerated",132,3.41,18.9,4.73,0.33
39220,"Fruit liegeois, refrigerated",145,1.15,17.7,7.26,1.37
39229,"Custard dessert, vanilla, refrigerated",103,2.98,16.2,2.88,0.11
39230,"Custard dessert, refrigerated (average)",138,3.5,17.4,5.82,0.77
39233,"Dark chocolate fondant with light custard cream, refrigerated",211,4.5,19,13,
39234,"Chocolate cake, with creamy chocolate heart, refrigerated",373,6.56,41.2,19.5,3.07
39235,"Mousse (chocolate, coffee, caramel or vanilla) topped with whipped cream, refrigerated",177,3.75,19.2,9.35,0.57
39236,French toast,226,6,30.8,8.45,1.1
39246,"Custard dessert, coffee, refrigerated",118,2.86,17.3,4.09,0.07
39247,"Custard dessert, caramel, refrigerated",108,2.88,18.1,2.68,0.08
39248,"Chocolate mousse, plant-based, refrigerated",262,6.69,24.3,14,5.1
39249,"Fruit mousse, with cottage cheese, 0% fat, with sugar(s) and sweetener(s), fortified with calcium, refrigerated",51.7,6.25,5.51,0,1.2
39250,"Fruit mousse, with cottage cheese, with sugar(s), refrigerated",144,5.03,14.4,7.39,0.03
39251,"Rice pudding with caramel, refrigerated",146,2.95,24.5,4,0.1
39252,"Rice pudding with rhum and raisins, refrigerated",133,3.03,22.3,3.44,0.28
39253,"Chocolate or coffee mousse, on ganache cream, refrigerated",360,4.58,17.5,29.7,2.67
39254,"Custard dessert, chocolate, with chocolate-coated cereals, refrigerated",140,3.85,22.5,3.78,0.38
39400,"Eggnog, without alcohol",87.8,4.55,8.05,4.19,0
39401,Peach melba (with vanilla ice cream and raspberry sauce),119,2.06,18.8,3.62,1.54
39500,"Ice cream or sorbet or ice pop, any flavour (average)",249,2.73,32,11.9,1.06
39502,"Frozen dessert, ice cream with meringue",226,2.86,32.9,9,1.15
39503,"Ice cream, stick, chocolate-coated",329,3.3,33.3,20,1.21
39505,"Custard dessert, canned (average)",136,3.53,21.5,3.51,2.12
39506,"Custard dessert, chocolate, canned",138,3.25,21.8,3.42,3.6
39509,"Ice cream, cone (normal size)",290,3.51,36.8,13.5,0
39511,"Custard dessert, refrigerated or canned (average)",138,3.5,17.6,5.75,0.81
39512,"Frozen dessert, Sundae ice cream type",211,2.42,30.8,8.7,0.33
39515,"Ice cream, in box",191,2.55,26.1,8.4,0
39516,"Frozen dessert, crispy chocolate and ice cream, to share",242,2.36,27.3,13.6,0.84
39517,Frozen yogurt,126,3.45,22.7,2.2,0
39518,Baked Alaska,212,3.6,34.8,6.5,0
39519,Belle Helene pear (cooked pear topped with hot chocolate sauce on a bed of vanilla ice cream),196,2.74,23.5,9.57,2.76
39520,"Ice cream, gourmet, in box",231,3.32,29.4,11,0.91
39521,"Ice cream, gourmet, in cup",256,3.94,29.2,13.6,1
39522,"Ice cream, cone, mini",351,3.89,40.2,19,1.96
39523,"Ice cream, in individual cup",233,3.64,23.3,13.8,0.74
39524,"Sorbet, in box",122,0.41,28.7,0.56,0.99
39525,"Sorbet, in individual cup",126,0.5,28.4,1.03,0.96
39526,Ice lolly,83.8,0.18,20.5,0.17,0.26
39527,"Ice cream, box or cup (average)",171,2.83,25,6.45,1.5
39528,"Sorbet, cone",216,1.82,38.2,5.78,1.85
39529,Iced nougat,249,4.47,26.4,13.4,2.41
39530,Frosted lemon or orange (sorbet),133,0.14,29.1,1.77,0
39531,"Ice cream, in cup for children",170,2.32,24.9,6.64,0.67
39532,"Goblet of ice cream, coffe or chocolate ice cream topped with whipped cream",210,2.71,28.7,9.24,0.9
39533,Ice cream log,219,2.8,29.8,9.61,1.04
39534,"Goblet of ice cream, Belle-Hélène pear or Melba peach-style",160,1.46,28.9,4.07,0.89
39535,"Ice cream, stick, fruit-coated",160,1.52,26.8,5.14,0.4
39700,"Light custard cream with vanilla, prepacked",97.3,3.44,14.8,2.5,1
39710,"Pastry cream or custard, instant, reconstituted",120,3.79,18,3.6,0
4000,"Tapioca, raw",354,0.19,87.8,0.02,0.9
40002,"Brain, lamb, raw",121,10.4,0.49,8.58,0
40003,"Brain, lamb, cooked",142,12.6,0.19,10.2,0
40004,"Brain, pork, braised",174,12.4,0,13.8,0
40005,"Brain, pork, raw",128,10.3,1.02,9.21,0
40006,"Brain, calf, raw",116,10.3,0.33,8.21,0
40007,"Brain, calf, cooked",135,11.5,0.6,9.63,0
4002,"Potato, peeled, roasted/baked",91.9,1.96,20.1,0.1,1.5
4003,"Potato, boiled/cooked in water",81,1.8,16.8,0.34,1.8
4004,"Potato, crisps, plain or flavoured, standard",532,6,51,32.7,4.7
40052,"Heart, beef, raw",103,18.5,0.6,2.95,0
40053,"Heart, beef, cooked",133,23,0,4.5,0
40054,"Heart, chicken, raw",149,15.6,0.71,9.33,0
40055,"Heart, turkey, raw",135,16.7,0.4,7.44,0
40056,"Heart, chicken, cooked",177,26.4,0.1,7.92,0
40057,"Heart, turkey, cooked",167,24.9,0,7.52,0
40058,"Heart, lamb, raw",118,16.5,0.21,5.68,0
40059,"Heart, lamb, cooked",179,25,1.93,7.91,0
40060,"Heart, pork, raw",114,17.3,1.32,4.36,0
40062,"Heart, calf, raw",105,17.2,0.08,3.98,0
4007,"Potato, new, boiled/cooked in water",71.6,1.44,15,0.3,1.6
4008,"Potato, peeled, raw",80,2.02,16.2,0.09,2.2
40102,"Liver, lamb, raw",137,21.8,0.16,5.45,0
40103,"Liver, lamb, cooked",162,23,4.37,5.8,0
40104,"Liver, heifer, raw",136,21,3.33,4.3,0
40105,"Liver, heifer, cooked",165,26.3,2.2,5.71,0
40106,"Liver, calf, raw",120,15.5,5.64,3.4,0
40107,"Liver, calf, cooked",140,19,9.23,3.02,0
40108,"Liver, poultry, raw",134,21.5,1.25,4.75,0
40109,"Liver, poultry, cooked",164,25.8,0,6.4,0
4011,"Potato, canned, drained",57.2,1.58,10.7,0.41,2.15
40110,"Liver, rabbit, raw",134,19,5.39,4,0
40111,"Liver, chicken, raw",114,16.9,0.73,4.83,0
40113,"Liver, pork, cooked",159,26,3.76,4.4,0
40115,"Liver, turkey, raw",123,18.3,0,5.5,0
40116,"Liver, chicken, cooked",160,24.5,0.86,6.51,0
40118,"Liver, turkey, cooked",182,27,0,8.18,0
40119,"Liver, pork, raw",124,20.6,1.06,4.2,0
40120,"Liver, goose, raw",129,16.4,6.32,4.28,0
40121,"Liver, duck, raw",131,18.7,3.52,4.64,0
4013,"Noisette potato, frozen, raw",179,2.44,25.3,7.02,2.42
4014,"Potato, steamed, vacuum-packed",76,1.84,15.8,0.25,2.02
4015,"Potato, sautéed/pan-fried with fat",137,2.5,17.3,5.7,2.6
4016,"Potato flakes, dehydrated, with milk or cream",376,10.1,71,3.97,8
4017,"Mashed potatoes, made from flakes, reconstituted with whole milk, with added fat",107,1.92,12.6,5.18,1.47
4018,"Mashed potatoes, prepared with milk and butter, no added salt",94.8,1.89,15.7,2.4,1.5
4019,"Mashed potatoes, made from flakes, reconstituted with semi-skimmed milk and water, no added salt",68.5,2.63,12.4,0.53,1.8
4020,"Dauphine potato, frozen, raw",242,4.25,19.7,15.7,2.27
40201,"Tongue, calf, cooked",237,21,0,17,0
40202,"Tongue, beef, raw",195,16.8,0.82,13.8,0
40203,"Tongue, beef, cooked",236,23.7,0.22,15.6,0
40204,"Tongue, calf, raw",181,16.9,0.83,12.2,0
40205,"Tongue, pork, raw",222,16.3,0.5,17.2,0
40207,"Tongue, lamb, raw",167,15.4,1.75,10.9,0
4021,"Dauphine potato, frozen, cooked",302,4.5,30.2,17.7,2
4022,"Potato flakes, dehydrated, plain",346,8,73.5,0.41,8.05
4023,"Potato, new, raw",76.4,1.94,15.8,0.3,1.35
4025,"Potato wedge, spiced, frozen, cooked",175,3.25,25.3,5.8,3.4
4026,"Potato, roasted/baked",91.4,2.5,19,0.13,2.2
4027,"Potato, sautéed/pan-fried, pre-fried, frozen, cooked",156,2.81,23,4.8,4
4028,"Potato, ware, peeled, boiled/cooked in water",72.6,1.81,15.4,0,1.9
4029,"Potato, early, peeled, boiled/cooked in water",71.1,1.84,14.9,0,2.13
4030,"French fries or chips, frozen, roasted/baked",213,3.75,32.6,6.6,4.2
40302,"Sweetbread, lamb, raw",148,14.8,0.17,9.82,0
40303,"Sweetbread, lamb, cooked",228,22.8,0.25,15.1,0
40304,"Sweetbread, calf, raw",96.5,17.2,0,3.07,0
40305,"Sweetbread, calf, braised or grilled/pan-fried",174,21,9.52,5.8,0
4032,"French fries or chips, frozen, deep-fried",258,3.28,32.7,11.9,3.9
4034,"Duchesse potato, frozen, cooked",218,3.44,29.6,8.5,4.8
4035,"Noisette potato, frozen, cooked",191,2.81,28.4,6.6,3.4
4036,"Potato, sautéed/pan-fried with goose fat",200,2.44,20.8,11.4,2.33
4037,"Potato crisps, plain or flavoured, old style",551,5.62,46.7,36.9,4.7
4038,"Potato crisps and similar, plain or flavoured, reduced fat",481,6.57,61.4,22.1,4.78
4039,Rostis,182,2.38,22.5,8.3,3.3
4040,"Mashed potatoes, prepared with milk and butter, salted",117,1.98,11.3,6.7,1.79
40401,"Kidney, cooked (average)",165,26.3,0.02,6.68,0
40402,"Kidney, beef, raw",95.7,17.1,0.85,2.65,0
40403,"Kidney, beef, cooked",171,27,0,7,0
40404,"Kidney, pork, raw",99.5,16.5,1.1,3.25,0
40405,"Kidney, pork, cooked",144,25.4,0,4.7,0
40406,"Kidney, lamb, braised",131,23.7,0.99,3.62,0
40407,"Kidney, lamb, raw",93.9,14.7,1.08,3.43,0
40408,"Kidney, veal, braised or grilled/pan-fried",167,26,0,7,0
40409,"Kidney, calf, raw",94.5,15.8,0.85,3.12,0
4041,"Mashed potatoes with fresh tome cheese, prepacked",195,8.06,9.5,13.3,1.3
4042,"Duchesse potato, frozen, raw",157,2.41,21.4,6.26,2.54
4043,"Potato, sautéed/pan-fried, pre-fried, frozen, raw",137,2.35,20.4,4.5,2.54
4044,"French fries or chips, frozen, pre-fried, raw, to cook in the oven",142,2.38,21,4.73,2.77
4045,"French fries or chips, frozen, pre-fried, aw, to be microwave",223,3.26,27.2,10.2,4.39
4046,"French fries or chips, frozen, pre-fried, raw, to deep-fry",244,3.12,29.1,12.1,3.39
4047,Mashed potatoes (average),96.8,2.1,13,3.7,1.64
4048,"Potato, cooked (average food)",94.9,2.05,17.2,1.58,2.15
4049,"Potato, croquette, frozen, raw",164,2.52,22.4,6.59,2.43
4050,"Potato, crisps, plain or flavoured, no added salt",503,6.2,47.6,30.8,5.05
40502,"Tripe, beef, raw",81.5,12.1,0,3.69,0
4051,"Potato, sarladaise-style (goose fat, garlic and parsley), frozen, raw",203,2.27,20.9,11.6,2.84
4052,"Potato wedge, spiced, frozen, raw",141,2.48,20.3,5,2.64
4053,"Potato, grenaille, pre-fried, frozen, raw",133,2.4,17.9,5.3,2.16
40600,"Blood, beef, raw",82.1,19.5,0.8,0.12,0
40601,"Offal, cooked (average)",159,27.4,2.18,4.58,0
40700,"Gizzard, chicken, raw",99.1,16.8,0,3.53,0
40701,"Preserved gizzards, duck, canned",148,32.4,0,2.1,0
4090,Potato starch,348,0,86.3,0.2,0.55
4101,"Sweet potato, raw",81.2,1.57,17.1,0.05,3
4102,"Sweet potato, cooked",79.1,1.69,16.3,0.15,2.9
4103,"Sweet potato, puree, cooked with cream",79.8,1.1,12.1,2,4.5
42000,"Meal replacement, low calorie, custard cream dessert type",89.4,6.43,9.29,2.75,1.18
42003,"Meal replacement, low calorie, ready-to-drink",87.9,6.79,9.8,2.45,0
42004,"Meal replacement, low calorie, powder, reconstituted with skimmed milk",79.1,6.09,9.34,1.73,1.18
42005,"Meal replacement, low calorie, powder, reconstituted with skimmed milk, milkshake type",86.6,6.19,10.1,2.28,0.63
42200,Soy lecithin,779,0,8,83,0
42501,Cocoa powder for baby beverage,396,8.5,85,1.9,2.2
42603,"Baby meal, vegetables with meat/fish and starchy food, from 6-8 months",59,3.6,5.9,1.6,3.3
42604,"Baby meal, vegetables with meat/fish and starchy food, from 8-12 months",54.6,2.8,6.77,1.31,2.45
42605,"Baby meal, vegetables with meat/fish and starchy food, from 12 months",75.7,2.5,8.95,2.9,1.9
42606,"Baby meal, vegetables with meat/fish and starchy food, from 18 months",66.7,2.76,9.02,1.82,1.6
5000,"Beer, dark",40.5,0.43,4.1,0,0
5001,"Beer, regular (4-5° alcohol)",39,0.39,3.12,0,0
5002,"Beer, strong (>8° alcohol)",62.5,0.51,4.6,0,0
5003,Cider (average),36.5,0.07,3.67,0,0
5004,Shandy (beer + lemonade),39,0,6.33,0,0
5005,"Shandy, prepacked (<1° alcohol), flavoured or plain",32,0,7.11,0.02,0.21
5006,"Cider, dry",35.9,0,2.62,0,0
5007,"Cider, sweet",38.9,0.25,6.4,0,0
5008,"Beer, low alcohol-content (3° alcohol)",35.3,0.31,4.62,0,0
5009,"Beer, white",60.9,0.5,7.55,0,0
5010,"Beer, special (5-6° alcohol)",56,0.48,4.55,0,0
5011,"Beer, from an abbey or brewery (variable alcohol content)",47.1,0.51,3.2,0,0
5020,"Cider, traditionnal",32.5,0,1.87,0,0
5021,"Cider, half-dry",44.3,0.25,4.4,0,0
5022,"Cider, fruit-flavoured",38.4,0.25,7.07,0,0
5029,"Beer, alcohol-free, sweetened, flavoured or with fruit juice",30.6,0.2,7.36,0.04,0.19
5030,"Beer, alcohol-free (<1,2° alcohol), without added sugars, flavoured or unflavoured",29.4,0.2,6.08,0.05,0
5100,Sparkling fruit wine,65.7,0,6.95,0,0
51500,Molokhia powder (dried jute leaves),239,23,12.7,1.8,40
51502,"Molokhia sauce, homemade",215,1.13,1.45,21,8.4
51510,"Frik (crushed immature durum wheat), raw",323,9.62,55.8,2.25,19.3
51511,"Frik (crushed immature durum wheat), cooked, no added salt",76,2.04,14,0.48,3.5
51550,"Khatfa (phyllo or filo pastry sheets), prepacked",283,7,59,1.5,2.5
5201,"Wine, white, sparkling",72.3,0.1,1.78,0,0
5207,Champagne,76.1,0.3,1.4,0,0
5209,"Wine, white, sparkling, flavoured",83.5,0.2,5.1,0,0
5210,Wine (average),76.7,0.16,0.96,0,0
5214,"Wine, red",75.7,0.16,0,0,0
5215,"Wine, white, dry",55.3,0.25,0.17,0,0
5216,"Wine, rose",69.2,0.15,1.4,0,0
5217,"Wine, cooked (alcohol evaporated)",15,0.1,3.66,0,0
5219,"Rum, cooked (alohol evaporated)",0,0,0,0,0
53100,"Plantain banana, raw",132,1.3,29.6,0.37,2.3
53101,"Plantain banana, cooked",125,0.79,28.9,0.18,2.3
53200,"Taro, tuber, raw",105,1.5,22.4,0.2,4.1
53201,"Taro, tuber, cooked",131,0.52,29.5,0.11,5.1
53502,"Yam, peeled, raw",111,1.53,23.7,0.17,4.1
53503,"Yam, peeled, boiled/cooked in water",109,1.49,23.6,0.14,3.9
53672,"Yam, raw",111,1.25,23.9,0.2,4.1
54031,"Cassava or manioc, root, raw",157,1.36,36.3,0.28,1.8
54034,"Cassava or manioc, root, cooked",135,0.69,32.8,0.04,0.4
54035,"Gari, cassava flour, dried, fermented",340,1.12,81.6,0.73,1.4
58100,"Okra, raw",31,1.93,3.8,0.19,3.2
58103,"Okra, cooked",22.4,1.87,2.01,0.21,2.5
6001,"Beef, rib, raw",251,18.7,0,19.6,0
6002,"Beef, shoulder, raw",130,21.4,0,4.97,0
6003,"Beef, chuck steak, raw",201,19,1.45,13.2,0
6100,"Beef, rib steak, lean, grilled/pan-fried",198,25.5,0,10.7,0
6101,"Beef, braised",240,32.1,0,12.4,0
6102,"Beef, round, raw",187,20.7,0,11.5,0
6103,"Beef, rib steak, raw",231,19.4,0,17.1,0
6104,"Beef, round, cooked",102,21,0.2,1.9,0
6105,"Beef, sirloin steak, roasted/baked",194,28.8,0,8.71,0
6106,"Beef, eye of round, raw",111,22.9,0.38,2.02,0
6110,"Beef, sirloin steak, grilled/pan-fried",182,27.1,0,8.17,0
6111,"Beef, sirloin steak, raw",152,22.3,0.6,6.74,0
6116,"Beef, tenderloin, raw",132,21.6,0.22,4.95,0
6122,"Beef, short ribs, raw",287,18.4,0,23.7,0
6123,"Beef, short ribs, braised or boiled",269,37.3,0,13.3,0
6130,"Beef, thin flank, raw",154,19,0,8.63,0
6131,"Beef, thin flank, grilled/pan-fried",174,21.6,0,9.76,0
6140,"Beef, cheek, raw",136,22.3,0.4,5.02,0
6141,"Beef, cheek, braised or boiled",236,39.2,0,8.82,0
6151,"Beef, knuckle, boiled/cooked in water",161,31,0,4.1,0
6160,"Beef, topside, raw",116,23.1,0.57,2.34,0
6161,"Beef, topside, grilled/pan-fried",141,28.7,0,2.92,0
6162,"Beef, topside, roasted/baked",146,29.8,0,3.03,0
6200,"Beef, steak or beef steak, grilled/pan-fried",128,27.6,0,1.95,0
6201,"Beef, steak or beef steak, raw",229,18.7,0.06,17.2,0
6202,"Beef, bolar-blade, raw",118,21.8,0,3.36,0
6204,"Beef, hanger steak, raw",138,19.9,0.62,6.18,0
6205,"Beef, hanger steak, grilled/pan-fried",171,23,0,8.8,0
6206,"Beef, rump steak, raw",118,23.5,0.4,2.5,0
6207,"Beef, rump steak, grilled/pan-fried",138,29,0,2.1,0
6208,"Beef, bolar-blade, grilled/pan-fried",144,26.7,0,4.11,0
6210,"Beef, roast beef, roasted/baked",126,24.1,0.3,3.16,0
6211,"Beef, flank steak, grilled/pan-fried",162,25,0,6.94,0
6212,"Beef, flank steak, raw",133,20.4,0,5.67,0
6214,"Beef, bolar-blade, roasted/baked",147,27.3,0,4.2,0
6230,"Beef, stewing meat, cooked",172,34,0,4.05,0
6231,"Beef, stewing meat, raw",164,24,0,7.5,0
6240,"Beef, neck, raw",198,20.1,0.78,12.7,0
6241,"Beef, neck, braised",184,33,0,5.8,0
6250,"Beef, minced steak, 5% fat, raw",130,21.9,0.3,4.59,0
6251,"Beef, minced steak, 5% fat, cooked",155,25.5,0,5.85,0
6252,"Beef, minced steak, 10% fat, raw",170,20,0,10,0
6253,"Beef, minced steak, 10% fat, cooked",210,26.1,0,11.8,0
6254,"Beef, minced steak, 15% fat, raw",215,20.2,0.47,14.8,0
6255,"Beef, minced steak, 15% fat, cooked",239,23.6,0,16.1,0
6256,"Beef, minced steak, 20% fat, raw",249,17.2,0,20,0
6257,"Beef, minced steak, 20% fat, cooked",265,23,0,19.2,0
6259,"Beef, ground, cooked (average)",229,23.8,0,14.9,0
6270,"Beef, chuck, raw",144,21.2,0,6.54,0
6271,"Beef, chuck, braised or boiled",251,36.8,0.2,11.4,0
6310,"Beef, oxtail, boiled/cooked in water",196,28,0,9.3,0
6311,"Beef, oxtail, raw",203,21.5,0.23,12.9,0
6510,"Veal, chop, raw",189,18.3,0,12.9,0
6511,"Veal, chop, grilled/pan-fried",156,25.1,0,6.24,0
6512,"Veal, loin, grilled/pan-fried",171,28,0,6.6,0
6513,"Veal, loin, raw",128,19.3,0.4,5.44,0
6520,"Veal, escalope, cooked",147,31,0,2.5,0
6521,"Veal, escalope, raw",114,20.5,0.58,3.28,0
6522,"Veal, tenderloin, raw",111,21.8,0,2.58,0
6523,"Veal, tenderloin, grilled/pan-fried",147,29.1,0,3.44,0
6524,"Veal, tenderloin, roasted/baked",147,29.1,0,3.44,0
6530,"Veal fillet, raw",95,20.6,0,1.4,0
6531,"Veal fillet, roasted/baked",212,24.8,0.5,12.3,0
6535,"Veal, minced steak, 20% fat, raw",243,16.7,0.4,19.5,0
6536,"Veal, minced steak, 15% fat, raw",208,18.2,0,15,0
6540,"Veal, breast, raw",203,17.5,0,14.8,0
6550,"Veal, roast, raw",145,27.3,0,3.96,0
6551,"Veal, roast, cooked",143,28.1,0,3.39,0
6560,"Veal, shoulder, raw",124,20.7,0,4.63,0
6562,"Veal, shoulder, grilled/pan-fried",166,27.6,0,6.17,0
6563,"Veal, shoulder, braised or boiled",219,36.4,0,8.14,0
6564,"Veal, meat, cooked (average)",164,29.1,0.01,5.25,0
6580,"Veal, foot, raw",184,19.1,0,12,0
6581,"Veal, knuckle or shank, braised or boiled",207,37.4,0,6.43,0
6582,"Calf, head, boiled/cooked in water",187,21,0,11.4,0
6583,"Veal, knuckle or shank, raw",118,21.3,0,3.66,0
6584,"Meat, white, cooked (average)",177,28,0.1,7.12,0
6585,"Red meat, cooked (average)",170,26.3,0.03,7.22,0
6590,"Veal, neck, raw",133,19.8,0,5.92,0
6591,"Veal, neck, braised or boiled",233,34.9,0,10.4,0
6900,"Horse, meat, raw",132,20.2,0.5,5.5,0
6901,"Horse, steak, raw",129,21.4,0.4,4.6,0
6902,"Horse, meat, roasted/baked",138,28,0,2.85,0
6903,"Horse, topside, raw",106,22.7,0,1.68,0
6904,"Horse, sirloin steak, raw",121,22.2,0,3.58,0
6905,"Horse, rib steak, raw",118,22.1,0,3.34,0
6906,"Horse, topside, grilled/pan-fried",135,27.9,0,2.58,0
6907,"Horse, sirloin steak, grilled/pan-fried",163,26.6,0,6.27,0
6908,"Horse, rib steak, grilled/pan-fried",169,28.2,0,6.24,0
6909,"Horse, sirloin steak, roasted/baked",173,28.3,0,6.68,0
6910,"Horse, topside, roasted/baked",144,29.7,0,2.75,0
6999,"Meat, cooked (average)",174,27.2,0.14,7.18,0.01
7000,Bread (average),276,8.18,55,1.36,3.86
7001,"Bread, French bread, baguette",287,8.27,58.3,1.4,2.7
7002,"Bread, French bread, with yeast",261,7.41,53.1,1.3,2.1
7004,"Bread, French bread, toasted",317,9.46,64,1.3,3.7
7007,"Bread, tradtion French bread",279,8.15,56.7,1,3.8
7009,"Bread, French bread, pre-cooked, to be recooked, prepacked",265,7.13,53.9,1.2,3.5
7010,"Brown French bread, with flour type 80 or 110",265,8.6,54,0.33,4.2
7013,"Bread, French bread, gluten free, pre-cooked, to be recooked, prepacked",234,2.88,39.8,5.29,7.22
7098,"Country-style bread, French bread, multigrain and/or seeds, prepacked",282,8.27,39.7,7.6,5.8
7099,"Bread, French bread, prepacked",257,6.68,48.7,2.81,3.75
7100,"French bread, country-style",253,7.52,50,1.3,4.3
7106,"Rye bread, whole grain, prepacked",213,5.7,39.5,0.9,8.2
7107,"Bread, with seeds, gluten free, prepacked",266,4.74,38.8,8.55,6.76
7109,"Sandwich loaf, wholemeal, crust less, prepacked",245,7.07,42.8,3.2,6.6
7110,"Bread, French bread, wholemeal or integral bread (made with flour type 150)",234,8.66,41.2,1.7,7.3
7111,"Sandwich loaf, wholemeal, prepacked",257,7.3,41.8,4.1,7.3
7113,"Sandwich loaf, multigrain and/or with seeds, prepacked",290,8.84,43.5,6.6,5.9
7114,"Bread, unleavened, prepacked",372,10.7,74.9,1.67,5.41
7115,"Bread, bran grain",244,8.3,44.4,1.94,6.21
7116,"Sandwich loaf, gluten free, prepacked",242,3.36,41.2,5.1,7.4
7117,"Sandwich loaf, no added sugars, prepacked",290,7.01,48.1,5.9,4
7125,Rye and wheat bread,260,8.27,51.5,1,4.5
7130,"Bread, French bread, gluten free, prepacked",249,4.58,37.1,6.6,9.9
7160,"Bread, French bread, no added salt",282,8.7,57,1.17,2.68
7170,"Bread, panini",254,7.48,50.6,1.1,4.2
7180,"Bread, pita",249,7.48,48.8,1.5,3.7
7200,"Sandwich loaf, prepacked",279,7.06,50.4,4.37,2.83
7201,"Sandwich loaf, crustless, prepacked",266,6.93,50.2,3.23,2.89
7210,"Brioche sandwich bread, prepacked",312,7.78,51.4,7.26,3.03
7225,"Brioche or Vienna bread, from bakery",338,8.89,48.6,11.2,1.9
7255,"Bread, multigrain and/or with seeds",269,9.58,46.9,3.2,5.2
7256,"English muffin, whole wheat flour, prepacked",205,10.9,31,1.7,8.1
7257,"English muffin, prepacked",228,9.06,42.5,1.1,3.8
7258,"Bread, bagel",301,9.83,53,4.58,2.7
7259,"Rolls for burger/hotdog (buns), prepacked",283,8.21,47.2,4.9,3.5
7260,"Bread, French bread, home-made, with flour for home-made bread preparation",256,7.81,52.1,0.9,2.6
7261,"Bread, French bread, home-made (with flour for bread making machine)",240,7.98,46.7,0.9,5.1
7262,"Rolls for burger/hotdog (buns), wholemeal, prepacked",296,8.56,48.2,6.16,5.18
7263,"Bretzel, fresh bread",330,9.18,54.6,7.1,3.8
7300,Rusk,394,10,73.2,5.43,4.32
7301,Brioche rusk,440,8.61,72.1,11.3,5.7
7302,"Rusk, wheat germ",386,10.1,69.9,5.4,6.6
7310,"Rusk, no added salt",402,10.6,74.7,5.1,5.6
7330,"Rusk, multigrain",404,11.5,68.1,7.3,7.6
7340,"Rusk, wholemeal",389,11.3,66,5.9,11
7347,"Wheat cracker, with seeds",445,14.3,49.9,17.7,11.6
7348,"Wheat cracker, with cheese and seeds",455,17.9,47.3,18.5,10.4
7349,"Wheat cracker, wholemeal",436,12.6,55.6,15.4,10.1
7351,Wheat crackers,442,10.4,68.6,12.3,4.1
7352,"Puffed rice textured bread, whole grain",381,8.39,77.9,3,3.4
7353,Puffed cereals textured bread,388,10.1,77.9,2.9,3.7
7354,Puffed corn/maize textured bread,387,7.02,83.5,1.9,3
7355,"Puffed rice textured bread, with chocolate covering",494,7.32,60.7,23.2,5.1
7356,"Puffed corn/maize textured bread, with chocolate covering",481,7.3,63.2,20.8,5.05
7357,"Puffed cereals textured bread, with seeds",382,8.53,77.7,3.88,4.63
7359,"Crispbread, with bran, source or rich in fibre",342,9.29,57.4,3,21.9
7399,"Brioche rusk with raisins, sliced, prepacked",405,10.7,74.3,5.9,4.03
7400,"Rusk, slice, wheat, prepacked",399,9.75,71.8,6.2,6.4
7402,"Rusk, slice, wholewheat, prepacked",390,10.3,69.4,5.6,8
7403,"Brioche rusk, sliced, prepacked",427,10.2,67.6,11.3,4.9
7407,"Swedish toast, wheat",411,8.66,71.6,8.4,5.2
7409,"Swedish toast, with grains and seeds",404,10.4,68.6,8.14,5.14
7410,"Crispbread, extruded and grilled, plain",385,9.01,75.8,3.6,4.8
7412,"Crispbread, extruded and grilled, chocolate filling",445,7.88,65.4,15.6,5.3
7413,"Crispbread, extruded and grilled, fruit filling",372,4.22,74.9,5.1,2.6
7414,"Crispbread, extruded and grilled, source or rich in fibre",376,9.86,71.3,3.5,7.2
7419,"Swedish toast, wholemeal, no added sugars",391,10.8,65,7.2,9.4
7420,"Swedish toast, whole wheat",402,9.69,65.8,8.6,9.3
7421,"Swedish toast, with fruits",386,8.85,73.8,4.9,3.8
7422,Swedish toast with eggs,421,9.43,69.4,10.6,3.31
7425,"Rusk , slice, multigrain, prepacked",417,12.8,70,7.33,7.5
7431,"Croutons, for spreads, prepacked",374,12.3,70,2.85,7
7432,"Croutons, plain, prepacked",459,9.21,62.4,17.9,3.72
7500,Breadcrumbs,365,9.41,74.3,1.6,5.4
7525,"Grissini or bread stick, plain (without sesame)",428,11.4,68.8,10.5,4.25
7600,Viennese pastry (average),385,7.63,49,17,2.43
76000,"Mineral still water (Abatilles), bottled, lightly mineralized",0,0,0,0,0
76001,"Mineral still water (Aix-les-Bains), bottled, lightly mineralized",0,0,0,0,0
76002,"Mineral sparkling water (Aziac), bottled, lightly mineralized",0,0,0,0,0
76004,"Mineral still water (Amanda), bottled, strongly mineralized",0,0,0,0,0
76006,"Mineral sparkling water (Arcens), bottled, averagely mineralized",0,0,0,0,0
76007,"Mineral sparkling water (Ardesy), bottled, strongly mineralized",0,0,0,0,0
76010,"Mineral water (Celtic), bottled, very lightly mineralized",0,0,0,0,0
76011,"Mineral still water (Chambon), bottled, lightly mineralized",0.01,0,0,0,0
76012,"Mineral still water (Chantemerle), bottled, lightly mineralized",0,0,0,0,0
76013,"Mineral sparkling water (Chateauneuf), bottled, strongly mineralized",0,0,0,0,0
76014,"Mineral sparkling water (Chateldon), bottled, strongly mineralized",0,0,0,0,0
76015,"Mineral still water (Clos de l'Abbaye), bottled, averagely mineralized",0.06,0,0.02,0,0
76016,"Mineral still water (Contrex), bottled, strongly mineralized",0.03,0,0.01,0,0
76017,"Mineral still water (Dax), bottled, averagely mineralized",0.28,0,0.07,0,0
76018,"Mineral sparkling water (Didier), bottled, strongly mineralized",0,0,0,0,0
76019,"Mineral still water (Didier), bottled, strongly mineralized",0,0,0,0,0
76020,"Mineral still water (Evian), bottled, lightly mineralized",0,0,0,0,0
76022,"Mineral still water (Hépar), bottled, strongly mineralized",0,0,0,0,0
76023,"Mineral sparkling water (Hydroxydase), bottled, strongly mineralized",1.04,0,0,0,0
76024,"Mineral sparkling water (Vernière), bottled, averagely mineralized",0,0,0,0,0
76025,"Mineral still water (Luchon), bottled, lightly mineralized",0,0,0,0,0
76027,"Mineral water (Mont-Roucous, bottled, very lightly mineralized",0,0,0,0,0
76029,"Mineral water (Orée du bois), bottled, averagely mineralized",0,0,0,0,0
7603,Croissant (average),417,6.56,46.2,22.1,2.41
76030,"Mineral sparkling water (Orezza), bottled, averagely mineralized",0,0,0,0,0
76031,"Mineral sparkling water (Parot), bottled, averagely mineralized",0,0,0,0,0
76032,"Mineral water (Plancoet), bottled, lightly mineralized",0,0,0,0,0
76033,"Mineral still water (Propiac), bottled, strongly mineralized",0.92,0,0,0,0
76034,"Mineral sparkling water (Puits St Georges), bottled, averagely mineralized",0,0,0,0,0
76035,"Mineral sparkling water (Quézac), bottled, averagely mineralized",0,0,0,0,0
76036,"Mineral sparkling water (Reine des basaltes), bottled, averagely mineralized",0,0,0,0,0
76037,"Mineral sparkling water (Rozana), bottled, strongly mineralized",0,0,0,0,0
76038,"Mineral still water (Sail-les-Bains), bottled, lightly mineralized",0,0,0,0,0
76039,"Mineral sparkling water (Salvetat), bottled, averagely mineralized",0.12,0,0.03,0,0
76043,"Mineral water (St-Amand), bottled, averagely mineralized",0,0,0,0,0
76044,"Mineral still water (St-Antonin), bottled, strongly mineralized",0.09,0,0.02,0,0
76046,"Mineral sparkling water (St-Diéry), bottled, strongly mineralized",0.02,0,0.01,0,0
76047,"Mineral sparkling water (Ste-Marguerite), bottled, averagely mineralized",0,0,0,0,0
76049,"Mineral sparkling water (St-Yorre), bottled, strongly mineralized",0.04,0,0.01,0,0
76050,"Mineral still water (Thonon), bottled, lightly mineralized",0.03,0,0.01,0,0
76052,"Mineral sparkling water (Vals-Vivaraise), bottled, averagely mineralized",0,0,0,0,0
76053,"Mineral sparkling water (Ventadour), bottled, lightly mineralized",0.12,0,0.03,0,0
76054,"Mineral sparkling water (Vernet), bottled, lightly mineralized",0,0,0,0,0
76055,"Mineral sparkling water (Vichy Célestins), bottled, strongly mineralized",0.05,0,0.01,0,0
76056,"Mineral still water (Vittel), bottled, averagely mineralized",0.08,0,0.02,0,0
76057,"Mineral still water (Volvic), bottled, lightly mineralized",0.01,0,0,0,0
76058,"Mineral sparkling water (Volvic active), bottled, lightly mineralized",0,0,0,0,0
76059,"Mineral water (Wattwiller), bottled, lightly mineralized",0,0,0,0,0
76060,"Mineral sparkling water (Perrier), bottled, lightly mineralized",0,0,0,0,0
76061,"Mineral sparkling water (Badoit), bottled, averagely mineralized",0,0,0,0,0
76062,"Mineral still water (Avra), bottled, lightly mineralized",0,0,0,0,0
76063,"Mineral still water (Beckerich), bottled, lightly mineralized",0,0,0,0,0
76065,"Mineral still water (Chaudfontaine), bottled, lightly mineralized",0,0,0,0,0
76066,"Mineral still water (Christinen Brunnen), bottled, averagely mineralized",0,0,0,0,0
76067,"Mineral still water (Courmayer), bottled, strongly mineralized",0,0,0,0,0
76069,"Mineral still water (Levissima), bottled, lightly mineralized",0,0,0,0,0
76070,"Mineral still water (Luso), bottled, very lightly mineralized",0,0,0,0,0
76071,"Mineral still water (Néro), bottled, lightly mineralized",0,0,0,0,0
76072,"Mineral still water (Penacova), bottled, very lightly mineralized",0,0,0,0,0
76074,"Mineral water (San Bernardo), bottled, very lightly mineralized",0,0,0,0,0
76075,"Mineral sparkling water (San Pellegrino), bottled, averagely mineralized",0,0,0,0,0
76076,"Mineral water (Spa-Reine), bottled, averagely mineralized",0,0,0,0,0
76078,"Mineral still water (Valvert), bottled, lightly mineralized",0,0,0,0,0
76079,"Mineral still water (Appollinaris), bottled, strongly mineralized",0,0,0,0,0
76081,"Mineral still water (Biovive), bottled, lightly mineralized",0.04,0,0.01,0,0
76082,"Mineral still water (La Cairolle), bottled, strongly mineralized",0.43,0,0.11,0,0
76083,"Mineral sparkling water (Cilaos), bottled, strongly mineralized",0,0,0,0,0
76085,"Mineral still water (La Française), bottled, strongly mineralized",0.49,0,0,0,0
76086,"Mineral still water (Montcalm), bottled, very lightly mineralized",0.01,0,0,0,0
76087,"Mineral still water (Montclar), bottled, lightly mineralized",0.04,0,0.01,0,0
76088,"Mineral sparkling water (Nessel), bottled, averagely mineralized",0.33,0,0.08,0,0
76089,"Mineral sparkling water (Ogeu), bottled, lightly mineralized",0.05,0,0.01,0,0
76090,"Mineral still water (Ogeu), bottled, lightly mineralized",0.07,0,0.02,0,0
76091,"Mineral still water (Prince Noir), bottled, strongly mineralized",0,0,0,0,0
76092,"Mineral sparkling water (St-Alban), bottled, averagely mineralized",0,0,0,0,0
76093,"Mineral sparkling water (St-Géron), bottled, averagely mineralized",0.28,0,0.07,0,0
76094,"Mineral sparkling water (St-Michel-de-Mourcairol), bottled, averagely mineralized",0.33,0,0.08,0,0
76095,"Mineral still water (Treignac), bottled, very lightly mineralized",0.01,0,0,0,0
76096,"Mineral sparkling water (Vals), bottled, averagely mineralized",0.08,0,0.02,0,0
76097,"Mineral still water (Vauban), bottled, averagely mineralized",0.35,0,0.09,0,0
76101,"Mineral still water (Montblanc), bottled, lightly mineralized",0,0,0,0,0
76102,"Mineral still water (Eden La Goa), bottled, lightly mineralized",0,0,0,0,0
76103,"Mineral water (Velleminfroy), bottled, strongly mineralized",0,0,0,0,0
7615,"Croissant, ordinary, from bakery",412,6.33,47.6,21.1,1.8
7616,"Croissant, ordinary, prepacked",398,6.95,46.7,19.1,4.1
7619,"Croissant, pure butter (average)",420,6.61,45.7,22.6,2.5
7620,"Croissant, pure butter, from bakery",420,6.61,45.7,22.6,2.5
7621,"Croissant, pure butter, prepacked",388,6.27,45.7,18.9,3.7
7650,"Croissant with almonds, from bakery",449,7.62,36.5,29.1,3.7
7710,"Milk roll, from bakery",376,8.55,49,15.4,1.5
7711,"Milk roll, prepacked",357,8.69,50.5,12.3,3.5
7712,"Milk roll filled with chocolate chips, prepacked",375,8.25,49.6,14.7,3.8
7719,"Brioche, (italian pastry filled with raisins and orange candied peel), prepacked",352,6.88,50.6,12.7,3.4
7720,"Raisin puff pastry (Viennese pastries), from bakery",345,5.81,53.4,11.5,1.4
7730,"Chocolate croissant, from bakery",423,7.47,45.4,22.5,3
7733,"Chocolate croissant, prepacked",421,6.28,48.6,21.4,2.72
7735,"Brioche, with chocolate chips or filled with chocolate, prepacked",352,8.17,51.1,12.1,2.98
7738,"Brioche, filled with fruits, prepacked",326,5.81,52.4,9,5.5
7739,"Brioche, filled with custard cream (Chinese brioche type), prepacked",267,5.81,45.7,6,3.4
7740,"Brioche, plain, prepacked",356,7.99,52.7,12.1,2.09
7742,"Brioche, plain, from bakery",420,11.3,50.7,19.1,0
7744,"Christmas brioche with candied fruits, prepacked",353,7.2,52.8,12.3,1.35
7745,"Brioche, pure butter, plain, prepacked",361,8.21,51.1,13.3,2.03
7746,Brioche (average),363,8.41,52.1,13,1.94
7811,"Focaccia, filled",233,8,29.5,8.75,2.25
7812,"Fougasse, filled",320,9.53,42.1,11.8,3.2
7813,"Maize/corn tortilla wrap, to be filled",316,6.08,58,5.57,3.57
7814,"Savoury cake (with cheese, vegetables, meat, fish, poultry, etc.), prepacked",321,11.6,25.6,18.4,2.3
7815,"Wheat tortilla wrap, to be filled",320,8.01,53,7.48,2.89
8000,Rillettes of pork,391,13,3.73,36,0
8001,"Rillettes, pure pork",413,16.7,0.13,38.3,0.21
8002,"Rillettes of pork, superior quality",402,15.5,0.17,37.7,0.05
8010,Rillettes from Tours,522,18,0.1,50,0
8015,Rillettes from Mans,420,15.6,4.79,37.6,0.21
8025,"Rillettes, pure goose",417,14.7,0.1,39.8,0
8026,Rillettes of duck,377,15.3,1.03,34.6,0
8030,Rillettes of goose,364,14.9,0.99,33.4,0
8040,Rillettes of poultry,340,16.4,0.49,30.3,0.25
8059,"Rillettes, crab, prepacked",210,9.16,4.61,16.6,2.61
8080,"Rillette, fish, prepacked",242,13.9,0,20.7,0
8081,"Rillettes, salmon, prepacked",242,12.9,2.77,19.6,1.2
8082,"Rillettes, tuna, prepacked",235,13.6,1.88,18.8,1.69
8083,"Rillettes, mackerel, prepacked",246,11,1,22,0
8109,"Duck confit (conserved in rendered fat), meat (leg) without skin, canned, reheated",195,32,0,7.4,0
8110,"Duck confit (conserved in rendered fat), canned",273,25.7,0.15,18.8,0.4
8111,"Duck breast fillet, smoked",362,18,0.5,32,0
8120,Preserved pork liver,320,15.4,1.3,28.1,0.5
8125,Preserved poultry liver,361,13.7,6.22,31,1
8201,Pâté with green pepper,358,10.1,1.45,34.6,0
8206,Ham pâté,302,14.7,1.04,26.5,0.39
8211,Country-style pâté or terrine,323,15.5,1.5,28.2,0
8212,"Country-style pâté or terrine, low salt",324,13.8,4.2,27.9,0.25
8214,Breton pâté,363,11,2.88,34,0.5
8232,Duck terrine,322,13.2,5.64,27.1,0.54
8240,Rabbit pâté,286,14.7,1.73,24.5,0.15
8242,Rabbit terrine,266,19,6.44,18,1
8245,Game pâté,293,14.2,3.28,24.7,0.5
8250,Pâté with mushrooms,328,12.6,5.93,28.1,0.58
8290,"Taramasalata, with smoked salmon, prepacked",501,7.7,4.74,50,0.38
8291,"Fish terrine, prepacked",205,9.01,4.21,16.7,1.36
8292,"Seafood terrine, with or without fish, prepacked",190,9.13,7.89,13.3,1.2
8293,"Taramasalata, with cod eggs, prepacked",518,6.11,4.01,53,0.48
8296,"Vegetable terrine or mousse, prepacked",140,6.67,5.5,9.56,2.55
8297,Vegetable flan with eggs,210,5.38,4.13,18.6,2.3
8300,"Pork liver pâté, superior quality",358,13,6.5,31,0.3
8305,Pork liver pâté,355,10.8,2.91,33.3,0.2
8312,"Pork liver mousse, superior quality",324,11.1,10.9,26.1,0.72
8313,Pork liver mousse,286,12,3.39,24.9,0.75
8315,Duck mousse,394,10.1,7.07,36.1,0.45
8316,Poultry liver pâté,316,13.7,1.21,28.3,0.84
8321,"Foie gras, duck, whole, cooked",526,8.41,0.03,54.6,0.35
8323,"Foie gras block, duck, without pieces",478,5.75,1.09,50,0.35
8324,"Foie gras block, duck, 30% pieces",488,6.88,2.19,50.1,0
8325,"Foie gras block, duck, 50% pieces",488,6.39,4.28,49.5,0
8326,Goose liver pâté,459,11.4,4.67,43.8,0
8328,"Foie gras, duck, raw",600,5.94,1.41,63.4,0
8331,"Foie gras, duck, block (average)",488,6.88,2.19,50.1,0
8332,Paté (average),325,14.6,1.91,28.7,0.12
8350,Galantine,109,22,1.28,1.73,0.44
8373,Rolled escalope of pork with pistachio,287,15.3,3,23.5,1.2
8391,Pâté in crust,303,9.96,21.7,19.3,1.5
8395,"Ham, in a pastry crust",236,14.4,17.8,11.8,0.77
8400,Head-cheese pâté or brawn,184,13.8,3.15,12.9,0
8406,"Salad of pig's snout, with sauce, prepacked",172,8.51,0.89,14.8,0.75
8407,"Salad of saveloy, with sauce, prepacked",259,7.6,1.93,24.2,1.28
8429,Pork ham with parsley and jelly,151,19,0.48,7.9,0
8450,Ox muzzle,151,26.2,0,5.17,0
8500,Chitterling sausage,211,18.4,0.3,15.1,0
8501,Chitterling sausage from Guéméné,234,18,0,18,0
8504,"Chitterling sausage, reheated in a frying pan",270,22.5,0,20,0
8512,Chitterling sausage from Vire,238,19,0,18,0
8550,"Chitterling sausage, to cook",225,18.8,0.5,16.3,0.71
8551,"Chitterling sausage, grilled/pan-fried",301,24.5,0.54,22.3,0
8552,"Chitterling sausage from Troyes, to cook",256,19.7,1,19,0.9
8601,"Caen-style tripe, prepacked",120,20.4,0.5,3.68,1.5
8612,"Provencal-type tripe (with tomato), prepacked",100,17.5,0.55,3.13,0
8703,"Black pudding, to cook",297,12.2,0.29,27.1,1.42
8704,"Black pudding, grilled/pan-fried",246,11.9,3.78,20.3,0
8705,"Black or white pudding (blood sausage), grilled/pan-fried (average)",238,11.3,4.59,19.4,0
8742,"Caribbean blood sausage, to cook",231,11.5,9.2,16.5,0
8800,"White pudding, grilled/pan-fried",220,9.89,6.6,17.1,0
8801,"White pudding, to cook",244,10,3.64,21,0
8803,"White pudding, truffled, to cook",247,10.6,9.01,18.4,1.4
8903,"Veal quenelle, with sauce, canned",169,3.52,14.8,10.3,1.39
8910,"Poultry quenelle, raw",189,9.37,14.7,10.1,1.1
8912,"Poultry quenelle, with sauce, canned",138,3.55,10.3,8.92,1.2
8932,"Fish quenelle, with sauce, canned",135,3.79,10.5,8.51,0.72
8933,"Fish quenelle, raw",245,8.1,23.6,12.7,2.15
8937,"Quenelle, plain, raw",226,6.88,14.7,15.1,1.1
9001,"Spelt, raw",344,14.6,59.5,2.43,10.7
9003,"Khorasan wheat, raw",342,14.5,59.5,2.13,11.1
9060,"Durum wheat, wholewheat, raw",342,13.7,59.3,2.47,11.8
9080,"Wheat, wholewheat, pre-cooked, raw",359,13.7,67.7,1.83,6.67
9081,"Durum wheat pre-cooked, whole grain, cooked, no added salt",153,5.36,28.2,1.1,3.5
9082,"Durum wheat, pre-cooked, seasoned, cooked, in a microwaveable bag",188,4.86,29.6,4.84,2.58
9085,"Asian noodles, seasoned (beef, chicken, vegetables), cooked",140,4.78,18.8,4.3,2.8
9100,"Rice, white, raw",350,7.02,77.5,0.79,1.53
9101,"Rice, white, parboiled, raw",361,7.33,79.4,1.02,1.65
9102,"Rice, wholegrain, raw",350,7.02,71.4,2.8,5
9103,"Rice, wholegrain, cooked, no added salt",187,3.87,37.6,1.8,2.1
9104,"Rice, white, cooked, no added salt",155,3.15,33.2,0.7,1.4
9105,"Rice, white, parboiled, cooked, no added salt",146,2.95,31.7,0.56,1.1
9108,"Rice, wild, raw",344,11.1,69.2,0.94,5.9
9109,"Rice, red, raw",352,7.97,70.6,3,4.5
9110,"Rice, red, cooked, no added salt",141,3.45,28.2,0.69,4
9111,"Rice, wild, cooked, no added salt",102,3.8,19.7,0.34,1.8
9113,"Rice, semi-wholegrain, cooked, no added salt",165,3.63,34.4,1,1.7
9119,"Rice, basmati, raw",351,7.08,78.4,0.63,1.06
9121,"Rice, mix of species (white, wholegrain, wild, red, etc.), raw",355,7.14,78.1,1,1.5
9124,"Rice, Thai, cooked, no added salt",143,2.38,31.4,0.8,0
9125,"Rice, basmati, cooked, no added salt",148,3.03,32.9,0.4,0
9230,"Pop-corn or popped maize, with oil, salted",477,8.3,50.2,24.6,10.6
9231,"Pop-corn or air-popped maize, without oil, unsalted",419,11,59.7,12.3,12.8
9232,"Pop-corn or popped maize, with caramel",421,6.53,73.2,9.83,6.8
9310,"Oat, raw",378,16.9,55.7,6.9,10.6
9313,"Oat flakes, boiled/cooked in water",69.1,2.54,10.3,1.52,1.7
9320,"Barley, wholegrain, raw",334,12.5,56.2,2.3,17.3
9321,"Pearled barley, raw",346,9.91,68.6,1.16,9.1
9322,"Pearled barley, boiled/cooked in water, no added salt",119,2.26,24.4,0.44,3.8
9330,"Millet, wholegrain, raw",360,11,64.3,4.22,8.5
9331,"Millet, cooked, no added salt",116,3.51,22.4,1,1.3
9340,"Quinoa, raw",358,13.2,58.1,6.07,7
9341,"Quinoa, boiled/cooked in water, no added salt",149,4.66,27.9,1.1,3.8
9345,"Amaranth, raw",369,13.5,58.6,7.02,6.7
9360,"Sorghum, wholegrain, raw",349,10.6,65.4,3.46,6.7
9380,"Buckwheat, wholegrain, raw",362,13.3,67.5,3.4,4
9390,"Rye, wholegrain, raw",332,10.3,60.8,1.63,15.1
9410,"Wheat flour, type 110",343,9.61,68.6,1.5,6.8
9415,"Wheat flour, type 150",342,11.4,64.9,1.52,10.2
9435,"Wheat flour, type 65",346,10,71.5,1,3.5
9436,"Wheat flour, type 55 (for bread)",350,9.03,73.7,1,3.2
9437,"Wheat flour, self-raising",350,9.12,74,1,2.5
9440,"Wheat flour, type 45 (for pastry)",355,8.44,76.5,0.82,2.5
9445,"Wheat flour, type 80",355,9.95,73.2,1.18,4.2
9480,Spelt flour,352,11.4,64,3,9.3
9510,Maize/corn starch,365,0.26,90.4,0.05,0.9
9520,Rice flour,357,7.62,73.9,2.5,3.3
9530,"Rye flour, type 170",315,15.9,44.8,2.22,23.8
9532,"Rye flour, type 85",345,9.82,68.7,1.33,8
9533,"Rye flour, type 130",344,7.24,70.9,1.12,9.5
9540,Buckwheat flour,348,11.5,68.4,2.19,4.2
9545,Maize/corn flour,362,5.59,80.9,1.39,1.9
9550,Barley flour,337,10.5,64.4,1.6,10.1
9555,Millet flour,350,10.2,63.2,4.1,9.7
9570,Chestnut flour,362,5.69,70.4,3.43,12.6
9580,Chick pea flour,359,22.4,47,6.69,10.8
9610,"Durum wheat semolina, raw",350,11.8,69.8,1.28,3.7
9612,"Mix of cereals and pulses, raw",354,13.7,59,4,11
9614,"Polenta or maize/corn semolina, pre-cooked, raw",350,7.88,74,1.8,3.2
9615,"Polenta or maize/corn semolina, cooked, no added salt",76.1,1.38,16.9,0,1.6
9621,Wheat bran,270,14.8,22.7,3.88,42.9
9640,Oat bran,361,16.8,50.6,6.52,16.7
9641,Maize/corn bran,226,8.36,6.65,0.92,79
9643,Rice bran,398,14,28,20.9,21
9660,Wheat germ,375,27.2,35.1,9.5,16.3
96778,"Pizza dough, prepacked, cooked",321,7.75,54.6,7.1,2.5
96781,Rice starch,343,0.6,85,0,0
9681,"Couscous (pre-cooked durum wheat semolina), raw",366,12.3,72.7,1.32,4.5
9683,"Couscous grain, cooked, no added salt",164,5.81,31,0.9,2.8
9685,"Couscous grain, wholewheat, cooked, no added salt",142,4.28,26.8,1,3.7
9686,"Couscous grain, semi-wholewheat, cooked, no added salt",170,5.59,32.4,1,3.2
9690,"Wheat, bulgur, raw",347,11.7,65.8,1.42,10.5
9691,"Wheat bulgur, cooked, no added salt",131,4.31,24.1,1,3.7
9810,"Pasta, dry, regular, raw",364,12,72.7,1.6,2.91
9811,"Pasta, dry, regular, cooked, no added salt",167,6.1,31.4,1.1,2.2
9815,"Pasta, fresh, with egg, raw",283,10.1,53.8,1.87,3.17
9816,"Pasta, fresh, with egg, cooked, no added salt",168,5.76,32,1.3,1.5
9821,"Pasta, dry, with egg, raw",381,14,68,4.72,3.15
9822,"Pasta, dry, with egg, cooked, no added salt",134,4.57,23,2,2
9824,"Pasta, dry, gluten-free, cooked, no added salt",163,3.09,34.4,1.1,1
9863,"Asian noodles, dry, with wheat and egg, plain, raw",371,11.9,71,3,4
9870,"Pasta, dry, wholewheat, raw",353,11.8,67.6,2.2,6.1
9871,"Pasta, dry, wholewheat, cooked, no added salt",179,7.35,31.3,1.4,5.1
9874,"Pasta, dry, gluten-free, raw",358,6.06,79,1.5,1
9875,"Pasta, dry, gluten-free (from rice and corn), cooked, no added salt",170,3.15,36.6,0.8,1.3
9876,"Pasta, dry, gluten-free (from red lentils), cooked, no added salt",168,11.7,25.1,0.8,4.9
9877,"Pasta, dry, semi-wholewheat, cooked, no added salt",173,5.71,31.8,1.2,4.5
9900,"Rice vermicelli, dry, raw",365,7.44,80.5,1,1.2
9901,"Rice vermicelli, dry, cooked, no added salt",86.6,1.43,20.1,0,0
9902,"Soy vermicelli, dry, raw",343,0.29,84.7,0.14,1.6
9903,"Soy vermicelli, dry, cooked, no added salt",60,0.29,14.4,0.1,0.8
