source_id,name,calories,protein,carbs,fat,fibre
10,Sliced turkey with mashed potatoes and peas,112,8.4,11.6,3,1.1
1000,"Gravy, au jus, dehydrated",313,9.2,47.49,9.63,0
1001,"Gravy, beef, canned",53,3.75,4.41,2.36,0.4
1002,"Gravy, beef, dehydrated",367,10.74,57.38,9.61,2
1003,"Gravy, chicken, canned",79,1.93,5.02,5.71,0.4
1004,"Gravy, chicken, dehydrated",381,11.27,60.09,9.73,2
1006,"Gravy, mushroom, dehydrated",328,10,59.86,4,4.8
1007,"Gravy, onion, dehydrated",322,9,61.64,3,6
1008,"Gravy, pork, dehydrated",367,8.78,61.17,8.63,2.4
1009,"Gravy, turkey, canned",51,2.6,4.7,2.1,0.4
101,"Cheese sauce, homemade",197,10.33,5.38,14.92,0.1
1010,"Gravy, turkey, dehydrated",367,10.42,63.12,7.19,2
1011,"Gravy, unspecified, dehydrated",344,13,56,8,2
1012,"Soup, chicken noodle, dehydrated",377,15.42,59.12,6.51,3.2
1017,"Sauce, barbecue, ready-to-serve",172,0.82,39.87,0.63,0.9
1026,"Sauce, white, thin, 2% milk, homemade",105,3.77,7.3,6.73,0.1
1027,"Sauce, white, medium, 2% milk, homemade",147,3.84,8.97,10.63,0.2
1028,"Sauce, white, thick, homemade",186,3.99,11.31,13.83,0.3
1029,"Sauce, pepper or hot, ready-to-serve",11,0.51,1.45,0.37,0.3
1030,"Sauce, pepper, TABASCO, ready-to-serve",12,1.29,0.2,0.76,0.6
1046,"Soup, cream, asparagus, canned, condensed, water added",35,0.94,4.18,1.68,0.2
1047,"Soup, bean with bacon, canned, condensed, water added",65,3.45,7.13,1.02,3.4
1049,"Soup, beef noodle, canned, condensed, water added",33,1.93,3.28,1.23,0.3
105,"Cheese, cheddar or colby type, low fat (7% M.F.)",173,24.35,1.91,7,0
1050,"Soup, cream, celery, canned, condensed, water added",42,0.37,2.79,2.94,0.5
1051,"Soup, cheddar cheese, canned, condensed, water added",56,1.9,4.06,3.39,0.5
1052,"Soup, broth, chicken, canned, condensed, water added",3,0.49,0.14,0.02,0.1
1053,"Soup, cream, chicken, canned, condensed, water added",55,1.14,2.88,4.14,0.4
1054,"Soup, chicken gumbo, canned, condensed, water added",23,1.08,2.63,0.59,0.8
1055,"Soup, chicken noodle, canned, condensed, water added",25,1.46,2.85,0.67,0.4
1056,"Soup, chicken rice, canned, condensed, water added",26,1,3.8,0.53,0.4
1057,"Soup, chicken vegetable, canned, condensed, water added",31,1.5,3.16,1.18,0.4
106,"Cheese, cheddar or colby type, low sodium",398,24.35,1.91,32.62,0
1060,"Soup, broth (consomme), beef, canned, condensed, water added",7,1,0.67,0.01,0.1
1061,"Soup, minestrone, canned, condensed, water added",34,1.77,4.26,1.04,0.4
1062,"Soup, mushroom barley, canned, condensed, water added",30,0.77,4.5,0.93,0.3
1063,"Soup, cream, mushroom, canned, condensed, water added",44,0.81,2.35,3.35,0.4
1064,"Soup, onion, canned, condensed, water added",23,1.5,2.97,0.7,0.3
1065,"Soup, cream, onion, canned, condensed, water added",44,1.13,4.8,2.16,0.4
1067,"Soup, cream, potato, canned, condensed, water added",30,0.72,4.5,0.97,0.2
1068,"Soup, scotch broth, canned, condensed, water added",33,2.03,3.37,1.07,0.5
107,"Cheese, cottage, (1% M.F.)",72,12.39,2.72,1.02,0
1071,"Soup, tomato rice, canned, condensed, water added",47,0.82,7.84,1.06,0.7
1075,"Soup, vegetable with beef broth, canned, condensed, water added",39,1.18,7.03,0.33,0.8
1076,"Soup, cream, asparagus, dehydrated, water added",23,0.88,3.37,0.69,0.2
1077,"Soup, bean with bacon, dehydrated, water added",40,2.07,2.78,0.81,3.4
1078,"Soup, broth, beef, dehydrated, water added",3,0.21,0.25,0.08,0
1079,"Soup, broth, beef, cubed, dehydrated, water added",3,0.21,0.25,0.08,0
1080,"Soup, beef noodle, dehydrated, water added",16,0.88,2.1,0.32,0.3
1081,"Soup, cauliflower, dehydrated, water added",27,1.13,4.19,0.67,
1082,"Soup, cream, celery, dehydrated, water added",25,1.03,3.64,0.64,0.2
1083,"Soup, broth, chicken, dehydrated, water added",5,0.28,0.3,0.23,0
1084,"Soup, broth, chicken, cubed, dehydrated, water added",5,0.39,0.62,0.12,0
1085,"Soup, cream, chicken, dehydrated, water added",41,0.68,5.01,2.04,0.1
1086,"Soup, chicken rice, dehydrated, water added",24,0.97,3.36,0.57,0.3
1087,"Soup, chicken vegetable, dehydrated, water added",20,1.07,2.91,0.32,0.2
1088,"Soup, consomme, dehydrated, water added",7,0.87,0.78,0.08,0
1089,"Soup, leek, dehydrated, water added",28,0.83,3.3,0.81,1.2
1090,"Soup, minestrone, dehydrated, water added",31,1.75,4.39,0.68,0.3
1091,"Soup, mushroom, dehydrated, water added",33,0.66,4.2,1.82,0.2
1092,"Soup, oxtail, dehydrated, water added",28,1.11,3.44,1.01,0.1
1093,"Soup, pea, green or split, dehydrated, water added",49,2.83,7.27,0.58,1.1
1094,"Soup, tomato, dehydrated, water added",38,0.93,6.77,0.61,0.4
1095,"Soup, tomato vegetable, dehydrated, water added",22,0.79,3.74,0.34,0.3
1096,"Soup, vegetable beef, dehydrated, water added",21,1.16,2.87,0.44,0.3
1097,"Soup, cream, vegetable, dehydrated, water added",41,0.73,4.53,2.19,0.2
110,"Cheese, mozzarella, (52% water, 22.5% M.F.)",300,22.17,2.19,22.35,0
1108,"Soup, chicken noodle, dehydrated, water added",23,0.84,3.57,0.55,0.1
111,"Cheese, mozzarella, partially skim, (52% water, 16.5% M.F.)",254,24.26,2.77,15.92,0
1117,"Soup, split pea with ham, ready-to-serve",53,3.34,3.77,1.38,3.1
1118,"Soup, split pea with ham, canned, condensed",141,7.68,17.61,3.28,3.2
1119,"Soup, vegetable with beef (and barley), canned, condensed",54,2.73,6.68,1.09,1.7
112,"Milk, evaporated, skim, canned, undiluted, 0.2% M.F.",78,7.55,11.35,0.2,0
1120,"Soup, onion, dehydrated",293,7.48,60.67,0.34,4.4
1124,"Soup, pea, green, canned, condensed, water added",61,3.2,7.98,1.09,1.9
1125,"Soup, split pea with ham, canned, condensed, water added",75,4.08,9.45,1.74,1.6
1126,"Soup, vegetable with beef (and barley), canned, condensed, water added",28,1.41,3.44,0.56,0.9
1127,"Soup, onion, dehydrated, water added",12,0.32,2.47,0.01,0.3
1128,"Soup, tomato, canned, condensed, water added",35,0.86,6.57,0.26,0.7
113,"Milk, fluid, whole, pasteurized, homogenized, 3.25% M.F.",61,3.15,4.8,3.25,0
1130,"Sauce, steak, tomato based, ready-to-serve",95,1.25,20.54,0.23,1.5
1133,"Sauce, worcestershire, ready-to-serve",78,0,19.46,0,0
1135,"Sauce, mustard, brown, ready-to-serve",91,5.9,2.1,6.3,3.2
1139,"Sausage, Beerwurst, beer salami, pork",238,14.24,2.06,18.8,0
114,"Milk, fluid, skim",34,3.37,4.96,0.08,0
1140,"Sausage, Bockwurst, pork/veal, with milk and eggs, raw",301,14.03,1.95,25.87,1
1142,"Sausage, Brotwurst,  pork, beef, with nonfat dry milk",324,14.3,2.98,27.8,0
1143,"Wiener (cheesefurter), cheddar smokie",284,15.42,4.19,22.39,0
1144,"Chicken spread, canned",159,18.01,3.75,17.56,0.3
1147,"Wiener (frankfurter), turkey",221,10.88,9.91,15.11,0
1148,"Deli-meat, ham, cooked, sliced",122,14.59,5.82,4.13,0
115,"Milk, dry, skim, powder, instant",358,35.1,52.19,0.72,0
1151,"Deli-meat, sandwich spread, ham",216,8.68,10.64,15.53,0
1152,"Sausage, Italian, pork, raw",263,14.85,10.7,17.58,0
1153,"Sausage, Knackwurst (knockwurst), raw",277,13.53,9.7,20.1,0
1154,"Deli-meat, roast beef, cooked, sliced",116,19.25,3.96,2.08,0
1157,"Deli-meat, olive loaf, pork",235,11.8,9.2,16.5,0
1158,"Deli-meat, pastrami, turkey, sliced",139,16.3,3.24,6.21,0.1
116,"Hot chocolate, cocoa, homemade, prepared with whole milk",94,3.64,10.59,3.62,1.2
1160,"Pâté de foie gras, (goose liver pate), smoked, canned",462,11.4,4.67,43.84,0
1161,"Pâté, liver, unspecified meat, canned",319,14.2,1.5,28,0
1164,"Sandwich spread, chicken and/or turkey",200,11.64,7.41,13.52,0
1166,"Deli-meat, sandwich spread, unspecified meat",235,7.66,11.74,17.34,0.2
1167,"Sausage, smoked, pork, pre-cooked",286,12.69,9.48,21.6,0
117,"Egg substitute, frozen (yolk replaced)",160,11.29,3.2,11.11,0
1171,"Deli-meat, thuringer, cervelat, beef and pork",362,17.45,3.33,30.43,0
1172,"Deli-meat, turkey breast, cooked, sliced",118,20.95,2.61,2.03,0
1174,"Sausage, Vienna (cocktail), canned, chicken, beef and pork",230,10.5,2.6,19.4,0
1175,"Sausage, Italian, pork, cooked",290,18.77,5.15,21.03,0
1178,"Sausage, blood sausage (blood pudding), raw",290,14.49,18.22,17.5,0
1179,"Deli-meat, bologna (baloney), beef",256,12.62,8.22,18.83,0
118,"Butter, regular",717,0.85,0.06,81.11,0
1182,"Sausage, Bratwurst, pork, cooked",314,17.88,7.07,23.3,0
1183,"Sausage, Braunschweiger (liver sausage with bacon), pork",327,14.5,3.1,28.5,0
1184,"Deli-meat, Dutch loaf, old fashioned, pork and beef",265,15.8,3.8,18.1,0
1185,"Wiener (frankfurter), beef",250,12.57,7.4,18.64,0
1187,"Wiener (frankfurter), chicken",222,13.32,5.95,15.62,0.4
1190,"Deli-meat, headcheese, pork",157,13.83,0,10.9,0
1196,"Deli-meat, pickle and pimiento loaf, pork",269,9.6,9.1,21.6,0
1198,"Sausage, breakfast links or rounds, pork, raw",275,13.85,6.56,21.15,0
1199,"Sausage, breakfast links or rounds, pork, cooked",298,15.14,11.01,21.2,0
120,"Cheese, cottage, (2% M.F.)",81,10.45,4.76,2.27,0
1200,"Deli-meat, salami, cooked, beef",250,12.51,11.26,16.99,0
1202,"Deli-meat, salami, cooked, turkey",172,19.2,1.45,9.21,0.1
1207,"Deli-meat, chicken, cooked, sliced",175,17.52,2.07,10.24,0
1212,"Deli-meat, mock chicken loaf",265,13.13,8.84,19.38,0
1216,"Deli-meat, bologna (baloney), chicken",236,14.27,10.83,14.78,0
1217,"Sausage, ham, pre cooked",257,18.53,8.46,16.13,0
122,"Coffee whitener (non dairy), powdered",545,4.79,54.88,35.48,0
1220,"Deli-meat, chicken breast, cooked, extra lean",96,17.14,1.78,1.79,0
1222,"Cereal, ready to eat, granola, homemade",490,14.87,44.35,24.36,8.6
1223,"Grains, wheat germ, toasted, plain",382,29.1,34.5,10.7,15.1
1224,"Cereal, hot, cream of rice, dry",370,6.3,82.4,0.5,
1225,"Cereal, hot, cream of rice, cooked",52,0.9,11.3,0.1,0.1
1228,"Cereal, hot, corn grits (yellow), dry",371,8.8,78,1.2,1.6
1229,"Cereal, hot, corn grits (yellow), cooked",59,1.42,12.57,0.19,0.3
123,"Milk, fluid, whole, producer, 3.7% M.F.",64,3.28,4.65,3.66,0
1230,"Cereal, ready to eat, Alpen (muesli), Weetabix",386,11,65.2,5.5,7.8
1231,"Cereal, ready to eat,  Alpha-bits, Post",394,8.7,75.9,4.05,6.6
1232,"Cereal, ready to eat, 'All Bran' Bran Flakes, Kellogg's",331,10.66,64.95,2.31,15.2
1235,"Cereal, ready to eat, Count Chocula, General Mills",395,4.33,84.67,3.67,2
1236,"Cereal, ready to eat, Crispix, Kellogg's",399,7.3,85.4,1,1.8
1238,"Cereal, ready to eat, Selects: Blueberry Almond Crunch, Post",324,9.4,59.9,4.2,14.9
1239,"Cereal, ready to eat, Selects: Date and Raisin Pecan Crunch, Post",320,8.9,61.2,3.4,14.7
124,"Milk, fluid, buttermilk, cultured, 1% M.F.",40,3.31,4.79,0.88,0
1240,"Cereal, ready to eat, Harvest Crunch: original, Quaker",459,9.52,61.71,17.04,8
1242,"Cereal, ready to eat, Corn Flakes, Kellogg's",392,6.63,82.98,0.76,4.2
1244,"Cereal, ready to eat, Muffets, Quaker",387,11.24,69.21,2.01,11.8
1247,"Cereal, ready to eat, Shreddies, Post",361,9.22,72.3,1.61,11
1248,"Cereal, ready to eat, Froot Loops, Kellogg's",396,4.76,80.65,3.02,7.4
1249,"Cereal, ready to eat, Weetabix, Weetabix",355,10.16,68.07,2.22,11.2
125,"Egg, chicken, whole, fresh or frozen, raw",145,11.8,0.98,10.01,0
1251,"Cereal, ready to eat, Golden Grahams, General Mills",378,5.94,78.3,3.45,5.5
1253,"Cereal, ready to eat, Grape-nuts, Post",362,10.8,70.1,2.1,10.4
1256,"Cereal, ready to eat, Cheerios: honey nut, General Mills",389,8.08,75.12,3.99,6.8
1257,"Cereal, ready to eat, Honeycomb, Post",395,6.49,78.67,3.73,6.7
1258,"Cereal, ready to eat, Life, Quaker",385,9.59,72.68,3.94,6.6
1259,"Cereal, ready to eat, Lucky Charms, General Mills",389,7.46,78.27,3.5,5.1
126,"Egg, chicken, white, fresh or frozen, raw",48,9.99,1.18,0,0
1260,"Cereal, ready to eat, 100% Bran, Post",395,12.29,43.2,2.12,33.9
1262,"Cereal, ready to eat, Cinnamon Toast Crunch, General Mills",422,6,70.13,12.94,6.6
1263,"Cereal, ready to eat, Fibre 1, General Mills",344,8.88,35.18,2.67,44.5
1264,"Cereal, ready to eat, Just Right, Kellogg's",377,7.86,73.24,5.21,7
1265,"Cereal, ready to eat, Rice Krispies, Kellogg's",393,6.9,83.19,1.03,2.6
1266,"Cereal, ready to eat, Puffed Rice, unsweenened, Quaker",392,7.33,87.67,0.59,1.6
1267,"Cereal, ready to eat, Special K, Kellogg's",389,16.64,71.93,1.55,3.6
1268,"Cereal, ready to eat, Corn Pops, Kellogg's",386,4.75,82.29,1.46,7.1
1269,"Cereal, ready to eat, Frosted Flakes, Kellogg's",380,4.61,87.04,0.53,2.9
127,"Egg, chicken, yolk, fresh or frozen, raw",366,15.9,0.53,32.68,0
1270,"Cereal, ready to eat, Sugar Crisp, Post",393,6.23,86.83,1.18,3
1271,"Cereal, ready to eat, Life Multigrains, Quaker",390,11.5,63.26,4.66,14.1
1275,"Cereal, ready to eat, Oatmeal Squares, Quaker",380,11.32,70.95,4.56,8.2
1276,"Cereal, ready to eat, Shredded Wheat'n Bran: spoon size, Post",359,11.7,67.15,2.05,13.4
1278,"Cereal, ready to eat, Puffed Wheat, Quaker",397,15.02,66.9,2.71,11.3
1279,"Cereal, ready to eat, Shredded Wheat, Post",360,11.16,66.33,2.34,13
1280,"Cereal, ready to eat, Shredded Wheat: spoon size, Post",362,11.19,67.48,2.08,13.1
129,"Egg, chicken, whole, cooked, fried",193,12.87,1.11,14.81,0
1291,"Cereal, ready to eat, Breakfast O's, Barbara's Bakery",402,16,63.7,6.3,9.3
1292,"Cereal, ready to eat, Brown Rice Crisps, Barbara's Bakery",395,6.8,80.3,1.9,4.7
1293,"Cereal, ready to eat, Cheerios: Apple Cinnamon, General Mills",409,7.06,76.03,5.23,6.7
1295,"Cereal, ready to eat, Cheerios: multigrain, General Mills",398,8.51,72.01,4.18,9
130,"Egg, chicken, whole, cooked, boiled in shell, hard-cooked",141,11.8,1.85,10.01,0
1300,"Cereal, ready to eat, corn flakes, Barbara's Bakery",401,8.1,81.2,0.8,6.8
1301,"Cereal, ready to eat, Corn Flakes, President's Choice",398,7.67,83.37,1.33,3.3
1303,"Cereal, ready to eat, fruit juice sweetened corn flakes, Nature's Path",371,8,73.11,1.53,6.7
1305,"Cereal, ready to eat, Corn flakes, Honey'd, Nature's Path",383,6.47,84.51,0.81,4
1314,"Cereal, ready to eat, Honey Bunches of Oats (Honey Roasted), Post",409,7.16,76.11,5.61,5.8
1317,"Cereal, ready to eat, Fibre First Multibran, Blue Menu, President's Choice",270,11.2,35.2,3.7,43
132,"Egg, chicken, whole, cooked, poached",145,11.8,0.98,10.01,0
1325,"Cereal, ready to eat, Flax Plus Red Berry Crunch, Nature's Path",460,10.83,59.61,16.73,8.8
1326,"Cereal, ready to eat, Granola: Blueberry, light, Rogers",386,9.5,69.09,6.3,7.4
1327,"Cereal, ready to eat, Granola: Maple raisin, light, Rogers",382,10.91,67.67,5.45,9.1
1328,"Cereal, ready to eat, Granola: Raspberry almond, light, Rogers",400,10.91,66.95,5.45,9.1
133,"Egg, chicken, whole, cooked, scrambled or omelet",153,10.39,3.05,11.39,0
1331,"Cereal, ready to eat, Flax Plus Pumpkin Raisin Crunch, Nature's Path",381,10.36,58.05,7.61,13.7
1332,"Cereal, ready to eat, Granola: Apples 'n cinnamon, Rogers",412,9.7,60.75,12,9.7
1333,"Cereal, ready to eat, Granola: with raisins, Rogers",436,9.1,61.81,12.7,9.1
1334,"Cereal, ready to eat, Granola: with almonds, Rogers",436,12.73,58.13,14.55,9.1
1335,"Cereal, ready to eat, Harvest Crunch: Honey Nut, Light and Crisp, Quaker",431,9.41,69,11.36,6.1
1336,"Cereal, ready to eat, Harvest Crunch: Raisins with almonds, low fat, Quaker",435,8,69.67,11.53,5.1
1337,"Cereal, ready to eat, Harvest Crunch: Raisins and almonds, Quaker",460,8.41,63.17,16.25,6.8
1338,"Cereal, ready to eat, Heritage Flakes, Nature's Path",341,12.13,69.98,2.68,10.9
1339,"Cereal, ready to eat, Heritage O's, Nature's Path",399,11.54,70.07,3.69,9.7
134,"Milk, dry, skim, powder, regular",363,36.16,51.98,0.77,0
1344,"Cereal, ready to eat, Honey Bunches of Oats with almonds, Post",410,7.81,72.94,7.83,6
1348,"Cereal, ready to eat, Kashi: puffed, Kashi",400,15,70,2.5,10
1350,"Cereal, ready to eat, Blueberry Muesli with Almonds, Nature's Path",379,10.77,64.79,5.37,10.6
1353,"Cereal, ready to eat, Heritage Muesli, Nature's Path",383,10.7,64.2,6.23,10.2
136,"Cream, table (coffee), 18% M.F.",185,2.74,3.77,18,0
1360,"Cereal, ready to eat, Muslix: various flavours, Kellogg's",393,9.51,63.75,7.93,10.9
1367,"Cereal, ready to eat, Oatmeal Crisp. various flavours, (almond, maple nut, raisin, triple berry, vanilla almond), General Mills",387,9.84,70.98,4.95,8.6
137,"Cream, whipping, 32% M.F.",292,2.07,2.96,32,0
1372,"Cereal, ready to eat, Raisin Bran, Kellogg's",314,8.45,65.87,1.87,12.5
1374,"Cereal, ready to eat, Raisin Bran: Loads of Raisins, President's Choice",321,7.39,70.03,2.17,10.4
1375,"Cereal, ready to eat, Flax plus Raisin Bran, Nature's Path",344,9.84,59.7,4.26,14.5
1378,"Cereal, ready to eat, Reese Puffs (Peanut butter), General Mills",419,6.93,71.33,10.5,4.8
138,"Cream, whipping, 35% M.F.",328,2.09,2.85,35,0
1380,"Cereal, ready to eat, Shredded Spoonfuls, Barbara's Bakery",337,15.6,59.5,4.7,12.5
1381,"Cereal, ready to eat, Shredded Wheat, Barbara's Bakery",322,10,65.5,2.5,12.5
1382,"Cereal, ready to eat, Shreddies, honey, Post",362,8.33,74.36,1.41,10
1383,"Cereal, ready to eat, Smart Bran Psyllium, Nature's Path",271,9.21,37.63,3.07,42.8
1386,"Cereal, ready to eat, Toasted O's, President's Choice",393,11,68.7,5.7,8.3
1387,"Cereal, ready to eat, Toasted Oat O's, President's Choice",397,7.4,79.5,3.9,4.2
139,"Cream, sour, cultured, 14% M.F",181,7,7,14.1,0
1391,"Cereal, ready to eat, Puffins: original, Barbara's Bakery",381,7.4,66.5,3.7,18.5
1393,"Cereal, ready to eat, Millet Rice, Nature's Path",386,12.65,65.5,5.97,9.2
1397,"Cereal, hot, cream of wheat, regular, dry",382,13.21,73.24,1.25,3.9
1398,"Cereal, hot, cream of wheat, regular, prepared",25,0.86,4.64,0.08,0.4
1399,"Cereal, hot, cream of wheat, quick, dry",379,12.86,73.19,1.32,3.6
14,"Vinegar, distilled (white)",18,0,0.04,0,0
140,"Milk, evaporated, whole, canned, undiluted, 7.8% M.F.",134,6.81,10.04,7.8,0
1400,"Cereal, hot, cream of wheat, quick, prepared",52,1.76,10.01,0.18,0.5
1401,"Cereal, hot, 9 grain, dry, Rogers",350,15,50,6.25,17.5
1402,"Cereal, hot, 9 grain, prepared, Rogers",68,2.91,9.68,1.21,3.4
1403,"Cereal, hot, cream of wheat, instant: original, dry",370,12.14,71.04,1.54,3.6
1404,"Cereal, hot, cream of wheat, instant: original, prepared",49,1.65,9.4,0.2,0.5
1413,"Cereal, hot, oats, instant: regular, dry",382,12.98,57.43,6.68,10.1
1414,"Cereal, hot, oats, instant: regular, prepared",77,2.6,11.54,1.34,2
1415,"Cereal, hot, oats, instant: apple and cinnamon, dry, Quaker",386,8.32,70.68,4.24,7.9
1416,"Cereal, hot, oats, instant: apple & cinnamon, prepared, Quaker",86,1.85,15.63,0.94,1.8
1419,"Cereal, hot, oats, instant: cinnamon and spice, dry, Quaker",387,8.42,71.7,4.36,6.8
1420,"Cereal, hot, oats, instant: cinnamon and spice, prepared, Quaker",103,2.25,19.17,1.16,1.8
1421,"Cereal, hot, oats, instant: maple and brown sugar, dry, Quaker",386,8.81,70.78,4.54,6.8
1422,"Cereal, hot, oats, instant: maple and brown sugar, prepared, Quaker",105,2.4,19.26,1.24,1.9
1423,"Cereal, hot, oats, instant: raisins and spice, dry, Quaker",376,7.61,67.11,3.75,10.9
1424,"Cereal, hot, oats, instant: raisins and spice, prepared, Quaker",104,2.11,18.59,1.04,3
1431,"Cereal, hot, oats, porridge, (with added oat bran, wheat bran, and flax seed), dry, Rogers",343,17.14,45.7,7.14,14.3
1432,"Cereal, hot, oats, porridge (with added oat bran, wheat bran and flax seed), prepared, Rogers",60,2.99,7.97,1.25,2.5
1435,"Cereal, hot, oats, instant: peaches 'n cream, dry, Quaker",402,8.33,67.22,7.57,7.8
1436,"Cereal, hot, oats, instant: peaches 'n cream, prepared, Quaker",89,1.85,14.94,1.68,1.7
1437,"Cereal, hot, oats, one minute, dry, Quaker",388,13.26,57.37,7.17,9.3
1438,"Cereal, hot, oats, one minute, prepared, Quaker",83,2.85,12.33,1.54,2
1439,"Cereal, hot, oats, quick, dry, Quaker",388,13.26,57.37,7.17,9.3
1440,"Cereal, hot, oats, quick, prepared, Quaker",83,2.85,12.33,1.54,2
1443,"Cereal, hot, oats, minute, dry, Robin Hood",381,15.2,57.91,6.4,8.8
1444,"Cereal, hot, oats, minute, prepared, Robin Hood",41,1.63,6.25,0.69,0.9
1462,"Cereal, hot, oats, large flakes, dry, Rogers",389,14.2,57.9,7,10.3
1463,"Cereal, hot, oats, large flakes, prepared, Rogers",74,2.69,12.08,1.32,1.9
1464,"Cereal, hot, oats, large flakes, dry, Quaker",388,13.26,57.37,7.17,9.3
1465,"Cereal, hot, oats, large flakes, prepared, Quaker",83,2.85,12.33,1.54,2
1466,"Cereal, hot, cream of wheat, instant: maple and brown sugar, dry",374,6.57,81.4,0.4,2.6
1467,"Cereal, hot, cream of wheat, instant: maple and brown sugar, prepared",66,1.15,14.22,0.07,0.5
147,"Cheese, cottage, uncreamed, dry, large or small curd, nonfat",72,10.34,6.66,0.29,0
1470,"Cereal, hot, cream of wheat, instant: apple and cinnamon, dry",379,7.43,79.16,1.06,3.7
1471,"Cereal, hot, cream of wheat, instant: apple and cinnamon, prepared",66,1.3,13.82,0.19,0.7
1472,"Cereal, ready to eat, All Bran Original, Kellogg's",262,13.41,44.55,3.5,29.7
1473,"Cereal, ready to eat, All Bran Buds, Kellogg's",259,10.56,40.12,2.63,37.5
1474,"Cereal, ready to eat, Cap'n Crunch, Quaker",402,3.95,82.84,5.22,3
1475,"Cereal, ready to eat, Cheerios, General Mills",397,12.88,61.83,6.35,10.9
1477,"Cereal, ready to eat, Corn Bran Squares, Quaker",347,5.3,70.08,3.97,14.8
1478,"Cereal, ready to eat, frosted Mini-Wheats (original, maple, brown sugar, strawberry), Kellogg's",366,8.9,71.4,1.86,10.4
1479,"Cereal, ready to eat, Raisin Bran, Post",308,8.2,62.6,2,13.9
1486,"Apple, raw, without skin, sliced, cooked, microwaved",56,0.28,11.61,0.42,2.8
1487,"Apple, canned, sweetened, sliced, heated",67,0.18,14.84,0.43,2
1488,"Apple, dehydrated (low moisture), sulphured, uncooked",346,1.32,81.13,0.58,12.4
1489,"Apple, dehydrated (low moisture), sulphured, cooked",74,0.28,17.31,0.12,2.6
1490,"Apple, dried, sulphured, uncooked",243,0.93,57.19,0.32,8.7
1491,"Apple, dried, sulphured, stewed, no added sugar",57,0.22,13.32,0.07,2
1492,"Apple, dried, sulphured, stewed, added sugar",83,0.2,18.83,0.07,1.9
1493,"Apple, frozen, sliced, unsweetened, unheated",48,0.28,11.01,0.32,1.3
1494,"Apple, frozen, sliced, unsweetened, heated",47,0.29,10.7,0.33,1.3
1495,"Apple juice, canned or bottled, without added vitamin C",46,0.1,11.1,0.13,0.2
1496,"Apple juice, frozen concentrate, undiluted, without vitamin C",166,0.51,40.6,0.37,0.4
1497,"Apple juice, frozen concentrate, diluted, without added vitamin C",47,0.14,11.44,0.1,0.1
1499,"Apricot, canned halves with skin, water pack, solids and liquid",27,0.71,4.79,0.16,1.6
150,"Cream, cereal (half and half), 10% M.F.",118,2.99,4.42,10,0
1500,"Apricot, canned whole no skin, water pack, solids and liquid",22,0.69,4.38,0.03,1.1
1501,"Apricot, canned halves with skin, juice pack, solids and liquid",48,0.63,10.74,0.04,1.6
1502,"Apricot, canned halves with skin, extra light syrup, solids and liquid",49,0.6,10.9,0.1,1.6
1503,"Apricot, canned halves with skin, light syrup pack, solids and liquid",63,0.53,14.89,0.05,1.6
1504,"Apricot, canned halves with skin, heavy syrup pack, solids and liquid",83,0.53,19.87,0.08,1.6
1505,"Apricot, canned whole no skin, heavy syrup pack, solids and liquid",83,0.51,19.85,0.09,1.6
1506,"Apricot, canned whole no skin, extra heavy syrup, solids and liquid",96,0.55,23.25,0.04,1.6
1507,"Apricot, dried, sulphured, uncooked",241,3.39,55.34,0.51,7.3
1508,"Apricot, dried, sulphured, cooked without added sugar",85,1.2,19.55,0.18,2.6
1509,"Apricot, dried, sulphured, cooked, added sugar",113,1.17,25.16,0.15,4.1
151,"Cream, table (coffee), 15% M.F.",160,2.84,4.01,15,0
1510,"Apricot, frozen, sweetened",98,0.7,22.9,0.1,2.2
1511,"Avocado, raw, all commercial varieties",160,2,1.83,14.66,6.7
1512,"Avocado, raw, california",167,1.96,1.84,15.41,6.8
1513,"Avocado, raw, florida",120,2.23,2.22,10.06,5.6
1514,"Banana, dehydrated or banana powder",346,3.89,78.38,1.81,9.9
1515,"Blackberry, raw",43,1.39,4.31,0.49,5.3
1516,"Blackberry, canned, heavy syrup pack, solids and liquid",92,1.31,19.7,0.14,3.4
1517,"Blackberry, frozen, unsweetened",64,1.18,10.67,0.43,5
1518,"Blueberry, canned, heavy syrup pack, solids and liquid",88,0.65,20.46,0.33,1.6
1519,"Blueberry, frozen, sweetened",85,0.4,19.75,0.13,2.2
152,"Cream, sour, cultured, 18% M.F.",188,3.09,4.27,18,0
1520,"Boysenberry, canned, heavy syrup pack, solids and liquid",88,0.99,19.71,0.12,2.6
1521,"Boysenberry, frozen, unsweetened",50,1.1,6.89,0.26,5.3
1523,"Carambola (star fruit), raw",31,1.04,3.93,0.33,2.8
1524,"Carissa (natalplum), raw",62,0.5,13.63,1.3,
1526,"Cherry, sour, red, raw",50,1,10.58,0.3,1.6
1527,"Cherry, sour, red, canned, water pack, solids and liquid",36,0.77,7.84,0.1,1.1
1528,"Cherry, sour, red, canned, heavy syrup pack, solids and liquid",91,0.73,22.17,0.1,1.1
1529,"Cherry, sour, red, canned, extra heavy syrup pack, solids and liquid",114,0.71,28.43,0.09,0.8
153,"Milk, evaporated, partly skimmed, canned, undiluted, 2% M.F.",92,7.37,11.02,2,0
1530,"Cherry sour, red, frozen, unsweetened",46,0.92,9.42,0.44,1.6
1531,"Cherry, sweet, raw",63,1.06,13.91,0.2,2.1
1532,"Cherry, sweet, canned, water pack, solids and liquid",46,0.77,10.26,0.13,1.5
1533,"Cherry, sweet, canned, juice pack, solids and liquid",54,0.91,12.31,0.02,1.5
1534,"Cherry, sweet, canned, heavy syrup pack",83,0.6,19.87,0.15,1.4
1535,"Cherry, sweet, canned, extra heavy syrup pack",102,0.59,24.73,0.15,1.5
1536,"Cherry, sweet, frozen, sweetened",89,1.15,20.26,0.13,2.1
1537,"Crabapple, raw",76,0.4,17.35,0.3,2.6
1538,"Cranberry, raw",46,0.39,7.6,0.13,4.6
1539,"Sauce, cranberry, canned, sweetened",151,0.2,37.9,0.15,1
1541,"Currant, european black, raw",63,1.4,15.38,0.41,
1542,"Currant, zante, dried",283,4.08,67.28,0.27,6.8
1543,"Custard-apple, raw",101,1.7,22.8,0.6,2.4
1544,"Elderberry, raw",73,0.66,11.4,0.5,7
1545,"Fig, canned, water pack, solids and liquid",53,0.4,11.79,0.1,2.2
1546,"Fig, canned, light syrup pack, solids and liquid",69,0.39,16.15,0.1,1.8
1547,"Fig, canned, heavy syrup pack, solids and liquid",88,0.38,20.7,0.1,2.2
1548,"Fig, canned, extra heavy syrup pack, solids and liquid",107,0.38,27.86,0.1,
1549,"Fig, dried, uncooked",249,3.3,54.07,0.93,9.8
1550,"Fig, dried, cooked",107,1.42,23.37,0.4,4.2
1551,"Fruit cocktail (peach, pear, apricot, pineapple, cherry, grape), canned, water pack, solids and liquid",32,0.42,7.51,0.05,1
1552,"Fruit cocktail (peach, pear, apricot, pineapple, cherry, grape), canned, juice pack, solids and liquid",46,0.46,10.86,0.01,1
1553,"Fruit cocktail (peach, pear, apricot, pineapple, cherry, grape), canned, extra light syrup pack, solids and liquid",45,0.4,10.53,0.07,1.1
1554,"Fruit cocktail (peach, pear, apricot, pineapple, cherry, grape), canned, light syrup pack, solids and liquid",57,0.4,13.93,0.07,1
1555,"Fruit cocktail (peach, pear, apricot, pineapple, cherry, grape), canned, heavy syrup pack, solids and liquid",73,0.39,17.91,0.07,1
1556,"Fruit cocktail (peach, pear, apricot, pineapple, cherry, grape), canned, extra heavy syrup, solids and liquid",88,0.39,21.79,0.07,1.1
1557,"Fruit salad (peach, pear, apricot, pineapple, cherry), canned, water pack, solids and liquid",30,0.35,6.87,0.07,1
1558,"Fruit salad (peach, pear, apricot, pineapple, cherry), canned, heavy syrup pack, solids and liquid",73,0.34,18.11,0.07,1
1559,"Fruit salad (peach, pear, apricot, pineapple, cherry), canned, extra heavy syrup pack, solids and liquid",88,0.33,21.77,0.06,1
1560,Gooseberry raw,44,0.88,5.88,0.58,4.3
1561,"Gooseberry, canned, light syrup pack, solids and liquid",73,0.65,16.35,0.2,2.4
1562,"Grapefruit, pink or red, all areas, raw",42,0.77,9.06,0.14,1.6
1563,"Grapefruit, pink or red, california or arizona, raw",37,0.5,8.09,0.1,1.6
1564,"Grapefruit, pink or red, florida, raw",30,0.55,6.4,0.1,1.1
1565,"Grapefruit, white, california, raw",37,0.88,7.49,0.1,1.6
1566,"Grapefruit, white, florida, raw",32,0.63,6.59,0.1,1.6
1567,"Grapefruit, canned, waterpack, solids and liquid",36,0.58,8.75,0.1,0.4
1568,"Grapefruit, canned, juice pack, solids and liquid",37,0.7,8.81,0.09,0.4
1569,"Grapefruit, canned, light syrup pack, solids and liquid",60,0.56,15.04,0.1,0.4
1570,"Grapefruit juice, canned, sweetened",46,0.58,11.03,0.09,0.1
1571,"Grapefruit juice, frozen concentrate, undiluted",146,1.97,34.16,0.48,0.4
1573,"Grape, North American type (slip skin), raw",67,0.63,16.25,0.35,0.9
1574,"Grape, thompson seedless, canned, water pack, solids and liquid",40,0.5,9.7,0.11,0.6
1575,"Grape, thompson seedless, canned, heavy syrup pack, solids and liquid",76,0.48,19.05,0.1,0.6
1576,"Grape juice, canned or bottled, without added vitamin C",60,0.37,14.57,0.13,0.2
1577,"Groundcherry, raw",53,1.9,11.2,0.7,
1578,"Guava, common, raw",68,2.55,8.92,0.95,5.4
1579,"Guava, strawberry, raw",69,0.58,11.96,0.6,5.4
1582,"Java-plum, raw",60,0.72,15.56,0.23,
1583,"Jujube (chinese date), raw",79,1.2,20.23,0.2,
1584,"Jujube (chinese date), dried",287,3.7,73.6,1.1,
1587,"Lemon, raw, without peel",29,1.1,6.52,0.3,2.8
1590,"Lemon juice, canned or bottled",21,0.4,6.08,0.29,0.4
1591,"Lemon juice, frozen",22,0.46,6.1,0.32,0.4
1595,"Lime juice, canned or bottled",21,0.25,6.29,0.23,0.4
1596,"Lychee (litchi), raw",66,0.83,15.23,0.44,1.3
1597,"Lychee, dried",277,3.8,66.1,1.2,4.6
1598,"Loganberry, frozen",55,1.52,7.72,0.31,5.3
1599,"Longan, raw",60,1.31,14.04,0.1,1.1
16,"Butter, whipped",717,0.85,0.06,81.11,0
160,"Cheese, calorie-reduced (6% M.F.)",200,23,4,6,0
1600,"Longan, dried",286,4.9,74,0.4,
1601,"Loquat, raw",47,0.43,10.44,0.2,1.7
1602,"Mammy-apple, raw",51,0.5,9.5,0.5,3
1604,"Melon, casaba, raw",28,1.11,5.68,0.1,0.9
1605,"Melon, honeydew, raw",36,0.54,8.29,0.14,0.8
1606,"Melon balls, frozen (cantaloupe and honeydew)",33,0.84,7.24,0.25,0.7
1610,"Mulberry, raw",43,1.44,8.1,0.39,1.7
1612,"Oheloberry, raw",28,0.38,6.84,0.22,
1613,"Olive, ripe, canned, small to extra large",115,0.84,3.06,10.68,3.2
1614,"Olive, ripe, canned, jumbo to super colossal",81,0.97,3.11,6.87,2.5
1615,"Orange, california, valencia, raw",49,1.04,9.39,0.3,2.5
1616,"Orange, california, navel, raw",49,0.91,10.34,0.15,2.2
1617,"Orange, florida, raw",46,0.7,9.14,0.21,2.4
1618,"Orange, with peel, raw",63,1.3,11,0.3,4.5
1622,"Orange grapefruit juice, canned",43,0.6,10.18,0.1,0.1
1623,"Tangerine (mandarin), raw",53,0.81,11.54,0.31,1.8
1624,"Tangerine (mandarin) juice, raw",43,0.5,9.9,0.2,0.2
1625,"Tangerine (mandarin) juice, canned, sugar added",50,0.5,11.8,0.2,0.2
163,"Cream, table (coffee), 20% M.F.",201,2.68,3.6,20,0
1630,"Passion fruit, purple, raw",97,2.2,12.98,0.7,10.4
1633,"Peach, canned halves or slices, juice pack, solids and liquid",44,0.63,10.27,0.03,1.3
1634,"Peach, canned halves or slices, extra light syrup pack, solids and liquid",42,0.4,10.1,0.1,1
1635,"Peach, canned halves or slices, heavy syrup pack, solids and liquid",74,0.45,18.64,0.1,1.3
1636,"Peach, canned halves or slices, extra heavy syrup pack, solids and liquid",96,0.47,25.06,0.03,1
1637,"Peach, spiced, canned whole, heavy syrup pack, solids and liquid",75,0.41,18.78,0.1,1.3
1638,"Peach, dehydrated (low moisture), sulphured, uncooked",325,4.89,83.18,1.03,
1639,"Peach, dehydrated (low moisture), sulphured, cooked",133,2.01,34.14,0.42,
164,"Dessert, frozen yogourt",127,3,21.6,3.6,0
1640,"Peach, dried halves, sulphured, uncooked",239,3.61,53.13,0.76,8.2
1641,"Peach, dried halves, sulphured, cooked, no added sugar",77,1.16,16.99,0.25,2.7
1642,"Peach, dried halves, sulphured, cooked, added sugar",103,1.06,24.2,0.22,2.4
1643,"Peach, frozen sliced, sweetened",94,0.63,22.18,0.13,1.8
1644,"Peach nectar, canned",54,0.27,13.32,0.02,0.6
1645,"Pear, canned halves, juice pack, solids and liquid",50,0.34,11.34,0.07,1.6
1646,"Pear, canned, halves, extra light syrup pack, solids and liquid",47,0.3,10.6,0.1,1.6
1647,"Pear, canned halves, heavy syrup pack, solids and liquid",74,0.2,17.57,0.13,1.6
1648,"Pear, canned halves, extra heavy syrup pack, solids and liquid",97,0.19,23.65,0.13,1.6
1649,"Pear, dried halves, sulphured, uncooked",262,1.87,62.2,0.63,7.5
1650,"Pear, dried halves, sulphured, cooked, no added sugar",127,0.91,27.41,0.31,6.4
1651,"Pear, dried halves, sulphured, cooked, added sugar",140,0.86,31.34,0.29,5.8
1652,"Pear nectar, canned",60,0.11,15.16,0.01,0.6
1653,"Persimmon, japanese, raw",70,0.58,14.99,0.19,3.6
1654,"Persimmon, japanese, dried",274,1.38,58.93,0.59,14.5
1655,"Persimmon, native, raw",127,0.8,33.5,0.4,
1657,"Pineapple juice, canned, added vitamin C",53,0.36,12.67,0.12,0.2
1659,"Pineapple juice, frozen concentrate, diluted",51,0.4,12.47,0.03,0.2
1660,"Pitanga, raw",33,0.8,7.49,0.4,
1662,"Plantain, cooked",116,0.79,28.85,0.18,2.3
1663,"Plum, canned, purple, water pack, solids and liquid",41,0.39,10.13,0.01,0.9
1664,"Plum, canned, purple, juice pack, solids and liquid",58,0.51,14.25,0.02,0.9
1665,"Plum, canned, purple, heavy syrup pack, solids and liquid",89,0.36,22.34,0.1,0.9
1666,"Plum, canned, purple, extra heavy syrup pack, solids and liquid",101,0.36,25.31,0.1,1
1668,"Prickly pear, raw",41,0.73,5.97,0.51,3.6
1669,"Prune, canned, heavy syrup pack, solids and liquid",105,0.87,24,0.2,3.8
1670,"Prune, dehydrated (low moisture), uncooked",339,3.7,89.07,0.73,
1671,"Prune, dehydrated (low moisture), cooked",113,1.23,29.7,0.24,
1672,"Prune, dried, cooked, added sugar",124,1.09,29.08,0.22,3.8
1675,"Quince, raw",57,0.4,13.4,0.1,1.9
1676,"Raspberry, canned, heavy syrup pack, solids and liquid",91,0.83,20.06,0.12,3.3
1677,"Raspberry, frozen, sweetened",103,0.7,21.76,0.16,4.4
1679,"Rhubarb, frozen, cooked, added sugar",116,0.39,29.2,0.05,2
1681,"Rose-apple, raw",25,0.6,5.7,0.3,
1685,"Strawberry, canned, heavy syrup pack, solids and liquid",92,0.56,21.83,0.26,1.7
1686,"Strawberry, frozen, sweetened, whole",78,0.52,19.1,0.14,1.9
1687,"Strawberry, frozen, sweetened, sliced",96,0.53,24.02,0.13,1.9
1688,"Sugar-apple, raw",94,2.06,19.24,0.29,4.4
1689,"Tamarind, raw",239,2.8,57.4,0.6,5.1
1690,"Fruit salad, tropical (pineapple, red and yellow papaya), canned, heavy syrup pack, solids and liquid",86,0.41,21.06,0.1,1.3
1694,"Apricot nectar, canned",56,0.37,13.79,0.09,0.6
1696,"Apple, raw, with skin",52,0.26,11.91,0.17,1.9
1697,"Apple, raw, without skin",48,0.27,11.46,0.13,1.3
1698,"Apple, raw, without skin, sliced, cooked, boiled",53,0.26,12.74,0.36,0.9
1699,"Apple, canned, sweetened, sliced, unheated",67,0.18,15.6,0.49,1.1
170,"Spices, anise seeds",337,17.6,35.42,15.9,14.6
1700,"Applesauce, canned, unsweetened",42,0.17,10.17,0.1,1.1
1701,"Applesauce, canned, sweetened",68,0.16,16.29,0.17,1.2
1702,"Apricots, dehydrated (low moisture), sulphured, uncooked",320,4.9,76.99,0.62,5.9
1703,"Apricot, dehydrated (low moisture), sulphured, cooked",126,1.93,28.02,0.24,4.6
1705,"Blueberry, raw",57,0.74,11.89,0.33,2.6
1706,"Blueberry, frozen, unsweetened",51,0.42,8.97,0.64,3.2
1707,"Cherry, sour, red, canned, light syrup pack, solids and liquid",75,0.74,18.3,0.1,1
1708,"Cherry, sweet, canned, light syrup pack",67,0.61,15.79,0.15,1.5
1709,"Currant, red and white, raw",56,1.4,9.5,0.2,4.3
1710,"Date, domestic, natural and dry",282,2.45,67.03,0.39,8
1712,"Fruit salad (peach, pear, apricot, pineapple, cherry), canned, juice pack, solids and liquid",50,0.51,11.95,0.03,1.1
1713,"Fruit salad (peach, pear, apricot, pineapple, cherry), canned, light syrup pack, solids and liquid",58,0.34,14.04,0.07,1.1
1714,"Grapefruit, pink, red or white, all areas, raw",32,0.63,6.28,0.1,1.8
1715,"Grapefruit, white, all areas, raw",33,0.69,6.61,0.1,1.8
1716,"Grapefruit juice, canned, no added sugar",38,0.52,8.36,0.1,0.6
1717,"Grapefruit juice, frozen concentrate, diluted",41,0.55,9.23,0.13,0.5
1718,"Grape, red or green (European type, such as Thompson seedless), adherent skin, raw",69,0.72,16.9,0.16,1.2
1719,"Grape juice, frozen concentrate, sugar and vitamin C added, undiluted",179,0.65,44.07,0.31,0.3
1720,"Grape juice, frozen concentrate, sugar and vitamin C added, diluted",51,0.19,12.65,0.09,0.1
1721,"Melon, cantaloupe, raw",34,0.84,7.46,0.19,0.7
1722,"Orange, all commercial varieties, raw",47,0.94,9.95,0.12,1.8
1723,"Orange juice, canned",47,0.68,10.61,0.15,0.4
1724,"Orange juice, frozen concentrate, undiluted",148,2.4,34.19,0.25,1
1725,"Orange juice, frozen concentrate, diluted",37,0.6,8.6,0.06,0.2
1726,"Tangerine (mandarin), canned, juice pack, solids and liquid",37,0.62,9.17,0.03,0.4
1727,"Tangerine (mandarin), canned, light syrup pack, solids and liquid",61,0.45,15.79,0.1,0.4
1729,"Peach, canned halves or slices, water pack, solids and liquid",24,0.44,4.81,0.06,1.3
1730,"Peach, canned halves or slices, light syrup pack, solids and liquid",54,0.45,13.25,0.03,1.3
1731,"Pear, raw, with skin",57,0.36,12.23,0.14,3
1732,"Pear, canned halves, water pack, solids and liquid",29,0.19,6.21,0.03,1.6
1733,"Pear, canned halves, light syrup pack, solids and liquid",57,0.19,13.57,0.03,1.6
1735,"Pineapple, canned, water pack, solids and liquid",32,0.43,7.4,0.09,0.9
1736,"Pineapple, canned, juice pack, solids and liquid",60,0.42,14.8,0.08,0.9
1737,"Pineapple, canned, light syrup pack, solids and liquid",52,0.36,12.55,0.12,0.9
1738,"Pineapple, canned heavy syrup pack, solids and liquid",78,0.35,19.3,0.11,0.9
1739,"Pineapple, canned, extra heavy syrup pack, solids and liquid",83,0.34,20.6,0.11,0.9
174,"Spices, cardamom, ground",312,10.76,40.47,6.7,28
1741,"Plum, canned, purple, light syrup pack, solids and liquid",63,0.37,15.38,0.1,0.9
1742,"Prune, dried, uncooked",241,2.18,56.68,0.38,7.2
1743,"Prune, dried, cooked, no added sugar",107,0.96,22.38,0.16,5.7
1744,"Raisin, golden seedless",302,3.39,75.52,0.46,4
1745,"Raisin, seedless (sultana)",299,3.07,75.58,0.46,3.6
1746,"Raisin, seeded",296,2.52,71.67,0.54,6.8
1747,"Raspberry, raw",53,1.2,5.44,0.65,6.5
1749,"Strawberry, raw",33,0.67,5.48,0.3,2.2
1750,"Strawberry, frozen, unsweetened",35,0.43,7.53,0.11,1.6
1751,"Haw, scarlet, meat and skin, raw",87,2,20.8,0.7,
1752,"Apple juice, canned or bottled, added vitamin C",46,0.1,11.1,0.13,0.2
1753,"Apple juice, frozen concentrate, undiluted, added vitamin C",166,0.51,40.6,0.37,0.4
1754,"Apple juice, frozen concentrate, diluted, added vitamin C",47,0.14,11.44,0.1,0.1
1755,"Pork, carcass, lean and fat, raw",376,13.91,0,35.07,0
1757,"Pork, wholesale cuts, backfat, raw",812,2.92,0,88.69,0
1758,"Pork, wholesale cuts, belly, raw",518,9.34,0,53.01,0
1759,"Pork, separable fat, raw",632,9.25,0,65.7,0
1760,"Pork, separable fat, cooked",626,7.06,0,66.1,0
1761,"Pork, leg, whole, lean and fat, raw",245,17.43,0,18.87,0
1762,"Pork, leg, whole, lean and fat, roasted",273,26.83,0,17.61,0
1763,"Pork, leg, whole, lean, raw",136,20.48,0,5.41,0
1764,"Pork, leg, whole, lean, roasted",211,29.41,0,9.44,0
1765,"Pork, leg, butt portion, lean and fat, raw",182,20.27,0,10.63,0
1766,"Pork, leg, butt portion, lean and fat, roasted",209,27.03,0,10.32,0
1767,"Pork, leg, butt portion, lean, raw",120,21.81,0,2.93,0
1768,"Pork, leg, butt portion, lean, roasted",165,28.86,0,4.62,0
1769,"Pork, leg, shank portion, lean and fat, raw",193,19.87,0,11.96,0
1770,"Pork, leg, shank portion, lean and fat, roasted",232,25.96,0,13.42,0
1771,"Pork, leg, shank portion, lean, raw",119,21.66,0,2.95,0
1772,"Pork, leg, shank portion, lean, roasted",175,28.69,0,5.83,0
1773,"Pork, loin, whole, lean and fat, raw",198,19.74,0,12.58,0
1774,"Pork, loin, whole, lean and fat, braised",239,27.23,0,13.62,0
1775,"Pork, loin, whole, lean and fat, broiled",242,27.32,0,13.92,0
1776,"Pork, loin, whole, lean and fat, roasted",248,27.09,0,14.65,0
1777,"Pork, loin, whole, lean, raw",143,21.43,0,5.66,0
1778,"Pork, loin, whole, lean, braised",204,28.57,0,9.12,0
1779,"Pork, loin, whole, lean, broiled",210,28.57,0,9.8,0
1780,"Pork, loin, whole, lean, roasted",209,28.62,0,9.63,0
1781,"Pork, loin, centre cut (centre chop), bone-in, lean and fat, raw",170,20.71,0,9.03,0
1782,"Pork, loin, centre cut (centre chop), bone in, lean and fat, braised",242,28.21,0,13.51,0
1783,"Pork, loin, centre cut (centre chop), bone-in, lean and fat, broiled",209,25.61,0,11.06,0
1784,"Pork, loin, centre cut (centre chop), bone-in, lean and fat, roasted",231,27.01,0,12.8,0
1785,"Pork, loin, centre cut (centre chop), bone-in, lean, raw",127,21.99,0,3.71,0
1786,"Pork, loin, centre cut (centre chop), bone-in, lean, braised",200,30.2,0,7.86,0
1787,"Pork, loin, centre cut (centre chop), bone-in, lean, broiled",180,26.76,0,7.29,0
1788,"Pork, loin, centre cut (centre chop), bone-in, lean, roasted",194,28.58,0,7.95,0
1789,"Pork, loin, rib chop (rib end), bone-in, lean and fat, raw",186,20.28,0,11.04,0
1790,"Pork, loin, rib chop (rib end), bone-in, lean and fat, braised",261,26.66,0,16.28,0
1791,"Pork, loin, rib chop (rib end), bone-in, lean and fat, broiled",222,24.42,0,13.04,0
1792,"Pork, loin, rib chop (rib end), bone-in, lean and fat, roasted",248,26.99,0,14.68,0
1793,"Pork, loin, rib chop (rib end), bone-in, lean, raw",136,21.79,0,4.8,0
1794,"Pork, loin, rib chop (rib end), bone-in, lean, braised",208,29.03,0,9.32,0
1795,"Pork, loin, rib chop (rib end), bone-in, lean, broiled",186,25.79,0,8.36,0
1796,"Pork, loin, rib chop (rib end), bone-in, lean, roasted",206,28.82,0,9.21,0
1797,"Pork, loin, sirloin chop, bone-in, lean and fat, raw",168,20.48,0,8.96,0
1798,"Pork, loin, sirloin chop, bone-in , lean and fat, braised",234,28.81,0,12.31,0
1799,"Pork, loin, sirloin chop, bone-in, lean and fat, broiled",222,26.96,0,11.82,0
180,"Spices, coriander leaf (cilantro), dried",279,21.93,41.7,4.78,10.4
1800,"Pork, loin, sirloin chop, bone-in, lean and fat, roasted",230,26.64,0,12.87,0
1801,"Pork, loin, sirloin chop, bone-in, lean, raw",129,21.65,0,4.02,0
1802,"Pork, loin, sirloin chop, bone-in, lean, braised",195,31,0,6.9,0
1803,"Pork, loin, sirloin chop, bone-in, lean, broiled",174,29.29,0,5.45,0
1804,"Pork, loin, sirloin chop, bone-in, lean, roasted",204,27.78,0,9.44,0
1808,"Pork, loin, sirloin roast, boneless, lean and fat, roasted",192,26.45,0,8.82,0
181,"Spices, coriander seed (cilantro)",298,12.37,13.09,17.77,41.9
1812,"Pork, loin, sirloin, roast, boneless, lean, roasted",173,27.23,0,6.28,0
1813,"Pork, shoulder, whole, lean and fat, raw",236,17.18,0,17.99,0
1814,"Pork, shoulder, whole, lean and fat, roasted",292,23.28,0,21.39,0
1815,"Pork, shoulder, whole, lean, raw",148,19.55,0,7.14,0
1816,"Pork, shoulder, whole, lean, roasted",230,25.33,0,13.54,0
1817,"Pork, shoulder, picnic (arm), lean and fat, raw",193,18.71,0,12.51,0
1818,"Pork, shoulder, picnic (arm), lean and fat, braised",235,24.88,0,14.33,0
1819,"Pork, shoulder, picnic (arm), lean and fat, roasted",317,23.47,0,24.01,0
1820,"Pork, shoulder, picnic (arm), lean, raw",120,20.26,0,3.77,0
1821,"Pork, shoulder, picnic (arm), lean, braised",194,26.76,0,8.87,0
1822,"Pork, shoulder, picnic (arm), lean, roasted",228,26.68,0,12.62,0
1823,"Pork, shoulder, blade portion, bone-in , lean and fat, raw",186,17.42,0,12.36,0
1824,"Pork, shoulder, blade portion, bone-in, lean and fat, braised",267,25.07,0,17.69,0
1825,"Pork, shoulder, blade portion, bone-in, lean and fat, broiled",259,25.58,0,16.61,0
1826,"Pork, shoulder, blade portion, bone-in, lean and fat, roasted",269,23.11,0,18.86,0
1827,"Pork, shoulder, blade portion, bone-in, lean, raw",132,18.73,0,5.71,0
1828,"Pork, shoulder, blade portion, bone-in, lean, braised",233,26.57,0,13.2,0
1829,"Pork, shoulder, blade portion, bone-in, lean, broiled",227,26.74,0,12.54,0
1830,"Pork, shoulder, blade portion, bone-in, lean, roasted",232,24.21,0,14.3,0
1832,"Pork, brains, raw",127,10.28,0,9.21,0
1833,"Pork, brains, braised",138,12.14,0,9.51,0
1834,"Pork, intestine (chitterlings), raw",183,7.64,0,16.61,0
1835,"Pork, intestine (chitterlings), simmered",233,12.49,0,20.32,0
1836,"Pork, ears, frozen, raw",234,22.45,0.6,15.1,0
1837,"Pork, ears, frozen, simmered",166,15.95,0.2,10.8,0
1838,"Pork, feet, raw",213,23.16,0,12.59,0
1839,"Pork, heart, raw",118,17.27,1.33,4.36,0
1840,"Pork, heart, braised",148,23.6,0.4,5.05,0
1841,"Pork, jowl, raw",655,6.38,0,69.61,0
1842,"Pork, kidney, braised",151,25.4,0,4.7,0
1843,"Pork, leaf fat, raw",857,1.76,0,94.16,0
1844,"Pork, liver, raw",134,21.39,2.47,3.65,0
1845,"Pork, liver, braised",165,26.02,3.76,4.4,0
1846,"Pork, lungs, raw",85,14.08,0,2.72,0
1847,"Pork, lungs, braised",99,16.6,0,3.1,0
1848,"Pork, mechanically separated, raw",304,15.03,0,26.54,0
1849,"Pork, pancreas, raw",199,18.56,0,13.24,0
1850,"Pork, pancreas, braised",219,28.5,0,10.8,0
1851,"Pork, spleen, raw",100,17.86,0,2.59,0
1852,"Pork, spleen, braised",149,28.2,0,3.2,0
1853,"Pork, stomach, raw",159,16.85,0,10.14,0
1854,"Pork, tongue, raw",225,16.3,0,17.2,0
1855,"Pork, tongue, braised",271,24.1,0,18.6,0
1857,"Pork, cured, breakfast strips, cooked",459,28.95,1.05,36.7,0
1859,"Pork, cured, back bacon, grilled",185,24.24,1.35,8.44,0
1861,"Pork, cured, ham, boneless, mini ham-half, regular (11% fat), roasted",178,22.62,0,9.02,0
1862,"Ham, lean, canned",144,17.97,0,7.46,0
1865,"Ham, regular (13% fat), canned",226,20.53,0.42,15.2,0
1869,"Pork, cured, ham patties, grilled",342,13.3,1.7,30.85,0
1870,"Pork, cured, ham, boneless, mini ham-half, extra lean (approximately 5% fat), unheated",122,19.56,0,4.25,0
1871,"Pork, cured, ham, whole, lean and fat",246,18.49,0.06,18.52,0
1873,"Pork, cured, ham, whole, lean",157,25.05,0,5.5,0
1875,"Pork, cured, fat, unheated",579,5.68,0.09,61.41,0
1876,"Pork, cured, fat (ham and arm picnic), roasted",591,7.64,0,61.86,0
1877,"Pork, cured, ham, shoulder, arm picnic, lean and fat, roasted",280,20.43,0,21.35,0
1878,"Pork, cured, ham, shoulder, arm picnic, lean, roasted",170,24.94,0,7.04,0
1879,"Pork, feet, simmered",238,21.94,0,16.05,0
1880,"Pork, tail, raw",378,17.75,0,33.5,0
1881,"Pork, tail, simmered",396,17,0,35.8,0
1882,"Pork, loin, centre cut (centre chop), bone-in, lean, pan-fried",195,29.56,0,7.66,0
1883,"Pork, loin, rib chop (rib end), bone-in, lean, pan-fried",211,28.84,0,9.73,0
1884,"Pork, loin, centre cut (centre chop), bone-in, lean and fat, pan-fried",238,27.63,0,13.32,0
1885,"Pork, loin, rib chop (rib end), bone-in, lean and fat, pan-fried",256,26.81,0,15.71,0
1887,"Pork, cured, ham, boneless, mini ham-half, extra lean and regular, unheated",162,18.26,2.28,8.39,0
1888,"Pork, cured, ham, boneless, mini ham-half, extra lean and regular, roasted",165,21.97,0.5,7.66,0
1893,"Pork, back ribs, lean and fat, raw",244,19.1,0,18,0
1894,"Pork, back ribs, lean and fat, roasted",365,28.4,0,27,0
1895,"Pork, loin, rib steak (rib end), boneless, lean and fat, raw",211,19.9,0,14.01,0
1896,"Pork, loin, rib steak (rib end), boneless, lean and fat, braised",255,26.29,0,15.79,0
1897,"Pork, loin, rib steak (rib end), boneless, lean and fat, broiled",260,27.63,0,15.76,0
1898,"Pork, loin, rib steak (rib end), boneless, lean and fat, pan-fried",273,25.82,0,18.05,0
1899,"Pork, loin, rib steak (rib end), boneless, lean and fat, roasted",252,26.99,0,15.15,0
1900,"Pork, loin, rib steak (rib end), boneless, lean, raw",152,21.8,0,6.48,0
1901,"Pork, loin, rib steak (rib end), boneless, lean, braised",211,27.95,0,10.14,0
1902,"Pork, loin, rib steak (rib end), boneless, lean, broiled",216,29.46,0,10.05,0
1903,"Pork, loin, rib steak (rib end), boneless, lean, pan-fried",224,27.68,0,11.8,0
1904,"Pork, loin, rib steak (rib end), boneless, lean, roasted",214,28.81,0,10.13,0
1905,"Pork, loin, rib half (country-style ribs), lean and fat, raw",189,19.34,0,11.82,0
1906,"Pork, loin, rib half (country-style ribs), lean and fat, braised",273,26.49,0,17.71,0
1907,"Pork, loin, rib half (country-style ribs), lean and fat, roasted",359,21.75,0,29.46,0
1908,"Pork, loin, rib half (country-style ribs), lean, raw",140,20.76,0,5.64,0
1909,"Pork, loin, rib half (country-style ribs), lean, braised",247,27.74,0,14.26,0
1910,"Pork, loin, rib half (country-style ribs), lean, roasted",227,29.2,0,11.38,0
1911,"Pork, loin, sirloin steak, boneless, lean and fat, raw",133,22.49,0,4.05,0
1912,"Pork, loin, sirloin steak, boneless, lean and fat, braised",171,28.41,0,5.47,0
1913,"Pork, loin, sirloin steak, boneless, lean and fat, broiled",170,28.19,0,5.53,0
1914,"Pork, loin, sirloin steak, boneless, lean and fat, roasted",192,29.62,0,7.32,0
1915,"Pork, loin, sirloin steak, boneless, lean, raw",121,22.81,0,2.59,0
1916,"Pork, loin, sirloin steak, boneless, lean, braised",163,28.75,0,4.5,0
1917,"Pork, loin, sirloin steak, boneless, lean, broiled",161,28.6,0,4.36,0
1918,"Pork, loin, sirloin steak, boneless, lean, roasted",178,30.39,0,5.31,0
192,"Spices, mustard seed, yellow",508,26.08,15.89,36.24,12.2
1921,"Pork, loin, sirloin roast, boneless, lean and fat, raw",166,21.34,0,8.33,0
1922,"Pork, loin, sirloin roast, boneless, lean, raw",132,22.39,0,4.06,0
1931,"Pork, loin, tenderloin, lean, raw",107,22.2,0,1.3,0
1932,"Pork, loin, tenderloin, lean, roasted",144,28.4,0,2.5,0
1933,"Pork, side ribs centre cut (spareribs), lean and fat, raw",256,18,0,19.9,0
1934,"Pork, side ribs centre cut (spareribs), lean and fat, simmered, roasted",334,26.7,0,24.4,0
1935,"Pork, kidney, raw",100,16.46,0,3.25,0
1936,"Pork, cured, bacon, raw",417,12.62,1.28,39.69,0
1938,"Pork, cured, ham, boneless, mini ham-half, extra-lean (approximately 5% fat), roasted",145,20.93,1.5,5.53,0
1939,"Pork, cured, ham, whole, lean, bone-in, unheated",147,14.1,1.17,3.5,0
1940,"Pork, cured, ham, shoulder, cottage roll, lean and fat, unheated",198,14.05,0.2,15.25,0
1941,"Pork, cured, ham, shoulder, cottage roll, lean and fat, roasted",124,15.33,1.3,5.93,0
1942,"Ham, extra lean, canned",120,16.4,0.2,4.4,0
1943,"Pork, loin, tenderloin, lean and fat, raw",126,22.1,0,3.5,0
1944,"Pork, loin, tenderloin, lean and fat, roasted",146,26.6,0,3.6,0
195,"Spices, oregano, ground",265,9,26.42,4.28,42.5
1961,"Pork, loin, tenderloin, lean and fat, broiled",166,28.56,0,4.83,0
1962,"Pork, loin, tenderloin, lean, broiled",161,30.7,0,3.29,0
1963,"Pork, leg, inside, boneless, lean and fat, raw",130,22.23,0,3.88,0
1964,"Pork, leg, inside, boneless, lean and fat, roasted",172,30.89,0,4.42,0
1965,"Pork, leg, inside, boneless, lean, raw",114,22.61,0,1.96,0
1966,"Pork, leg, inside, boneless, lean, roasted",173,31.67,0,4.2,0
1967,"Pork, loin, centre cut (centre steak), boneless, lean and fat, raw",172,22.05,0,8.6,0
1968,"Pork, loin, centre cut (centre steak), boneless, lean and fat, broiled",220,31.95,0,9.3,0
1969,"Pork, loin, centre cut (centre steak), boneless, lean, raw",123,23.8,0,2.4,0
1970,"Pork, loin, centre cut (centre steak), boneless, lean, broiled",174,32.8,0,3.8,0
1971,"Pork, shoulder, butt, blade (boneless), lean and fat, raw",245,17.36,0,19,0
1972,"Pork, shoulder, butt (blade, boneless), lean and fat, roasted",264,25.2,0,17.37,0
1973,"Pork, shoulder, butt, blade (boneless), lean, raw",124,20.3,0,4.1,0
1974,"Pork, shoulder, butt (blade boneless), lean, roasted",219,28.1,0,11,0
1977,"Pork, cured, ham, whole, lean, 30% salt reduced, unheated",93,13.8,1.4,3.2,0
1978,"Pork, cured, ham, shoulder, picnic, boneless, lean, unheated",141,14.4,1.1,8.3,0
1979,"Pork, cured, bacon bits, cooked",498,33.6,0.6,39,0
1981,"Pork, cured, back bacon (cornmeal, peameal), uncooked",111,20.24,1.29,2.76,0
1984,"Amaranth leaves, fresh",23,2.46,4.02,0.33,
1985,"Amaranth leaves, boiled, drained",21,2.11,4.11,0.18,
1987,"Arrowhead, boiled, drained",78,4.49,16.14,0.1,
1988,"Artichoke (Globe, French), frozen, unprepared",38,2.63,3.85,0.43,3.9
1989,"Artichoke (Globe, French), frozen, boiled, drained",45,3.11,4.58,0.5,4.6
1991,"Asparagus, boiled, drained",22,2.4,2.11,0.22,2
1992,"Asparagus, canned, solids and liquid",15,1.8,1.48,0.18,1
1994,"Asparagus, frozen, boiled, drained",18,2.95,0.42,0.42,1.5
1995,"Balsam-pear (bitter gourd, bitter melon), leafy tips, raw",30,5.3,3.29,0.69,
1996,"Balsam-pear (bitter gourd, bitter melon), leafy tips, boiled, drained",34,3.6,4.78,0.2,1.9
1997,"Balsam-pear (bitter gourd, bitter melon), pods, raw",17,1,0.9,0.17,2.8
1998,"Balsam-pear (bitter gourd, bitter melon), pods, boiled, drained",19,0.84,2.32,0.18,2
2000,"Bamboo shoots, boiled, drained",12,1.53,0.92,0.22,1
2001,"Beans, kidney, sprouted, raw",29,4.2,2.6,0.5,1.5
2002,"Beans, kidney, sprouted, boiled, drained",33,4.83,3.92,0.58,0.8
2003,"Beans, lima, raw",113,6.84,15.27,0.86,4.9
2004,"Beans, lima, boiled, drained",123,6.81,18.34,0.32,5.3
2005,"Beans, lima, canned, solids and liquid",71,4.07,9.73,0.29,3.6
2006,"Beans, lima (fordhook), frozen, unprepared",106,6.4,14.33,0.35,5.5
2007,"Beans, lima (fordhook), frozen, boiled, drained",103,6.07,13.52,0.34,5.8
2008,"Beans, mung, mature seeds, sprouted, bean sprouts, raw",30,3.04,4.14,0.18,1.8
2009,"Beans, mung, mature seeds, sprouted, bean sprouts, boiled, drained",21,2.03,3.39,0.09,0.8
2010,"Beans, mung, mature seeds, sprouted, bean sprouts, stir-fried, no fat added",50,4.3,8.69,0.21,1.9
2012,"Beans, navy, mature seeds, sprouted, boiled, drained",78,7.07,14.21,0.81,0.8
2014,"Beans, pinto, frozen, boiled, drained",162,9.31,22.28,0.48,8.6
2015,"Beans, shellie, canned, solids and liquid",30,1.76,2.79,0.19,3.4
2016,"Beans, snap (Italian, green or yellow), canned, solids and liquid",15,0.72,1.77,0.17,1.5
2017,"Beans, snap (Italian, green or yellow), canned, seasoned, solids and liquid",16,0.83,1.99,0.2,1.5
2018,"Beans, snap (Italian, green or yellow), frozen, unprepared",39,1.79,4.94,0.21,2.6
2019,"Beans, snap (Italian, green or yellow), frozen, boiled, drained",28,1.49,3.45,0.17,3
2020,"Beets, canned, solids and liquid",30,0.73,5.94,0.09,1.2
2022,"Beet greens, boiled, drained",27,2.57,2.56,0.2,2.9
2023,"Broadbeans (fava beans), fresh, raw",72,5.6,7.5,0.6,4.2
2024,"Broadbeans (fava beans), fresh, boiled, drained",62,4.8,6.5,0.5,3.6
2026,"Broccoli, frozen, spears, boiled, drained",28,3.1,3.06,0.11,2.3
2028,"Brussels sprouts, frozen, boiled, drained",42,3.64,4.22,0.39,4.1
2030,"Burdock root, boiled, drained",88,2.09,19.35,0.14,1.8
2032,"Butterbur (fuki), boiled, drained",8,0.23,2.16,0.02,
2033,"Butterbur (fuki), canned",3,0.11,0.38,0.13,
2035,"Cabbage, red, boiled, drained",29,1.51,4.34,0.09,2.6
2037,"Cabbage, savoy, boiled, drained",24,1.8,2.61,0.09,2.8
2038,"Bok choy, pak-choi, raw",13,1.5,1.18,0.2,1
2039,"Bok choy, pak-choi, boiled drained",11,1.56,0.78,0.16,1
2041,"Cabbage, Chinese (pe-tsai), boiled, drained",14,1.5,0.71,0.17,1.7
2043,"Cardoon, boiled, drained",22,0.76,3.63,0.11,1.7
2044,"Carrot, canned, solids and liquid",23,0.58,3.57,0.14,1.8
2045,"Cassava (manioc), raw",159,1.36,36.26,0.28,1.8
2046,"Cauliflower, boiled, drained",23,1.84,1.81,0.45,2.3
2048,"Cauliflower, frozen, boiled, drained",19,1.61,1.05,0.22,2.7
2050,"Celeriac, boiled, drained",27,0.96,4.7,0.19,1.2
2053,"Chard, swiss, boiled, drained",20,1.88,2.03,0.08,2.1
2055,"Chayote, fruit, boiled, drained",24,0.62,2.29,0.48,2.8
2056,"Belgium endive (chicory, witloof), raw",17,0.9,0.9,0.1,3.1
2057,"Chicory greens (cichorium intybus), raw",23,1.7,0.7,0.3,4
2058,"Chicory roots (cichorium intybus), raw",72,1.4,16.01,0.2,1.5
2061,"Chrysanthemum, garland, boiled, drained",20,1.64,2.01,0.09,2.3
2062,"Coleslaw (cabbage salad), with dressing, homemade",78,1.29,10.91,2.61,1.5
2064,"Collards, boiled, drained",33,2.71,1.65,0.72,4
2065,"Collards, frozen, unprepared",33,2.69,2.86,0.37,3.6
2066,"Collards, frozen, boiled, drained",36,2.97,4.3,0.41,2.8
2067,"Coriander (cilantro), raw",23,2.13,0.87,0.52,2.8
2068,"Corn, sweet, yellow, on or off the cob, boiled, drained",96,3.41,18.58,1.5,2.4
2069,"Corn, sweet, canned, brine pack, solids and liquid",61,1.95,12.16,0.77,1.7
2070,"Corn, sweet, canned, brine pack, drained solids",71,2.32,12.76,1.37,2.3
2071,"Corn, sweet, frozen, kernels on the cob, boiled, drained",94,3.11,19.53,0.74,2.8
2072,"Corn with red or green peppers, canned, solids and liquid",75,2.33,14.67,0.55,3.5
2073,"Cornsalad (lamb's lettuce), raw",21,2,3.6,0.4,
2074,"Cowpeas (black-eyed peas), immature seeds, raw",90,2.95,13.83,0.35,5
2075,"Cowpeas (black-eyed peas), immature seeds, boiled, drained",97,3.17,15.32,0.38,5
2076,"Cowpeas (black-eyed peas), immature seeds, frozen, unprepared",139,8.98,20.13,0.7,5
2077,"Cowpeas (black-eyed peas), immature seeds, frozen, boiled, drained",132,8.49,17.36,0.66,6.4
2079,"Cowpeas, young pods with seeds, boiled, drained",34,2.6,7,0.3,
2080,"Beans, yardlong, (asparagus bean or cowpea), raw",47,2.8,8.35,0.4,
2081,"Beans, yardlong, (asparagus bean or cowpea), boiled, drained",47,2.53,9.18,0.1,
2083,"Cowpeas, leafy tips, boiled, drained",22,4.67,2.8,0.1,
2085,"Cress, garden, boiled, drained",23,1.9,3.1,0.6,0.7
2087,"Dandelion greens, boiled, drained",33,2,3.5,0.6,2.9
2088,"Eggplant (aubergine, brinjal), raw",25,0.98,2.88,0.18,3
2089,"Eggplant (aubergine, brinjal), boiled, drained",35,0.83,6.23,0.23,2.5
2090,"Escarole or endive (cichorium endivia), raw",17,1.25,0.25,0.2,3.1
2092,"Gourd, white flowered (calabash gourd), raw",14,0.62,2.89,0.02,0.5
2093,"Gourd, white flowered (calabash gourd), boiled, drained",15,0.6,2.49,0.02,1.2
2095,"Gourd, dishcloth (towelgourd), boiled, drained",56,0.66,11.44,0.34,2.9
2096,"Drumstick (horseradish-tree), leaves, raw",64,9.4,6.28,1.4,2
2097,"Drumstick (horseradish-tree), leaves, boiled, drained",60,5.27,9.15,0.93,2
2098,"Beans, hyacinth, raw",46,2.1,5.89,0.2,3.3
2099,"Beans, hyacinth, boiled, drained",50,2.95,9.2,0.27,
2100,"Jerusalem artichoke (sunchoke), raw",73,2,15.84,0.01,1.6
2101,"Jew's ear (cloud or wood ear, pepeao), raw",25,0.48,6.75,0.04,
2102,"Jew's ear (cloud or wood ear, pepeao), dried",298,4.82,81.03,0.44,
2104,"Jute, potherb, boiled, drained",37,3.68,5.29,0.2,2
2105,"Kale, boiled, drained",28,1.9,3.63,0.4,2
2107,"Kale, frozen, boiled, drained",30,2.84,3.23,0.49,2
2110,"Kohlrabi, boiled, drained",29,1.8,5.59,0.11,1.1
2112,"Lambsquarters, boiled, drained",32,3.2,2.9,0.7,2.1
2114,"Lentils, sprouted, stir-fried, no fat added",101,8.8,19.35,0.45,1.9
2115,"Lettuce, butterhead (Boston, bibb)",13,1.35,1.13,0.22,1.1
2116,"Lettuce, cos or romaine",17,1.23,1.19,0.3,2.1
2117,"Lettuce, looseleaf",15,1.36,1.57,0.15,1.3
2119,"Lotus root, boiled, drained",66,1.58,12.92,0.07,3.1
2123,"Mushroom, boiled, drained",28,2.17,3.09,0.47,2.2
2124,"Mushroom, shiitake, dried",296,9.58,63.87,0.99,11.5
2125,"Mushroom, shiitake, cooked",56,1.56,12.29,0.22,2.1
2127,"Mustard greens, boiled, drained",26,2.56,2.51,0.47,2
2129,"Mustard greens, frozen, boiled, drained",19,2.27,0.31,0.25,2.8
213,"Spices, dill weed, fresh",43,3.46,4.92,1.12,2.1
2131,"Mustard spinach (tendergreen), boiled, drained",16,1.7,0.8,0.2,2
2133,"New Zealand spinach, boiled, drained",12,1.3,0.73,0.17,1.4
2134,"Okra (gumbo), raw",33,1.93,4.25,0.19,3.2
2135,"Okra (gumbo), boiled, drained",22,1.87,2.01,0.21,2.5
2136,"Okra (gumbo), frozen, unprepared",30,1.69,4.43,0.25,2.2
2137,"Okra (gumbo), frozen, boiled, drained",29,1.63,4.31,0.24,2.1
2138,"Onion, dehydrated flakes",349,8.95,74.08,0.46,9.2
2139,"Onion, canned, solids and liquid",19,0.85,2.82,0.09,1.2
2140,"Onion, frozen, chopped, unprepared",29,0.79,5.02,0.1,1.8
2141,"Onion, frozen, chopped, boiled, drained",28,0.77,4.79,0.1,1.8
2142,"Onion, frozen, whole, unprepared",35,0.89,6.75,0.06,1.7
2143,"Onion, frozen, whole, boiled, drained",28,0.71,5.3,0.05,1.4
2144,"Onion, spring (green) or scallion (includes tops and bulb), raw",32,1.83,4.74,0.19,2.6
2145,"Onion, Welsh, raw",34,1.9,4.1,0.4,2.4
2146,"Peas, edible-podded (snow peas), boiled, drained",42,3.27,4.25,0.23,2.8
2147,"Peas, edible-podded (snow peas), frozen, unprepared",42,2.8,4.1,0.3,3.1
2148,"Peas, edible-podded (snow peas), frozen, boiled, drained",52,3.5,5.92,0.38,3.1
2149,"Peas, green, canned, solids and liquid",58,3.01,7.3,0.48,3.3
215,"Spices, thyme, fresh",101,5.56,10.45,1.68,14
2150,"Peas, green, canned, seasoned, solids and liquid",50,3.09,7.25,0.27,2
2153,"Peas, mature seeds, sprouted, boiled, drained",98,7.05,16.28,0.51,0.8
2154,"Peas and carrots, canned, solids and liquid",38,2.17,6.48,0.27,2
2156,"Peas and carrots, frozen, boiled, drained",48,3.09,7.02,0.42,3.1
2157,"Peas and onions, canned, solids and liquid",51,3.28,6.27,0.38,2.3
2159,"Peas and onions, frozen, boiled, drained",45,2.54,6.43,0.2,2.2
2160,"Pepper, hot chili, red or green, canned, solids and liquid",21,0.9,3.8,0.1,1.3
2161,"Pepper, sweet, green, canned, solids and liquid",18,0.8,2.7,0.3,1.2
2162,"Peas, pigeon, raw",136,7.2,18.78,1.64,5.1
2163,"Peas, pigeon, boiled, drained",111,5.96,13.29,1.36,6.2
2165,"Pokeberry shoots, raw",23,2.6,2,0.4,1.7
2166,"Pokeberry shoots, boiled, drained",20,2.3,1.6,0.4,1.5
2167,"Potato, boiled with skin, skin only",78,2.86,13.91,0.1,3.3
2168,"Potato, hashed-brown, homemade",265,3,31.91,12.52,3.2
2169,"Potato, mashed, homemade, prepared with whole milk and margarine",113,1.96,15.44,4.2,1.5
217,"Vanilla extract, imitation, with alcohol",237,0.05,2.41,0,0
2170,"Potato, scalloped, homemade, with butter",88,2.87,8.88,3.68,1.9
2171,"Potato, au gratin, homemade, with butter",132,5.06,9.47,7.59,1.8
2172,"Potato, canned, solids and liquid",44,1.2,8.49,0.11,1.4
2173,"Potato, mashed, dehydrated, granules without milk, unprepared",372,8.22,78.41,0.54,7.1
2174,"Potato, mashed, dehydrated, granules without milk, whole milk and butter added",108,2.05,12.16,4.96,2.2
2175,"Potato, mashed, dehydrated, granules with milk, unprepared",357,10.9,71.1,1.1,6.6
2176,"Potato, mashed, dehydrated, granules with milk, water and margarine added",116,2.13,14.83,4.8,1.3
2177,"Potato, au gratin, dry mix, unprepared",314,8.9,70.21,3.7,4.1
2178,"Potato, au gratin, dry mix, prepared with water, whole milk and butter",93,2.3,11.94,4.12,0.9
2179,"Potato, hashed brown, frozen, with butter sauce, unprepared",135,1.87,15.38,6.66,2.9
218,"Vanilla extract, imitation, without alcohol",56,0.03,14.4,0,0
2180,"Potato, hashed brown, frozen, with butter sauce, prepared",178,2.46,20.33,8.79,3.8
2181,"Potato, O'brien, frozen, unprepared",76,1.83,15.57,0.14,1.9
2182,"Potato, O'brien, frozen, prepared",204,2.22,20.16,13.21,1.7
2183,"Potato, whole, peeled, frozen, unprepared",78,2.38,16.27,0.16,1.2
2184,"Potato, whole, frozen, boiled, drained",65,1.98,13.12,0.13,1.4
2185,"Potato, french-fried, frozen, restaurant prepared, fried in vegetable oil and animal fat",315,4.03,36.26,16.57,3.3
2186,"Potato, french-fried, frozen, extruded, unprepared",260,2.83,25.65,14.95,4.5
2187,"Potato salad, homemade",143,2.68,9.87,8.2,1.3
2189,"Pumpkin flowers, boiled, drained",15,1.09,2.4,0.08,0.9
219,"Grains, barley, malt extract, dried",367,6,88.8,0,0.4
2191,"Pumpkin leaves, boiled, drained",21,2.72,0.69,0.22,2.7
2192,"Pumpkin, canned",34,1.1,5.19,0.28,2.9
2195,"Purslane, boiled, drained",18,1.49,3.55,0.19,
2196,"Radish, oriental (daikon), raw",18,0.6,2.5,0.1,1.6
2197,"Radish, oriental (daikon), boiled, drained",17,0.67,1.83,0.24,1.6
2198,"Radish, oriental (daikon), dried",271,7.9,39.47,0.72,23.9
2199,"Salsify (oysterplant, vegetable oyster), raw",82,3.3,15.3,0.2,3.3
2200,"Salsify (oysterplant, vegetable oyster), boiled, drained",68,2.73,12.26,0.17,3.1
2201,"Sauerkraut, canned, solids and liquid",19,0.91,1.38,0.14,2.9
2204,"Seaweed, kelp (kombu, tangle), raw",43,1.68,8.27,0.56,1.3
2205,"Seaweed, dulse (laver, nori), raw",35,5.81,4.81,0.28,0.3
2206,"Sesbania flowers, raw",27,1.28,6.73,0.04,
2207,"Sesbania flowers, steamed",22,1.14,5.23,0.05,
2208,"Soybeans, green (edamame), raw",147,12.95,6.85,6.8,4.2
2209,"Soybeans, green (edamame), boiled, drained",141,12.35,6.85,6.4,4.2
2210,"Soybeans, mature seeds, sprouted, bean sprouts, raw",122,13.09,8.47,6.7,1.1
2211,"Soybeans, mature seeds, sprouted, bean sprouts, steamed",81,8.47,5.73,4.45,0.8
2212,"Soybeans, mature seeds, sprouted, bean sprouts, stir-fried, no fat added",125,13.1,8.6,7.1,0.8
2214,"Spinach, boiled, drained",23,2.97,1.35,0.26,2.4
2215,"Spinach, canned, solids and liquid",19,2.11,1.32,0.37,1.6
2216,"Spinach, frozen, unprepared",29,3.63,1.31,0.57,2.9
2217,"Spinach, frozen, boiled, drained",34,4.01,1.1,0.87,3.7
2218,"Squash, summer, crookneck, raw",19,1.01,2.88,0.27,1
2219,"Squash, summer, crookneck, boiled, drained",23,1.04,2.69,0.39,1.1
2220,"Squash, summer, crookneck, canned, drained solids",13,0.61,1.56,0.07,1.4
2221,"Squash, summer, crookneck, frozen, unprepared",20,0.83,3.6,0.14,1.2
2222,"Squash, summer, crookneck, frozen, boiled, drained",25,1.28,4.14,0.2,1.4
2224,"Squash, summer, scallop, boiled, drained",16,1.03,1.4,0.17,1.9
2225,"Squash, summer, zucchini, raw",17,1.21,2.11,0.32,1
2226,"Squash, summer, zucchini, boiled, drained",15,1.14,1.69,0.36,1
2227,"Squash, summer, zucchini, frozen, unprepared",17,1.16,2.28,0.13,1.3
2228,"Squash, summer, zucchini, frozen, boiled, drained",17,1.15,2.26,0.13,1.3
2229,"Squash, summer, zucchini in tomato juice, canned",29,1.03,6.85,0.11,
2230,"Succotash, raw",99,5.03,15.79,1.02,3.8
2231,"Succotash, boiled, drained",115,5.07,19.88,0.8,4.5
2232,"Succotash, canned with cream style corn",77,2.64,14.61,0.54,3
2233,"Succotash, canned with whole kernel corn, solids and liquid",63,2.6,11.38,0.49,2.6
2234,"Succotash, frozen, unprepared",93,4.31,15.94,0.89,4
2235,"Succotash, frozen, boiled, drained",93,4.31,15.85,0.89,4.1
2236,"Swamp cabbage (skunk cabbage, water convulvolus), raw",19,2.6,1.04,0.2,2.1
2237,"Swamp cabbage (skunk cabbage, water convulvolus), boiled, drained",20,2.08,1.81,0.24,1.9
2239,"Sweet potato leaves, steamed",41,2.18,5.48,0.34,1.9
2240,"Sweet potato, raw",86,1.57,17.12,0.05,3
2241,"Sweet potato, baked, skin removed after baking",90,2.01,17.41,0.15,3.3
2242,"Sweet potato, boiled without skin",77,1.37,15.22,0.14,2.5
2246,"Sweet potato, frozen, baked",100,1.71,21.6,0.12,1.8
2250,"Taro leaves, steamed",24,2.72,2.02,0.41,2
2252,"Taro shoots, cooked",14,0.73,3.2,0.08,
2254,"Taro, Tahitian, cooked",44,4.16,6.85,0.68,
2255,"Tomato, green, raw",23,1.2,4,0.2,1.1
2257,"Tomato, red, ripe, canned with green chilies",15,0.69,3.62,0.08,
2258,"Tomato products, canned, paste, no added salt",82,4.32,14.81,0.47,4.1
2259,"Tomato products, canned, puree, no salt added",38,1.65,7.08,0.21,1.9
2262,"Turnip, boiled, drained",22,0.71,3.06,0.08,2
2264,"Turnip greens, boiled, drained",20,1.14,0.86,0.23,3.5
2265,"Turnip greens, canned, solids and liquid",14,1.36,0.72,0.3,1.7
2267,"Turnip greens, frozen, boiled, drained",29,3.35,1.58,0.42,3.4
2269,"Turnip greens and turnips, frozen, boiled, drained",35,2.99,1.75,0.38,3.1
2270,"Vegetables, mixed, canned, solids and liquid",36,1.42,3.33,0.25,3.8
2272,"Vegetables, mixed, frozen, boiled, drained",65,2.86,10.19,0.15,2.9
2273,"Vine spinach, raw",19,1.8,3.4,0.3,
2274,"Waterchestnuts, Chinese, raw",97,1.4,20.94,0.1,3
2275,"Waterchestnuts, Chinese, canned, solids and liquid",50,0.88,9.8,0.06,2.5
2278,"Waxgourd (Chinese perserving melon), boiled, drained",13,0.4,2.04,0.2,1
2279,"Winged beans (goa bean), green, raw",49,6.95,4.31,0.87,
2280,"Winged beans (goa bean), green, boiled, drained",38,5.31,3.21,0.66,
2281,"Winged beans (goa bean) leaves, raw",74,5.85,14.1,1.1,
2282,"Winged beans (goa bean) tuber, raw",148,11.6,28.1,0.9,
2284,"Yam, boiled, drained or baked",116,1.49,23.58,0.14,3.9
2285,"Yambean (jimaca), tuber, raw",38,0.72,3.92,0.09,4.9
2286,"Yambean (jimaca), tuber, boiled, drained",38,0.72,8.82,0.09,
2288,"Borage, boiled, drained",25,2.09,3.55,0.81,
2290,"Dock (sorrel), raw",22,2,0.3,0.7,2.9
2291,"Dock (sorrel), boiled, drained",20,1.83,0.33,0.64,2.6
2293,"Drumstick (horseradish-tree), pods, raw",37,2.1,5.33,0.2,3.2
2294,"Drumstick (horseradish-tree), pods, boiled, drained",36,2.09,3.98,0.19,4.2
2295,"Kale, scotch, raw",42,2.8,6.62,0.6,1.7
2296,"Kale, scotch, boiled, drained",28,1.9,4.43,0.41,1.2
2299,"Beans, mung, mature seeds, sprouted, bean sprouts, canned, drained",11,1.4,1.34,0.06,0.8
2300,"Pepper, sweet, green, freeze-dried",314,17.9,47.4,3,21.3
2301,"Radish, white icicle, raw",14,1.1,1.23,0.1,1.4
2302,"Shallot, freeze-dried",348,12.3,65,0.5,15.7
2304,"Squash, summer, all varieties, boiled, drained",20,0.91,2.91,0.31,1.4
2306,"Squash, winter, all varieties, baked",37,0.89,6.05,0.35,2.8
2307,"Sweet potato, canned, syrup pack, solids and liquid",89,0.98,18.43,0.2,2.5
2311,"Beans, pinto, mature seeds, sprouted, boiled, drained",22,1.86,3.3,0.32,0.8
2313,"Corn pudding , homemade",131,4.42,15.77,5.04,1.2
2314,"Potato, mashed, homemade, prepared with whole milk",83,1.91,16.07,0.57,1.5
2315,"Spinach souffle, homemade",172,7.89,4.9,12.95,1
2316,"Sweet potato, cooked, candied, homemade",164,0.89,30.02,3.54,2.1
2317,"Tomato, red, ripe, stewed (scalloped with breadcrumbs)",79,1.96,11.35,2.68,1.7
232,"Babyfood, snack, biscuit, mixed grain",380,7.51,66.82,9.33,7.7
2322,"Pepper, hot chili, red or green, raw",40,2,7.96,0.2,1.5
2323,"Potato, O'brien, homemade",81,2.35,14.27,1.28,1.2
2324,"Potato pancake, homemade",269,6.08,24.51,14.76,3.3
2325,"Radish seeds, sprouted, with seed, raw",43,3.81,1.1,2.53,2.5
2326,"Shallot, raw",72,2.5,14.7,0.1,2.1
2327,"Artichoke (Globe, French), boiled, drained, with salt",51,2.89,2.79,0.34,8.6
2328,"Beans, snap (Italian, green or yellow), frozen, boiled, with salt",26,1.49,2.86,0.17,3
2330,"Beans, snap, yellow, frozen, boiled, with salt",26,1.49,2.86,0.17,3
2331,"Broccoli, frozen, spears, boiled, drained, with salt",28,3.1,3.05,0.11,2.3
2332,"Collards, boiled, drained, with salt",33,2.71,1.65,0.72,4
2333,"Cowpeas, boiled, drained, with salt",94,3.17,14.73,0.38,5
2335,"Potato, mashed, dehydrated, granules without milk, prepared with whole milk and margarine",108,2.05,12.2,4.93,2.2
2336,"Potato, mashed, homemade, prepared with whole milk and butter",113,1.86,15.31,4.22,1.5
2337,"Pickles, cucumber, sweet",91,0.58,20.15,0.41,1
2342,"Pickles, cucumber, sweet, low sodium",122,0.37,32.63,0.26,1.1
2343,"Mushroom, enoki, raw",44,2.56,4.98,0.32,2.7
2344,"Pepper, sweet, yellow, raw",27,1,5.42,0.21,0.9
2346,"Squash, summer, zucchini, baby, raw",21,2.71,2.01,0.4,1.1
2347,"Tomatillo, raw",32,0.96,3.94,1.02,1.9
2348,"Tomato, sun-dried",258,14.11,43.46,2.97,12.3
2349,"Tomato, sun-dried, packed in oil, drained",213,5.06,17.53,14.08,5.8
2353,"Carrot, baby, raw",35,0.64,5.34,0.13,2.9
2355,"Pepper, hot chili, red, sun-dried",324,10.58,41.16,5.81,28.7
2356,"Nopales (prickly pear), raw",16,1.32,1.13,0.09,2.2
2357,"Nopales (prickly pear), cooked",16,1.35,1.28,0.05,2
2359,"Cauliflower, green, boiled",33,3.04,2.98,0.31,3.3
2360,"Cauliflower, green, boiled, with salt",33,3.04,2.98,0.31,3.3
2362,"Cabbage, boiled, drained",23,1.27,3.81,0.06,1.7
2364,"Artichoke (Globe, French), raw",47,3.27,5.91,0.15,4.6
2365,"Artichoke (Globe, French), boiled, drained",53,2.89,8.05,0.34,3.9
2368,"Beans, lima, baby, frozen, unprepared",132,7.59,20.74,0.44,4.4
2369,"Beans, lima, baby, frozen, boiled, drained",105,6.65,15.25,0.3,4.2
2370,"Beans, snap (Italian, green or yellow), raw",31,1.83,4.27,0.22,2.7
2371,"Beans, snap (Italian, green or yellow), boiled, drained",35,1.89,5.48,0.28,2.4
2372,"Beans, snap (Italian, green or yellow), canned, drained solids",22,1.12,2.22,0.46,2.1
2375,"Broccoli, boiled, drained",35,2.38,4.78,0.41,2.4
2377,"Broccoli, frozen, chopped, boiled, drained",28,3.1,3.05,0.12,2.3
2379,"Brussels sprouts, boiled, drained",36,2.55,3.5,0.5,3.6
2380,"Carrot, raw",41,0.93,7.18,0.24,2.4
2381,"Carrot, boiled, drained",35,0.76,5.52,0.18,2.7
2382,"Carrot, canned, drained solids",25,0.64,3.94,0.19,1.6
2383,"Carrot, frozen, unprepared",36,0.78,5.6,0.46,2.3
2384,"Carrot, frozen, boiled, drained",37,0.58,5.43,0.68,2.3
2387,"Celery, boiled, drained",18,0.83,2.6,0.16,1.4
2389,"Corn, sweet, canned, cream style",72,1.74,16.83,0.42,1.3
2390,"Corn, sweet, canned, vacuum pack, niblets",79,2.41,17.44,0.5,2
2391,"Corn, sweet, yellow, frozen, kernels cut off the cob, unprepared",88,3.02,18.81,0.78,1.9
2392,"Corn, sweet, yellow, frozen, kernels cut off the cob, boiled, drained",81,2.55,17.4,0.67,1.9
2393,"Corn, sweet, frozen, kernels on the cob, unprepared",98,3.28,20.7,0.78,2.8
2397,"Leeks (bulb and lower-leaf portion), boiled, drained",31,0.81,6.62,0.2,1
2398,"Lettuce, iceberg",14,0.9,1.77,0.14,1.2
2399,"Mushroom, white, raw",22,3.09,2.28,0.34,1
2400,"Mushroom, canned, drained solids",25,1.87,2.29,0.29,2.8
2401,"Onion, raw",40,1.1,7.64,0.1,1.7
2402,"Onion, boiled, drained",44,1.36,8.45,0.19,1.7
2404,"Onion rings, breaded, par fried, frozen, heated in oven",276,4.14,31.49,14.3,2.3
2406,"Parsnip, raw",75,1.2,14.59,0.3,3.4
2407,"Parsnip, boiled, drained",71,1.32,13.81,0.3,3.2
2408,"Peas, edible-podded (snow peas), raw",42,2.8,5.75,0.2,1.8
2410,"Peas, green, boiled, drained",84,5.36,8.93,0.22,6.7
2411,"Peas, green, canned, drained solids",68,4.47,6.86,0.8,4.5
2412,"Peas, green, frozen, boiled, drained",78,5.15,9.86,0.27,4.4
2413,"Pepper, sweet, green, raw",20,0.86,3.24,0.17,1.4
2414,"Pepper, sweet, green, boiled, drained",28,0.92,5.2,0.2,1.5
2415,"Pepper, sweet, green, frozen, chopped, unprepared",20,1.08,3.05,0.21,1.4
2416,"Pepper, sweet, green, frozen, chopped, boiled, drained",18,0.95,3,0.18,0.9
2417,"Potato, flesh, raw",77,2.02,15.97,0.09,1.5
2418,"Potato, skin, raw",58,2.57,9.14,0.1,3.3
2419,"Potato, flesh, baked",93,1.96,19.35,0.1,2.2
2420,"Potato, skin, baked",198,4.29,39.56,0.1,6.5
2421,"Potato, boiled with skin, flesh",87,1.87,18.63,0.1,1.5
2422,"Potato, boiled without skin, flesh",86,1.71,18.61,0.1,1.4
2423,"Potato, flesh, cooked in skin, microwaved",100,2.1,21.08,0.1,2.2
2424,"Potato, skin, cooked in skin, microwaved",132,4.39,22.33,0.1,7.3
2425,"Potato, canned, drained solids",60,1.41,12.71,0.21,0.9
2426,"Potato, mashed, flakes without milk, dry",354,8.34,74.67,0.41,6.5
2427,"Potato, mashed, prepared from flakes without milk, whole milk and butter added",97,1.77,9.67,5.13,1.2
2428,"Potato, scalloped, dry mix, unprepared",358,7.77,68.53,4.59,5.4
2429,"Potato, scalloped, dry mix, prepared with water, whole milk and butter",93,2.12,11.57,4.3,1.2
2430,"Potato, hashed brown, frozen, plain, unprepared",82,2.06,15.92,0.62,1.8
2431,"Potato, hashed brown, frozen, plain, prepared",219,2.65,26.31,11.59,2.2
2432,"Potato puff, frozen, unprepared",185,1.93,22.2,8.71,2.6
2433,"Potato puff, frozen, prepared",192,2.13,24.19,9.05,3.1
2434,"Potato, french-fried, frozen, unprepared",147,2.24,22.91,4.66,1.9
2435,"Potato, french-fried, frozen, all types, salt added in processing, home-prepared, heated in oven",158,2.75,22.25,5.48,3.3
2436,"Potato, french-fried, frozen, restaurant prepared, fried in vegetable oil",263,4.03,36.26,10.6,3.3
2437,"Potato, french-fried, frozen, cottage cut, salt not added in processing, unprepared",153,2.42,22.08,5.78,1.9
2438,"Potato, french-fried, frozen, cottage cut, salt not added in processing, heated in oven",218,3.44,30.73,8.2,3.3
2439,"Potato, french-fried, frozen, extruded, heated in oven",333,3.55,36.48,18.71,3.2
2442,"Pumpkin, boiled, drained",20,0.72,3.8,0.07,1.1
2443,"Radish, raw",16,0.68,1.8,0.1,1.6
2444,"Rutabaga (swede), raw",37,1.08,6.22,0.16,2.4
2445,"Rutabaga (swede), boiled, drained",30,0.93,5.04,0.18,1.8
2447,"Spinach, canned, drained solids",23,2.81,1.1,0.5,2.3
2449,"Squash, winter, acorn, baked",56,1.12,12.68,0.14,1.9
2450,"Squash, winter, acorn, boiled, mashed",34,0.67,7.29,0.08,1.5
2452,"Squash, winter, butternut, baked",40,0.9,8.79,0.09,1.7
2454,"Squash, winter, butternut, frozen, boiled",39,1.23,8.55,0.07,1.5
2456,"Squash, winter, hubbard, baked",50,2.48,8.51,0.62,2.3
2457,"Squash, winter, hubbard, boiled, mashed",30,1.48,4.66,0.37,1.8
2459,"Squash, winter, spaghetti, baked or boiled, drained",27,0.66,5.06,0.26,1.4
2460,"Tomato, red, ripe, raw, year round average",18,0.88,2.69,0.2,1.2
2461,"Tomato, red, ripe, boiled",17,0.95,2.51,0.11,1.5
2462,"Tomato, red, ripe, canned, whole",16,0.79,2.67,0.25,0.8
2463,"Tomato, red, ripe, canned, stewed",26,0.91,5.09,0.19,1.1
2464,"Juice, tomato, canned",17,0.85,2.83,0.29,0.7
2471,"Turnip, frozen, unprepared",16,1.04,0.84,0.16,2.1
2472,"Turnip, frozen, boiled, drained",23,1.53,2.25,0.24,2.1
2475,"Beets, harvard, canned, solids and liquid",73,0.84,16.08,0.06,2.1
2476,"Beets, pickled, canned, solids and liquid",65,0.8,14.38,0.08,1.9
2477,"Pepper, jalapeno, canned, solids and liquid",27,0.92,2.74,0.94,2
2478,"Potato, flesh and skin, baked",93,2.5,18.95,0.13,2.2
2479,"Potato, flesh and skin, cooked in skin, microwaved",105,2.44,21.74,0.1,2.5
2480,"Broccoli, boiled, drained, with salt",35,2.38,4.78,0.41,2.4
2481,"Celery, boiled, drained, with salt",18,0.83,2.6,0.16,1.4
2482,"Corn, sweet, yellow, frozen, kernels cut off the cob, boiled, drained, with salt",79,2.55,16.81,0.67,1.9
2483,"Onion, boiled, drained, with salt",42,1.36,7.86,0.19,1.7
2484,"Pepper, sweet, red, raw",31,0.99,4.63,0.3,1.4
2485,"Pepper, sweet, green, boiled, drained, with salt",26,0.92,3.61,0.2,2.5
2486,"Pepper, sweet, red, boiled, drained",28,0.92,5.2,0.2,1.5
2487,"Pepper, sweet, red, boiled, drained, with salt",26,0.92,4.61,0.2,1.5
2490,"Tomato, red, ripe, boiled, with salt",17,0.95,2.51,0.11,1.5
2491,"Corn, sweet, white, frozen, kernels off cob, unprepared",88,3.02,18.83,0.77,1.9
2492,"Corn, sweet, white, frozen, kernels off cob, boiled, drained",80,2.75,17.66,0.43,1.9
2493,"Corn, sweet, white, frozen, kernels off cob, boiled, drained, with salt",80,2.75,16.76,0.43,2.8
2494,Tomato ketchup (catsup),101,1.04,25.7,0.1,1.7
2495,"Pickles, cucumber, dill (includes Kosher and Polish)",12,0.5,1.31,0.3,1.1
2497,"Pickles, cucumber, dill, low sodium",12,0.5,1.31,0.3,1.1
2498,"Tomato ketchup (catsup), low sodium",101,1.04,25.7,0.1,1.7
2499,"Seaweed, dulse (laver, nori), dried",217,36.22,21.6,1.75,1.9
25,"Cheese, cottage, creamed (4.5% M.F.)",99,11.12,3.38,4.3,0
2501,"Beets, boiled, drained",44,1.68,7.96,0.18,2
2502,"Fiddlehead greens (ferns), frozen, unprepared",34,4.31,3.84,0.35,1.9
2505,"Potato, flesh and skin, raw",77,2.02,15.87,0.09,1.6
2506,"Potato, boiled, flesh and skin",86,1.96,18.27,0.1,1.6
2509,"Seeds, breadnuttree seeds, raw",217,5.97,46.28,0.99,
2510,"Seeds, breadnuttree seeds, dried",367,8.62,64.49,1.68,14.9
2512,"Seeds, cottonseed flour, partially defatted",359,40.96,37.54,6.2,3
2513,"Seeds, cottonseed flour, low fat",332,49.83,36.1,1.41,
2514,"Seeds, cottonseed meal, partially defatted",367,49.1,38.43,4.77,
2517,"Seeds, pumpkin and squash seed kernels, roasted",574,29.84,8.21,49.05,6.5
2522,"Seeds, sesame seed kernels, toasted, shelled",567,16.96,9.14,48,16.9
2527,"Seeds, sunflower seed kernels, dry roasted",582,19.33,12.97,49.8,11.1
2528,"Seeds, sunflower seed kernels, toasted",619,17.21,9.09,56.8,11.5
2529,"Seeds, sunflower seed butter",617,17.28,17.62,55.2,5.7
2534,"Nuts, almonds, dried, unblanched, unroasted",579,21.15,9.05,49.93,12.5
2535,"Nuts, almonds, dried, blanched, unroasted",590,21.4,8.77,52.52,9.9
2536,"Nuts, almonds, dry roasted, unblanched",598,20.96,10.11,52.54,10.9
2537,"Nuts, almonds, oil roasted, unblanched",608,21.23,7.18,55.17,10.5
2538,"Nuts, almonds, oil roasted, blanched",613,19.04,6.82,56.53,11.2
2539,"Nuts, almonds, toasted, unblanched",589,20.38,22.91,50.77,
2540,"Nuts, almond paste, sweetened",458,9,43.01,27.74,4.8
2545,"Nuts, butternuts (long walnuts), dried",612,24.9,7.35,56.98,4.7
2546,"Nuts, cashew nuts, dry roasted",574,15.31,29.69,46.35,3
2547,"Nuts, cashew nuts, oil roasted",580,16.84,26.57,47.77,3.3
2548,"Nuts, cashew butter, plain",587,17.56,25.57,49.41,2
2549,"Nuts, Chinese chestnuts, raw",224,4.2,49.07,1.11,
2550,"Nuts, Chinese chestnuts, dried",363,6.82,79.76,1.81,
2551,"Nuts, Chinese chestnuts, boiled and steamed",153,2.88,33.64,0.76,
2552,"Nuts, Chinese chestnuts, roasted",239,4.48,52.36,1.19,
2553,"Nuts, European chestnuts (sweet), raw, unpeeled",213,2.42,37.44,2.26,8.1
2554,"Nuts, European chestnuts (sweet), raw, peeled",196,1.63,44.17,1.25,
2555,"Nuts, European chestnuts (sweet), dried, unpeeled",374,6.39,65.61,4.45,11.7
2556,"Nuts, European chestnuts (sweet), dried, peeled",369,5.01,78.43,3.91,
2557,"Nuts, European chestnuts (sweet), boiled and steamed",131,2,27.76,1.38,
2559,"Nuts, coconut meat, desiccated, unsweetened",660,6.88,7.35,64.53,16.3
2560,"Nuts, coconut meat, desiccated, sweetened, flaked, packaged",456,3.13,41.95,27.99,9.9
2561,"Nuts, coconut meat, desiccated, sweetened, flaked, canned",443,3.35,36.41,31.69,4.5
2562,"Nuts, coconut meat, desiccated, toasted",592,5.3,44.4,47,
2563,"Nuts, coconut cream (liquid from grated meat), raw",330,3.63,4.45,34.68,2.2
2564,"Nuts, coconut cream (liquid from grated meat), sweetened, canned",357,1.17,53.01,16.31,0.2
2565,"Nuts, coconut milk (liquid from grated meat and water), canned",197,2.02,2.81,21.33,
2566,"Nuts, coconut water (liquid from coconut)",19,0.72,2.61,0.2,1.1
2567,"Nuts, filberts or hazelnuts, dried",629,14.95,7,60.75,9.7
2568,"Nuts, filberts or hazelnuts, dried, blanched",629,13.7,6,61.15,11
2569,"Nuts, filberts or hazelnuts, dry roasted, unblanched",646,15.03,8.2,62.4,9.4
2574,"Nuts, hickory nuts, dried",657,12.72,11.85,64.37,6.4
2575,"Nuts, macadamia (bushnuts, queensland), raw",718,7.91,5.22,75.77,8.6
2576,"Nuts, macadamia (bushnuts, queensland), oil roasted",718,7.26,3.6,76.52,9.3
2577,"Nuts, mixed nuts, dry roasted with peanuts",594,17.3,16.35,51.45,9
2578,"Nuts, mixed nuts, oil roasted with peanuts",607,20.04,14.05,53.95,7
2579,"Nuts, mixed nuts, oil roasted without peanuts",615,15.52,16.77,56.17,5.5
2580,"Soybean kernels, roasted, unsalted",472,35.22,15.85,25.4,17.7
2581,"Nuts, simulated product, wheat-based, unflavoured, with salt",622,13.82,18.48,57.7,5.2
2582,"Nuts, pecans, dried",691,9.17,4.26,71.97,9.6
2583,"Nuts, pecans, dry roasted",710,9.5,4.15,74.27,9.4
2584,"Nuts, pecans, oil roasted",715,9.2,3.51,75.23,9.5
2585,"Nuts, pilinuts-canarytree, dried",719,10.8,3.98,79.55,
2586,"Nuts, pine nuts, pignolia, dried",673,13.69,9.38,68.37,3.7
2588,"Nuts, pistachio nuts, dry roasted",567,20.95,19.48,44.82,9.9
2590,"Nuts, walnuts, English or Persian, dried",655,15.23,7.01,65.21,6.7
2592,"Seeds, cottonseed kernels, roasted",506,32.59,16.4,36.29,5.5
2593,"Seeds, sesame butter, tahini, roasted and toasted kernels",595,17,11.89,53.76,9.3
2594,"Nuts, European chestnuts (sweet), roasted",245,3.17,47.86,2.2,5.1
2596,"Seeds, sesame butter, from whole seed, paste",587,18.08,18.55,50.87,5.5
2598,"Seeds, sesame butter, tahini, unroasted kernels",607,17.95,8.59,56.44,9.3
2600,"Nuts, Japanese chestnuts, dried",360,5.25,81.43,1.24,
2601,"Nuts, coconut milk (liquid from grated meat and water), frozen",202,1.61,5.58,20.8,
2602,"Nuts, coconut meat, desiccated, creamed",684,5.3,21.52,69.08,
2603,"Nuts, coconut meat, desiccated, sweetened, shredded",501,2.88,43.17,35.49,4.5
2605,"Nuts, almond butter, plain",614,20.96,8.52,55.5,10.3
2607,"Nuts, almond meal, partially defatted",408,39.5,28.9,18.3,
2610,"Nuts, simulated product, wheat-based, all flavours except macadamia, without salt",647,13.11,15.59,62.3,5.2
2611,"Seeds, sesame seed kernels, dried, shelled",631,20.45,0.13,61.21,11.6
2612,"Nuts, Japanese chestnuts, raw",154,2.25,34.91,0.53,
2613,"Nuts, Japanese chestnuts, boiled and steamed",56,0.82,12.64,0.19,
2614,"Nuts, Japanese chestnuts, roasted",201,2.97,45.13,0.8,
2617,"Nuts, mixed nuts, dry roasted with peanuts, salted",594,17.3,16.35,51.45,9
2618,"Nuts, mixed nuts, oil roasted with peanuts, salted",607,20.04,14.05,53.95,7
2619,"Seeds, pumpkin and squash seed kernels, roasted, salted",574,29.84,8.21,49.05,6.5
2620,"Seeds, sunflower seed kernels, dry roasted, salted",582,19.33,15.07,49.8,9
2621,"Seeds, sunflower seed kernels, oil roasted, salted",592,20.06,13.99,51.3,8.9
2622,"Seeds, sunflower seed kernels, toasted, salted",619,17.21,9.09,56.8,11.5
2623,"Seeds, sunflower seed butter, salted",617,17.28,17.62,55.2,5.7
2624,"Nuts, almonds, dry roasted, unblanched, salted",598,20.96,10.11,52.54,10.9
2625,"Nuts, almonds, oil roasted, unblanched, salted",608,21.23,7.18,55.17,10.5
2626,"Nuts, almonds, oil roasted, blanched, salted",613,19.04,6.82,56.53,11.2
2627,"Nuts, cashew nuts, dry roasted, salted",574,15.31,29.69,46.35,3
2628,"Nuts, cashew nuts, oil roasted, salted",581,16.84,26.86,47.77,3.3
2629,"Nuts, cashew butter, plain, salted",609,12.12,27.3,53.03,3
2632,"Nuts, macadamia (bushnuts, queensland), oil roasted, salted",718,7.26,3.6,76.52,9.3
2633,"Nuts, mixed nuts, oil roasted without peanuts, salted",615,15.52,16.77,56.17,5.5
2635,"Nuts, pecans, dry roasted, salted",710,9.5,4.15,74.27,9.4
2636,"Nuts, pecans, oil roasted, salted",715,9.2,3.51,75.23,9.5
2637,"Nuts, pistachio nuts, dry roasted, salted",564,20.95,18.76,44.82,9.9
2638,"Seeds, pumpkin and squash seeds, whole, roasted, salted",446,18.55,35.35,19.4,18.4
2639,"Nuts, almond butter, plain, salted",614,20.96,8.52,55.5,10.3
2640,"Nuts, almond butter, honey and cinnamon, salted",602,15.83,23.27,52.2,3.7
2641,"Nuts, almond meal, partially defatted, salted",408,39.5,28.9,18.3,
2642,"Seeds, sunflower seed kernels, oil roasted",592,20.06,13.99,51.3,8.9
2643,"Nuts, coconut milk (liquid from grated meat and water), raw",230,2.29,4.54,23.84,1
2645,"Seeds, pumpkin and squash seeds, whole, roasted",446,18.55,35.35,19.4,18.4
2650,"Beef, brain, raw",143,10.86,1.05,10.3,0
2651,"Beef, brain, pan-fried",196,12.57,0,15.83,0
2652,"Beef, brain, simmered",151,11.67,1.48,10.53,0
2653,"Beef, heart, raw",112,17.72,0.14,3.94,0
2654,"Beef, heart, simmered",165,28.48,0.15,4.73,0
2655,"Beef, kidney, simmered",159,27.27,0,4.65,0
2656,"Beef, liver, braised",192,29.08,5.13,5.26,0
2657,"Beef, liver, pan-fried",176,26.52,5.16,4.68,0
2658,"Beef, lungs, raw",92,16.2,0,2.5,0
2659,"Beef, lungs, braised",120,20.4,0,3.7,0
2660,"Beef, mechanically deboned, raw",276,14.97,0,23.52,0
2661,"Beef, pancreas, raw",235,15.7,0,18.6,0
2662,"Beef, pancreas, braised",271,27.1,0,17.2,0
2663,"Beef, spleen, raw",105,18.3,0,3,0
2664,"Beef, spleen, braised",145,25.1,0,4.2,0
2665,"Beef, suet, raw",854,1.5,0,94,0
2666,"Beef, thymus, raw",236,12.18,0,20.35,0
2667,"Beef, thymus, braised",319,21.85,0,24.98,0
2668,"Beef, tongue, raw",224,14.9,3.68,16.09,0
2669,"Beef, tongue, simmered",284,19.29,0,22.3,0
2670,"Beef, tripe, raw",85,12.07,0,3.69,0
2676,"Beef, brisket, lean, 0mm (0"") trim, raw",155,20.72,0,7.37,0
2683,"Beef, ground, lean, raw",207,19.58,0,13.68,0
2685,"Beef, ground, lean, loaf, baked",233,25.93,0,14.36,0
2687,"Beef, ground, lean, broiled",250,25.93,0,15.41,0
2689,"Beef, ground, lean, patty, pan-fried",259,29.65,0,14.7,0
2690,"Beef, ground, medium, raw",226,18.9,0,16.1,0
2692,"Beef, ground, medium, baked",254,25.25,0,16.17,0
2694,"Beef, ground, medium, broiled",270,25.75,0,17.78,0
2696,"Beef, ground, medium, patty, pan-fried",278,29.83,0,16.73,0
2698,"Beef, ground, regular",317,28.8,0,21.47,0
27,"Cheese, cottage, uncreamed, dry curd (0.4% M.F.)",72,10.34,6.66,0.29,0
2700,"Beef, ground, regular, broiled",304,25.41,0,21.68,0
2702,"Beef, ground, regular, patty, pan-fried",297,29.03,0,19.18,0
2704,"Beef, ground, patty, frozen, broiled",296,23.05,0,21.83,0
2707,"Beef, cured, dried beef",153,31.1,2.76,1.94,0
2708,"Deli meat, beef, cured, jellied",111,19,0,3.3,0
2712,"Beef, brisket, lean and fat, 0mm (0"") trim, braised",291,26.79,0,19.52,0
2713,"Beef, brisket, lean, 0mm (0"") trim, braised",218,29.75,0,10.08,0
2786,"Beef, ground, regular, raw",293,16.55,0,24.7,0
2787,"Beef, kidneys, raw",99,17.4,0.29,3.09,0
2788,"Beef, liver, raw",135,20.36,3.89,3.63,0
2792,"Deli-meat, pastrami, beef, sliced",147,17.78,0.36,5.84,0
2797,"Beef, tongue, whole, canned or pickled",267,19.3,0.3,20.3,0
2798,"Beef, tongue, potted or deviled",290,18.6,0.7,23,0
2828,"Beef, cured, corned beef, outside and eye of round, cooked",103,16.9,1.48,2.75,0
283,"Babyfood, cereal, barley, with milk powder, dry",384,12.73,62.95,5.7,10.8
2835,"Alcohol, beer, light (4% alcohol by volume)",29,0.24,1.64,0,0
2837,"Alcohol, cocktail, daiquiri (rum), homemade",186,0.06,6.84,0.06,0.1
2838,"Alcohol, cocktail, pina colada (rum), homemade",174,0.42,22.36,1.88,0.3
2841,"Alcohol, cocktail, whisky sour mix, powder",383,0.6,97.3,0.1,0
2842,"Alcohol, cocktail, whisky sour mix, bottled",87,0.1,21.4,0.1,0
2843,"Alcohol, liqueur, crème de menthe (36% alcohol by volume)",371,0,41.6,0.3,0
2844,"Alcohol, whisky (40% alcohol by volume)",231,0,0,0,0
2845,"Alcohol, rum  (40% alcohol by volume)",231,0,0,0,0
2846,"Alcohol, vodka (40% alcohol by volume)",231,0,0,0,0
2847,"Alcohol, whisky (43% alcohol by volume)",250,0,0.1,0,0
2848,"Alcohol, dessert wine, sweet (18.8% alcohol by volume)",160,0.2,13.69,0,0
2849,"Alcohol, table wine, all (11.5% alcohol by volume)",83,0.07,2.72,0,0
285,"Babyfood, cereal, mixed grain, dry",396,12.54,64.11,6.28,9.3
2850,"Alcohol, table wine, red (11.5% alcohol by volume)",85,0.07,2.61,0,0
2851,"Alcohol, table wine, rosé (11.5% alcohol by volume)",71,0.2,1.4,0,0
2852,"Alcohol, table wine, white (11.5% alcohol by volume)",82,0.07,2.6,0,0
2853,"Carbonated drinks, club soda",0,0,0,0,0
2854,"Carbonated drinks, cream soda",51,0,13.3,0,0
2855,"Carbonated drinks, ginger ale",34,0,8.77,0,0
2856,"Carbonated drinks, grape soda",43,0,11.2,0,0
2857,"Carbonated drinks, lemon-lime soda",40,0.05,10.14,0.02,0
2858,"Carbonated drinks, orange soda",48,0,12.3,0,0
2859,"Carbonated drinks, pepper type",41,0,10.4,0.1,0
286,"Babyfood, cereal, mixed grain, prepared with formula or breast milk",167,4.89,24.84,4.22,2.9
2860,"Carbonated drinks, tonic water (quinine)",34,0,8.8,0,0
2861,"Carbonated drinks, root beer",41,0,10.6,0,0
2862,"Beverage mix, carob flavour, powder",372,1.8,85.3,0.2,8
2863,"Beverage mix, carob flavour, powder, with whole milk",75,3.16,8.28,3.11,0.4
2864,"Beverage mix, chocolate flavour, powder",405,3.3,86.1,3.1,4.8
2865,"Beverage mix, chocolate flavour, powder, with whole milk",85,3.23,11.51,3.24,0.4
2866,"Chocolate syrup, thin type",279,2.1,62.5,1.13,2.6
2867,"Chocolate syrup, thin type, whole milk added",90,3.07,12.48,2.96,0.3
2868,"Juice, tomato clam cocktail, canned",48,0.6,10.55,0.2,0.4
2869,"Hot chocolate, mix, powder",398,6.67,80.03,4,3.7
287,"Babyfood, cereal, mixed grain, with milk powder and fruit, dry",395,14.98,61.77,7.7,8.5
2871,"Hot chocolate, mix, powder, prepared with water",55,0.92,11.04,0.55,0.5
2873,"Coffee, brewed, prepared with tap water",0,0.12,0,0.02,0
2874,"Coffee, instant, regular, powder",353,12.2,75.4,0.5,0
2875,"Coffee, instant, regular, powder, water added",2,0.1,0.34,0,0
2876,"Coffee, instant, decaffeinated, powder",351,11.6,76,0.2,0
2877,"Coffee, instant, decaffeinated, powder, water added",2,0.12,0.43,0,0
2878,"Coffee, instant with chicory, powder",355,9.3,78.4,0.2,0.5
2879,"Coffee, instant with chicory, powder, water added",3,0.09,0.75,0,0
2880,"Coffee, instant, with sugar, mocha flavour, powder",460,5.29,72.14,15.87,1.9
2881,"Coffee, instant, with sugar, cappucino flavour, powder",406,3.1,84.74,5.56,1.2
2882,"Coffee, instant, with sugar, French flavour, powder",485,4.5,65.67,22.63,0
2883,"Coffee substitute, cereal grain beverage, powder",361,6.01,55.12,2.52,23.3
2884,"Coffee substitute, cereal grain beverage, powder, water added",6,0.1,0.9,0.04,0.4
2885,"Juice drink, cranberry and apricot, bottled",64,0.2,16.1,0,0.1
2888,"Juice drink, citrus fruit, frozen concentrate",162,1.2,40,0.1,0.2
2889,"Juice drink, citrus fruit,  frozen concentrate, water added",46,0.34,11.32,0.03,0.1
2892,"Lemonade, white, frozen concentrate",196,0.22,49.59,0.7,0.3
2893,"Lemonade, white, frozen concentrate, water added",40,0.07,10.42,0.04,0
2894,"Limeade, frozen concentrate",247,0,62.32,0,0
2895,"Limeade, frozen concentrate, water added",52,0,13.79,0,0
2896,"Malted milk, natural flavour, enriched powder",383,8.8,80.6,2.8,0.6
2898,"Malted milk, natural flavour, powder",428,14.29,71.11,9.52,0.1
2899,"Malted milk, natural flavour, powder, with whole milk",88,3.86,10.13,3.62,0.1
2900,"Malted milk, chocolate flavour, enriched powder",358,4.9,84.4,3.4,
2902,"Malted milk, chocolate flavour, powder",411,5.1,82.14,4.76,4.8
2903,"Malted milk, chocolate flavour, powder, milk whole  milk",85,3.37,10.7,3.29,0.5
2904,"Juice drink, orange and apricot, canned",51,0.3,12.6,0.1,0.1
2906,"Milk shake (fast food), vanilla",148,3.37,18.69,6.52,0.9
2907,"Strawberry flavour mix, powder",389,0.1,99.1,0.2,0
2908,"Strawberry flavour mix, powder, with whole milk",88,3,12.3,3.1,0
2909,"Tea, brewed",1,0,0.3,0,0
291,"Babyfood, cereal, oat, dry",403,11.88,60.98,7.5,11.6
2910,"Tea, instant, unsweetened, powder",316,20.21,50.16,0,8.5
2911,"Tea, instant, unsweetened, powder, water added",1,0.06,0.17,0,0
2912,"Tea, instant, unsweetened, lemon flavour, powder",346,7.4,73.52,0.18,5
2914,"Tea, instant, sweetened, lemon flavour, powder",401,0.12,97.85,0.73,0.7
2915,"Tea, instant, sweetened, lemon flavour, powder, water added",35,0.01,8.51,0.06,0.1
2916,"Tea, brewed, herb",1,0,0.2,0,0
2918,"Water, mineral, carbonated, bottled",0,0,0,0,0
2919,"Water, mineral, ""POLAND SPRINGS"", bottled",0,0,0,0,0
2920,"Carbonated drinks, cola, fast-food cola",37,0.07,9.56,0.02,0
2921,"Juice drink, fruit punch, frozen concentrate",175,0.3,42.9,0.7,0.2
2922,"Juice drink, fruit punch, frozen concentrate, water added",42,0.07,11.4,0.17,0
2924,"Alcohol, liqueur, coffee (26.5% alcohol by volume)",336,0.1,46.8,0.3,0
2925,"Alcohol, liqueur, coffee and cream (17% alcohol by volume)",327,2.8,20.9,15.7,0
2926,"Carbonated drinks, cola with aspartame",2,0.11,0.29,0.03,0
2928,"Coffee, instant, sweetened, cappucino flavour, powder, water added",32,0.2,5.6,1.1,0
2929,"Coffee, instant, sweetened, French flavour, powder, water added",30,0.3,3.5,1.8,0
293,"Babyfood, cereal, rice, with milk powder and fruit, dry",404,12.86,68.33,9.75,3.5
2930,"Coffee, instant, sweetened, mocha flavour, powder, water added",27,0.3,4.4,1,0.1
2931,"Coffee substitute, cereal grain beverage, powder, with whole milk",65,3.3,5.5,3.3,0.1
2932,"Milk shake (fast food), strawberry",113,3.4,18.5,2.8,0.4
2933,"Water, municipal",0,0,0,0,0
2934,"Alcohol, whisky (47% alcohol by volume)",275,0,0,0,0
2935,"Alcohol, whisky (50% alcohol by volume)",295,0,0,0,0
2936,"Alcohol, liqueur, coffee (31.5% alcohol by volume)",308,0.1,32.2,0.3,0
2937,"Alcohol, dessert wine, dry (18.8% alcohol by volume)",153,0.2,11.67,0,0
2938,"Carbonated drinks, non cola with aspartame",0,0,0.1,0,0
2939,"Lemonade, pink, frozen concentrate",192,0.22,48.56,0.69,0.3
2940,"Lemonade, pink, frozen concentrate, water added",43,0.05,10.71,0.15,0.1
2941,"Tea, brewed with distilled water",1,0,0.3,0,0
2942,"Tea, brewed, chamomile",1,0,0.2,0,0
2943,"Alcohol, beer, regular, (5% alcohol by volume)",43,0.46,3.55,0,0
2948,"Alcohol, cocktail, whisky sour mix, powder, water and whisky added",164,0.1,15.85,0.02,0
2949,"Alcohol, cocktail, whisky sour mix, bottled, whisky added",153,0.06,12.82,0.06,0
2951,"Alcohol, cocktail, scotch and soda",84,0,0,0,0
2952,"Alcohol, gin (40% alcohol by volume)",263,0,0,0,0
2953,"Hot chocolate, with aspartame, mix, powder",377,15.49,64.43,3,7.5
2954,"Juice drink, cranberry-apple, vitamin C added, bottled",63,0,15.85,0.11,0
2955,"Juice drink, cranberry-grape, vitamin C added, bottled",56,0.2,13.9,0.1,0.1
2956,"Juice, cocktail, cranberry, vitamin C added, bottled",54,0,13.52,0.1,0
2957,"Drink, fruit punch flavour, vitamin C added, powder",382,0,97.7,0.1,0
2958,"Drink, fruit punch flavour, vitamin C added, powder, water added",37,0,9.5,0.01,0
2959,"Drink, fruit punch, vitamin C added, ready-to-drink",48,0,11.97,0,0
2960,"Juice drink, grape, vitamin C added, canned",61,0,15.72,0,0
2961,"Drink, grape, vitamin C added, canned",57,0,14.45,0,0.1
2962,"Lemonade with artificial sweetener, powder",332,3.6,83.6,0.3,0.1
2963,"Lemonade with artificial sweetener, powder, water added",3,0,0.68,0,0
2964,"Drink, lemonade flavour, vitamin C added, powder",389,0.1,94.44,0,0
2965,"Drink, lemonade flavour, vitamin C added, powder, water added",27,0,6.9,0.07,0
2966,"Malt beverage, includes non-alcoholic beer (<0.5% alcohol by volume)",37,0.21,8.05,0.12,0
2967,"Drink, orange, vitamin C added, canned",49,0,12.34,0.07,0
2968,"Juice drink, pineapple and grapefruit, vitamin C added, canned",47,0.2,11.5,0.1,0.1
2969,"Juice drink, pineapple and orange, vitamin C added, canned",50,1.3,11.7,0,0.1
2970,"Hot chocolate, with aspartame, mix, powder, prepared with water",29,1.21,5.01,0.23,0.6
2971,"Drink, orange flavour, vitamin C added, powder",386,0,98.54,0,0.4
2972,"Drink, orange flavour, vitamin C added, powder, water added",49,0,12.55,0,0.1
2973,"Drink, orange, with pulp, vitamin C added, frozen concentrate",172,0.1,42.7,0.5,0.2
2974,"Drink, orange, vitamin C added, frozen concentrate, water added",49,0.03,12.21,0.14,0
2975,"Juice, cocktail, cranberry, vitamin C added, frozen concentrate",201,0.05,51.25,0,0.2
2976,"Juice, cocktail, cranberry, vitamin C added, frozen concentrate, water added",47,0,11.81,0,0
2977,"Alcohol, whisky (45% alcohol by volume)",250,0,0.1,0,0
2978,"Alcohol, wine cooler",50,0.11,5.95,0.02,0
2979,"Instant breakfast, powder",376,22.4,67.6,1.8,
2980,"Drink, fruit punch flavour, powder",382,0,97.7,0.1,0
2981,"Drink, fruit punch flavour, powder, water added",37,0,9.5,0.01,0
2982,"Drink, lemonade flavour, powder",380,0,97.9,1.01,0
2983,"Drink, lemonade flavour, powder, water added",37,0,9.72,0.07,0
2985,"Fish, anchovy, european, canned with olive oil, drained solids",210,28.89,0,9.71,0
2989,"Fish, burbot (loche), native, raw",79,17.5,0,0.65,0
2992,"Fish, carp, baked or broiled",162,22.86,0,7.17,0
2993,"Fish, catfish, channel (bullhead), wild, raw",95,16.38,0,2.82,0
2994,"Fish, catfish, channel (bullhead), wild, breaded and fried",229,18.09,7.34,13.33,0.7
2996,"Fish, cisco (lake herring, tullibee), native, raw",108,18,0,4,0
2997,"Fish, cisco (lake herring, tullibee), native, smoked",177,16.36,0,11.9,0
2998,"Fish, cod (scrod), atlantic, canned, solids and liquid",105,22.76,0,0.86,0
2999,"Fish, cod (scrod), atlantic, dried and salted",290,62.82,0,2.37,0
3001,"Fish, croaker, atlantic, breaded and fried",221,18.2,7.14,12.67,0.4
3002,"Fish, dolphinfish (mahimahi), raw",85,18.5,0,0.7,0
3005,"Fish, eel, mixed species, baked or broiled",236,23.65,0,14.95,0
3007,"Fish, flatfish (flounder or sole or plaice), baked or broiled",86,15.24,0,2.37,0
3008,"Fish, gefiltefish, commercial, sweet recipe with broth",84,9.07,7.41,1.73,0
3010,"Fish, grouper, mixed species, baked or broiled",118,24.84,0,1.3,0
3011,"Fish, haddock (finnan haddie), smoked",116,25.23,0,0.96,0
3012,"Fish, halibut, Atlantic or Pacific, baked or broiled",111,22.54,0,1.61,0
3013,"Fish, halibut, Greenland (turbot), raw",186,14.37,0,13.84,0
3015,"Fish, herring, atlantic, baked or broiled",203,23.03,0,11.59,0
3022,"Fish, mackerel, atlantic, baked or broiled",262,23.85,0,17.81,0
3026,"Fish, mackerel, spanish (atlantic), raw",139,19.29,0,6.3,0
3027,"Fish, mackerel, spanish (atlantic), baked or broiled",158,23.59,0,6.32,0
3028,"Fish, milkfish (awa), raw",148,20.53,0,6.73,0
3030,"Fish, mullet, striped, baked or broiled",150,24.81,0,4.86,0
3032,"Fish, ocean perch (rosefish, redfish), atlantic, baked or broiled",96,18.51,0,1.87,0
3035,"Fish, perch, mixed species, baked or broiled",117,24.86,0,1.18,0
3036,"Fish, pike, northern, native, raw",88,19.5,0,0.8,0
3037,"Fish, pike, northern, native, cooked",95,21,0,0.7,0
3038,"Fish, pollock, atlantic (boston blue), raw",92,19.44,0,0.98,0
3040,"Fish, pollock (alaska), baked or broiled",111,23.48,0,1.18,0
3042,"Fish, pompano, florida, baked or broiled",211,23.69,0,12.14,0
3043,"Fish, rockfish, pacific ocean perch, mixed species, raw",90,18.36,0,1.34,0
3044,"Fish, rockfish, pacific ocean perch, mixed species, baked or broiled",109,22.23,0,1.62,0
3046,"Fish, orange roughy, raw",77,16.41,0,0.7,0
3047,"Fish, sablefish (black cod), raw",195,13.41,0,15.3,0
3048,"Fish, sablefish (black cod), smoked",257,17.65,0,20.14,0
3050,"Fish, salmon, chinook (spring), smoked",117,18.28,0,4.32,0
3051,"Fish, salmon, chinook (spring), raw",179,19.93,0,10.43,0
3052,"Fish, salmon, sockeye (red), raw",142,21.31,0,5.61,0
3053,"Fish, salmon, sockeye (red), baked or broiled",169,25.4,0,6.69,0
3054,"Fish, sardine, pacific, canned in tomato sauce, drained with bones",185,20.86,0.44,10.45,0.1
3055,"Fish, scup (porgy), raw",105,18.88,0,2.73,0
3057,"Fish, sea bass, mixed species, baked or broiled",124,23.63,0,2.56,0
3058,"Fish, seatrout (weakfish), mixed species, raw",104,16.74,0,3.61,0
3060,"Fish, shark (dogfish), mixed species, raw",130,20.98,0,4.51,0
3061,"Fish, shark (dogfish), mixed species, battered and fried",228,18.62,6.39,13.82,0
3063,"Fish, sheepshead, baked or broiled",126,26.02,0,1.63,0
3064,"Fish, smelt, rainbow (american, capelin), raw",97,17.63,0,2.42,0
3065,"Fish, smelt, rainbow (american, capelin), baked or broiled",124,22.6,0,3.1,0
3067,"Fish, snapper, mixed species, baked or broiled",128,26.3,0,1.72,0
3070,"Fish, sturgeon, mixed species, baked or broiled",135,20.7,0,5.18,0
3072,"Fish, mullet (sucker), white, raw",92,16.76,0,2.32,0
3076,"Fish, swordfish, baked or broiled",172,23.45,0,7.93,0
3078,"Fish, tilefish, baked or broiled",147,24.49,0,4.69,0
3079,"Fish, tuna, bluefin, fresh, raw",144,23.33,0,4.9,0
3080,"Fish, tuna, bluefin, fresh, baked or broiled",184,29.91,0,6.28,0
3081,"Fish, tuna, light, canned in water, drained, salted",86,19.44,0,0.96,0
3082,"Fish, tuna, skipjack (aku), fresh, raw",103,22,0,1.01,0
3083,"Fish, tuna, white, canned with oil, drained, salted",186,26.53,0,8.08,0
3084,"Fish, tuna, white, canned with water, drained, salted",128,23.62,0,2.97,0
3085,"Fish, tuna, yellowfin, fresh, raw",109,24.4,0,0.49,0
3086,Tuna salad,187,16.04,9.41,9.26,0
3088,"Fish, whitefish, lake, mixed species, native, smoked",108,23.4,0,0.93,0
3089,"Fish, hake (whiting), mixed species, raw",90,18.31,0,1.31,0
3090,"Fish, hake (whiting), mixed species, baked or broiled",115,23.48,0,1.69,0
3091,"Fish, catfish (wolffish), atlantic, raw",96,17.5,0,2.39,0
3094,"Crustaceans, crab, alaska king, boiled or steamed",97,19.35,0,1.54,0
3095,"Crustaceans, crab, alaska king, imitation (seafood surimi)",95,7.62,14.5,0.46,0.5
3097,"Crustaceans, crab, blue, boiled or steamed",83,17.88,0,0.74,0
3098,"Crustaceans, crab, blue, canned, drained",83,17.88,0,0.74,0
3099,"Crustaceans, crab, blue, crab cakes, homemade",155,20.21,0.48,7.52,0
3101,"Crustaceans, crab, atlantic snow crab (spider, queen), raw",90,18.5,0,1.18,0
3103,"Crustaceans, crayfish, mixed species, wild, boiled or steamed",82,16.77,0,1.2,0
3104,"Crustaceans, shrimp, mixed species, breaded and fried",242,21.39,11.07,12.28,0.4
3105,"Crustaceans, shrimp, imitation (surimi)",101,12.39,9.13,1.47,0
3106,"Crustaceans, spiny lobster (crawfish, rock lobster), mixed species, raw",112,20.6,2.43,1.51,0
3108,"Mollusks, abalone, mixed species, flour coated, fried",189,19.63,11.05,6.78,0
3110,"Mollusks, clam, mixed species, breaded and fried",202,14.24,10.03,11.15,0.3
3111,"Mollusks, clam, mixed species, boiled or steamed",148,25.55,5.13,1.95,0
3116,"Mollusks, mussel, blue, boiled or steamed",172,23.8,7.39,4.48,0
3118,"Mollusks, oyster, eastern (blue point), wild, raw",51,5.71,2.72,1.71,0
3119,"Mollusks, oyster, eastern (blue point), wild, breaded and fried",199,8.77,11.62,12.58,0
3120,"Mollusks, oyster, eastern (blue point), wild, boiled or steamed",102,11.42,5.45,3.42,0
3121,"Mollusks, oyster, eastern (blue point), wild, canned, solids and liquid",68,7.06,3.91,2.47,0
3123,"Mollusks, scallop, mixed species, breaded and fried",216,18.07,10.13,10.94,0
3124,"Mollusks, scallop, mixed species, imitation (surimi)",99,12.77,10.62,0.41,0
3125,"Mollusks, squid (calamari), mixed species, raw",92,15.58,3.08,1.38,0
3126,"Mollusks, squid (calamari), mixed species, flour coated, fried",175,17.94,7.79,7.48,0
3128,"Mollusks, whelk, unspecified, boiled or steamed",275,47.68,15.52,0.8,0
3129,"Fish, salmon, chinook (spring), smoked, lox",117,18.28,0,4.32,0
3130,"Fish, salmon, chum (keta), canned, drained solids with bone, unsalted",141,21.43,0,5.5,0
3131,"Fish, tuna, light, canned in water, drained, unsalted",116,25.51,0,0.82,0
3132,"Fish, tuna, white, canned with oil, drained, unsalted",186,26.53,0,8.08,0
3133,"Fish, tuna, white, canned with water, drained, unsalted",128,23.62,0,2.97,0
3134,"Fish, bass, fresh water, mixed species, baked or broiled",146,24.18,0,4.73,0
3135,"Fish, bass, striped, baked or broiled",124,22.73,0,2.99,0
3136,"Fish, bluefish, baked or broiled",159,25.69,0,5.44,0
3137,"Fish, burbot (loche), native, baked or broiled",102,22,0,1,0
3138,"Fish, butterfish, baked or broiled",187,22.15,0,10.28,0
3139,"Fish, cod (gray cod), pacific, baked or broiled",85,18.73,0,0.5,0
3140,"Fish, cusk, baked or broiled",112,24.35,0,0.88,0
3141,"Fish, dolphinfish (mahimahi), baked or broiled",109,23.72,0,0.9,0
3142,"Fish, drum, freshwater, baked or broiled",153,22.49,0,6.32,0
3143,"Fish, halibut, Greenland (turbot), baked or broiled",239,18.42,0,17.74,0
3144,"Fish, herring, pacific, baked or broiled",250,21.01,0,17.79,0
3145,"Fish, ling, baked or broiled",111,24.35,0,0.82,0
3146,"Fish, lingcod, baked or broiled",109,22.64,0,1.36,0
3147,"Fish, mackerel, king, baked or broiled",134,26,0,2.56,0
3148,"Fish, mackerel, pacific and jack, mixed species, baked or broiled",201,25.73,0,10.12,0
3149,"Fish, milkfish (awa), baked or broiled",190,26.32,0,8.63,0
3150,"Fish, monkfish (goosefish, anglerfish), baked or broiled",97,18.56,0,1.95,0
3151,"Fish, pickerel, walleye-pickerel (yellow pike), baked or broiled",119,24.54,0,1.56,0
3152,"Fish, pollock, atlantic (boston blue), baked or broiled",118,24.92,0,1.26,0
3153,"Fish, pout, ocean, baked or broiled",102,21.33,0,1.17,0
3154,"Fish, roe, mixed species, baked or broiled",204,28.62,1.92,8.23,0
3155,"Fish, sablefish (black cod), baked or broiled",250,17.19,0,19.62,0
3156,"Fish, salmon, atlantic, wild, baked or broiled",182,25.44,0,8.13,0
3157,"Fish, salmon, chinook (spring), baked or broiled",231,25.72,0,13.38,0
3158,"Fish, salmon, chum (keta), baked or broiled",154,25.82,0,4.83,0
3159,"Fish, salmon, pink (humpback), baked or broiled",153,24.58,0,5.28,0
3160,"Fish, scup (porgy), baked or broiled",135,24.21,0,3.5,0
3161,"Fish, seatrout (weakfish), mixed species, baked or broiled",133,21.46,0,4.63,0
3162,"Fish, shad, American, baked or broiled",252,21.71,0,17.65,0
3163,"Fish, spot, baked or broiled",158,23.73,0,6.28,0
3164,"Fish, mullet (sucker), white, baked or broiled",119,21.49,0,2.97,0
3165,"Fish, sunfish, pumpkin seed, baked or broiled",114,24.87,0,0.9,0
3166,"Fish, tuna, skipjack (aku), baked or broiled",132,28.21,0,1.29,0
3167,"Fish, tuna, yellowfin, baked or broiled",130,29.15,0,0.59,0
3168,"Fish, turbot, european, baked or broiled",122,20.58,0,3.78,0
3169,"Fish, whitefish, lake, native, baked",133,22.5,0,4.3,0
3170,"Fish, catfish (wolffish), atlantic, baked or broiled",123,22.44,0,3.06,0
3171,"Fish, yellowtail, mixed species, baked or broiled",187,29.67,0,6.72,0
3172,"Crustaceans, crab, dungeness, boiled or steamed",110,22.32,0.95,1.24,0
3173,"Crustaceans, crab, atlantic snow crab (spider, queen), boiled or steamed",115,23.72,0,1.51,0
3174,"Crusteceans, spiny lobster (crawfish, rock lobster), boiled or steamed",143,26.41,3.12,1.94,0
3175,"Mollusks, cuttlefish, mixed spsecies, boiled or steamed",158,32.48,1.64,1.4,0
3176,"Mollusks, octopus, common, boiled or steamed",164,29.82,4.4,2.08,0
3177,"Mollusks, oyster, pacific, boiled or steamed",163,18.9,9.9,4.6,0
3178,"Fish, orange roughy, baked or broiled",105,22.64,0,0.9,0
3179,"Fish, catfish, channel (bullhead), wild, baked or broiled",105,18.47,0,2.85,0
3180,"Fish, catfish, channel (bullhead), farmed, raw",119,15.23,0,5.94,0
3181,"Fish, catfish, channel (bullhead), farmed, baked or broiled",144,18.44,0,7.19,0
3183,"Fish, salmon, atlantic, farmed, baked or broiled",206,22.1,0,12.35,0
3185,"Fish, salmon, coho, farmed, baked or broiled",178,24.3,0,8.23,0
3187,"Fish, trout, rainbow, farmed, baked or broiled",168,23.8,0,7.38,0
3189,"Crusteceans, crayfish, mixed species, farmed, boiled or steamed",87,17.52,0,1.3,0
3190,"Mollusks, oyster, eastern (blue point), wild, baked or broiled",79,8.87,4.23,2.65,0
3191,"Mollusks, oyster, eastern (blue point), farmed, raw",59,5.22,5.53,1.55,0
3192,"Mollusks, oyster, eastern (blue point), farmed, baked or broiled",79,7,7.28,2.12,0
3193,"Fish, salmon, coho, wild, baked or broiled",139,23.45,0,4.3,0
3194,"Fish, cod (scrod), atlantic, raw",82,17.81,0,0.67,0
3195,"Fish, cod (scrod), atlantic, baked or broiled",105,22.83,0,0.86,0
3196,"Fish, cod (gray cod), pacific, raw",69,15.27,0,0.41,0
3200,"Fish, halibut, Atlantic or Pacific, raw",91,18.56,0,1.33,0
3201,"Fish, monkfish (goosefish, anglerfish), raw",76,14.48,0,1.52,0
3202,"Fish, pickerel, walleye-pickerel (yellow pike), raw",93,19.14,0,1.22,0
3206,"Fish, trout, rainbow, wild, baked or broiled",150,22.92,0,5.82,0
3207,"Fish, tuna, light, canned in oil, drained, salted",198,29.13,0,8.21,0
3208,"Fish, whitefish, lake, native, raw",114,19,0,3.8,0
3209,"Crustaceans, lobster, american (northern), raw",77,16.52,0,0.75,0
3210,"Crustaceans, lobster, american (northern), boiled or steamed",89,19,0,0.86,0
3211,"Crustaceans, shrimp, mixed species, raw",71,13.61,0.91,1.01,0
3212,"Crustaceans, shrimp, mixed species, boiled or steamed",119,22.78,1.52,1.7,0
3214,"Fish, tuna, light, canned in oil, drained, unsalted",198,29.13,0,8.21,0
3215,"Fish, trout, mixed species, baked or broiled",190,26.63,0,8.47,0
3216,"Fish, flatfish (flounder or sole or plaice), raw",70,12.41,0,1.93,0
3217,"Fish, salmon, chum (keta), raw",120,23.1,0,3.7,0
3218,"Fish, salmon, chum (keta), canned, drained, solids with bone, salted",141,21.43,0,5.5,0
3220,"Fish, salmon, coho, wild, poached",184,23.5,0,3.5,0
3221,"Fish, salmon, pink (humpback), raw",127,20.5,0,6.7,0
3222,"Fish, salmon, pink (humpback), canned, solids with bone and liquid, salted",129,19.68,0,4.97,0
3223,"Fish, salmon, sockeye (red), canned, drained solids, salted",167,23.59,0,7.39,0
3225,"Fish, salmon, pink (humpback), canned, solids with bone and liquid, unsalted",139,19.78,0,6.05,0
3226,"Fish, salmon, sockeye (red), canned, drained solids with bone, unsalted",153,20.47,0,7.31,0
3227,"Fish, salmon, chum (keta), poached",113,22.3,0,2.6,0
3228,"Fish, salmon, pink (humpback), poached",144,24.1,0,5.3,0
3230,"Fish, arctic char, native, meat, raw",103,19.5,0,2.65,0
3231,"Fish, cod (scrod), atlantic, tongues and cheeks, raw",72,14.6,0,1.1,0
3232,"Fish, cod (scrod), atlantic, smoked",85,18,0,0.9,0
3233,"Fish, goldeye, raw",131,16.3,0,6.8,0
3234,"Fish, inconnu (connie, coney), raw",241,16.8,0,18.8,0
3235,"Fish, sauger (yellow walleye), raw",83,17.1,0,1.1,0
3237,"Crustaceans, crab, jonah, steamed",99,16.2,3.11,1.9,0
3238,"Crustaceans, crab, red, steamed",79,15.05,1.43,0.94,0
3239,"Crustaceans, crab, atlantic snow crab (spider, queen), canned, drained",71,14.6,0.42,0.81,0
3240,Clam fritter,311,11.9,29.7,14.9,1.2
3241,"Fish, eulachon, raw",118,14.6,0,6.2,0
3242,"Crustaceans, shrimp or lobster paste, canned",180,20.8,1.5,9.4,
3243,"Beans, adzuki, raw",329,19.87,50.2,0.53,12.7
3244,"Beans, adzuki, boiled",128,7.52,17.47,0.1,7.3
3245,"Beans, adzuki, canned, sweetened",237,3.8,55.01,0.03,
3246,"Beans, adzuki, yokan (bean jelly)",260,3.29,60.72,0.12,
3247,"Beans, baked, homemade",155,5.54,16.13,5.15,5.5
3250,"Beans, baked, canned, with wieners",143,6.75,8.49,6.57,6.9
3253,"Beans, black turtle, mature seeds, boiled",130,8.18,16.05,0.35,8.3
3254,"Beans, black turtle, mature seeds, canned, solids and liquid",91,6.03,9.65,0.29,6.9
3255,"Beans, cranberry (roman), raw",335,23.03,35.35,1.23,24.7
3256,"Beans, cranberry (roman), boiled",136,9.34,14.46,0.46,10
3258,"Beans, french, mature seeds, boiled",129,7.05,14.62,0.76,9.4
3259,"Beans, great northern, raw",339,21.86,42.17,1.14,20.2
3260,"Beans, great northern, boiled",118,8.33,14.09,0.45,7
3261,"Beans, great northern, canned, solids and liquid, no salt added",115,7.37,16.12,0.39,4.9
3264,"Beans, kidney, light red, boiled",124,9.13,13.11,0.09,9.3
3265,"Beans, kidney, dark red, canned, solids and liquid",81,5.22,10.53,0.36,4.3
3266,"Beans, navy, canned, solids and liquid",113,7.53,15.35,0.43,5.1
3267,"Beans, pink, raw",343,20.96,51.49,1.13,12.7
3268,"Beans, pink, boiled",149,9.06,22.61,0.49,5.3
3269,"Beans, pinto, raw",347,21.42,47.05,1.23,15.5
3270,"Beans, pinto, boiled",143,9.01,17.22,0.65,9
3271,"Beans, pinto, canned, solids and liquid",82,4.6,10.58,0.56,4.6
3272,"Beans, small white, raw",336,21.11,37.35,1.18,24.9
3273,"Beans, small white, boiled",142,8.97,15.41,0.64,10.4
3274,"Beans, yellow, raw",345,22,35.6,2.6,25.1
3275,"Beans, yellow, boiled",144,9.16,14.87,1.08,10.4
3276,"Beans, white, canned, solids and liquid, no salt added",114,7.26,16.4,0.29,4.8
3277,"Broadbeans (fava beans), canned, solids and liquid",71,5.47,8.71,0.22,3.7
3278,"Carob (St. John's bread), flour",222,4.62,49.08,0.65,39.8
3279,"Chickpeas (garbanzo beans, bengal gram), canned, solids and liquid",88,4.92,9.09,1.95,4.4
3280,"Black-eyed peas (cowpeas), catjang, raw",343,23.85,48.94,2.07,10.7
3281,"Black-eyed peas (cowpeas), catjang, boiled",117,8.13,16.72,0.71,3.6
3282,"Black-eyed peas (cowpeas, crowder, southern), common, mature seeds, raw",336,23.52,49.43,1.26,10.6
3283,"Black-eyed peas (cowpeas, crowder, southern)), common, mature seeds, boiled",116,7.73,14.26,0.53,6.5
3284,"Black-eyed peas (cowpeas, crowder, southern), common, mature seeds, canned, plain, solids and liquid",77,4.74,10.33,0.55,3.3
3285,"Black-eyed peas (cowpeas, crowder, southern), common, mature seeds, canned with pork",83,2.74,13.23,1.6,3.3
3287,"Beans, hyacinth, boiled",117,8.14,20.69,0.58,
3288,"Beans, lima, dry, large, raw",338,21.46,44.38,0.69,19
3289,"Beans, lima, dry, large, boiled",115,7.8,13.88,0.38,7
3290,"Beans, lima, dry, large, canned, solids and liquid",79,4.93,10.11,0.17,4.8
3291,"Beans, lima, dry, baby, raw",335,20.62,42.23,0.93,20.6
3292,"Beans, lima, dry, baby, boiled",126,8.04,15.61,0.38,7.7
3293,"Lupins, raw",371,36.17,21.47,9.74,18.9
3294,"Lupins, boiled",119,15.57,7.08,2.92,2.8
3295,"Moth beans, raw",343,22.94,61.52,1.61,
3296,"Moth beans, boiled",117,7.81,20.96,0.55,
3297,"Beans, legumes, mung (green gram), raw",347,23.86,46.32,1.15,16.3
3298,"Beans, legumes, mung (green gram), boiled",105,7.02,11.55,0.38,7.6
3299,"Beans, mung, long rice (chinese noodles), dehydrated",352,0.16,85.59,0.06,0.5
3300,"Beans, mungo, raw",341,25.21,40.69,1.64,18.3
3301,"Beans, mungo, boiled",105,7.54,11.94,0.55,6.4
3302,"Peanuts, all types, dry-roasted, salted",587,24.35,12.86,49.66,8.4
3304,"Peanuts, Spanish, oil-roasted, salted",579,28.01,8.55,49.04,8.9
3306,"Peanuts, Valencia, oil-roasted, salted",589,27.04,7.4,51.24,8.9
3308,"Peanuts, Virginia, oil-roasted, salted",578,25.87,10.96,48.62,8.9
3309,"Peanut butter, chunk type, fat, sugar and salt added",589,24.06,13.57,49.94,8
3310,"Peanut flour, defatted, salted",327,52.2,18.9,0.55,15.8
3312,"Peas, pigeon (red gram), raw",343,21.7,47.78,1.49,15
3313,"Peas, pigeon (red gram), boiled",121,6.76,16.55,0.38,6.7
3314,"Refried beans, canned",90,4.98,9.85,2.01,3.7
3315,"Meatless, bacon",310,10.68,3.72,29.52,2.6
3316,"Meatless, sausage",257,18.53,7.04,18.16,2.8
3317,"Soybean kernels, roasted, salted",472,35.22,15.85,25.4,17.7
3318,"Soybeans, dry, roasted",452,39.58,24.62,21.62,8.1
3319,"Soybean, fermented products, miso",199,11.69,21.07,6.01,5.4
3320,"Soybean, fermented products, natto",212,17.72,8.96,11,5.4
3321,"Soybean, fermented products, tempeh (tempe)",193,18.54,9.39,10.8,
3327,Soy protein concentrate (prepared with alcohol),331,58.13,25.41,0.46,5.5
3328,Soy protein isolate (prepared with sodium),338,80.69,1.76,3.39,5.6
3330,Soy sauce (made with hydrolyzed vegetable protein),60,7,7.34,0.51,0.5
3331,"Tofu, koyadofu, dried-frozen",480,47.94,7.36,30.34,7.2
3333,"Tofu, fuyu, salted and fermented (prepared with magnesium chloride)",116,8.15,5.15,8,
3334,"Beans, yardlong, mature seeds, raw",347,24.33,50.91,1.31,11
3335,"Beans, yardlong, mature seeds, boiled",118,8.29,17.29,0.45,3.8
3336,"Beans, winged (goa beans), dry, raw",409,29.65,15.81,16.32,25.9
3337,"Beans, winged (goa beans), dry, boiled",147,10.62,14.94,5.84,
3338,"Hummus, homemade",177,4.86,16.12,8.59,4
3339,"Falafel, homemade",333,13.31,24.04,17.8,7.8
3340,"Beans, adzuki, boiled, salted",128,7.52,17.47,0.1,7.3
3341,"Beans, black, mature seeds, boiled, salted",132,8.86,15.01,0.54,8.7
3342,"Beans, black turtle, mature seeds, boiled, salted",130,8.18,16.05,0.35,8.3
3343,"Beans, cranberry (roman), boiled, salted",136,9.34,14.46,0.46,10
3344,"Beans, french, mature seeds, boiled, salted",129,7.05,14.62,0.76,9.4
3345,"Beans, great northern, boiled, salted",118,8.33,14.09,0.45,7
3347,"Beans, kidney, light red, boiled, salted",124,9.13,13.11,0.09,9.3
3348,"Beans, pink, boiled, salted",149,9.06,22.61,0.49,5.3
3349,"Beans, pinto, boiled, salted",143,9.01,17.22,0.65,9
3350,"Beans, small white, boiled, salted",142,8.97,15.41,0.64,10.4
3351,"Beans, yellow, boiled, salted",144,9.16,14.87,1.08,10.4
3352,"Broadbeans (fava beans), dry, boiled, with salt",110,7.6,14.25,0.4,5.4
3353,"Black-eyed peas (cowpeas), catjang, boiled, salted",117,8.13,16.72,0.71,3.6
3354,"Black-eyed peas (cowpeas, crowder, southern), common, boiled, salted",116,7.73,14.26,0.53,6.5
3355,"Beans, hyacinth, boiled, salted",117,8.14,20.7,0.58,
3356,"Beans, lima, dry, large, boiled, salted",115,7.8,13.88,0.38,7
3357,"Beans, lima, dry, baby, boiled, salted",126,8.04,15.61,0.38,7.7
3358,"Lupins, boiled, salted",116,15.57,6.49,2.92,2.8
3359,"Moth beans, boiled, salted",117,7.81,20.96,0.55,
3360,"Beans, legumes, mung (green gram), boiled, salted",105,7.02,11.55,0.38,7.6
3361,"Beans, mungo, boiled, salted",105,7.54,11.94,0.55,6.4
3362,"Peanuts, all types, dry roasted",587,24.35,12.86,49.66,8.4
3363,"Peanuts, Spanish, oil-roasted",579,28.01,8.55,49.04,8.9
3364,"Peanuts, Valencia, oil-roasted",589,27.04,7.4,51.24,8.9
3365,"Peanuts, Virginia, oil-roasted",578,25.87,10.96,48.62,8.9
3366,"Peanut butter, chunk type, fat and sugar added",589,24.06,13.57,49.94,8
3367,"Peas, pigeon (red gram), boiled, salted",121,6.76,16.55,0.38,6.7
3368,Soy protein concentrate (prepared with acid and water wash),331,58.13,25.41,0.46,5.5
3369,Soy protein isolate (prepared with potassium),326,80.69,4.62,0.53,5.6
3370,"Tofu, koyadofu, dried-frozen (prepared with calcium sulphate)",473,47.94,11.59,30.34,1.2
3371,"Tofu, fuyu, salted and fermented (with calcium sulphate)",116,8.15,5.15,8,
3372,"Beans, yardlong, mature seeds, boiled, salted",118,8.29,17.29,0.45,3.8
3373,"Beans, winged (goa beans), dry, boiled, with salt",147,10.62,14.94,5.84,
3377,"Beans, black, mature seeds, boiled",132,8.86,16.71,0.54,7
3378,"Beans, cranberry, canned, with solids and liquid",83,5.54,8.82,0.28,6.3
3379,"Beans, kidney, all types, canned, solids and liquid",84,5.22,10.2,0.6,4.3
3380,"Beans, kidney, light red, raw",330,24.37,34.9,0.25,24.9
3381,"Beans, kidney, dark red, raw",337,22.53,46.59,1.06,14.7
3382,"Beans, kidney, dark red, boiled",127,8.67,16.2,0.5,6.6
3383,"Beans, navy, raw",337,22.33,44.25,1.5,16.5
3384,"Beans, navy, boiled",140,8.23,19.25,0.62,6.8
3385,"Beans, white, raw",333,23.36,45.37,0.85,14.9
3386,"Beans, white, boiled",139,9.73,18.19,0.35,6.9
3387,"Broadbeans (fava beans), dry, raw",341,26.12,43.39,1.53,14.9
3388,"Broadbeans (fava beans), dry, boiled",110,7.6,13.45,0.4,6.2
3389,"Chickpeas (garbanzo beans, bengal gram), raw",378,20.47,52.95,6.04,10
3390,"Chickpeas (garbanzo beans, bengal gram), boiled",164,8.86,22.82,2.59,4.6
3393,"Lentils, boiled",116,9.02,15.83,0.38,4.3
3394,"Peas, split, raw",352,23.82,56.84,1.16,6.9
3395,"Peas, split, boiled",118,8.34,18.2,0.39,2.9
3397,"Peanuts, all types, boiled, salted",318,13.5,15.96,22.01,5.3
3398,"Peanuts, all types, oil-roasted, salted",599,28.03,7.86,52.5,7.4
3399,"Peanut butter, smooth type, fat, sugar and salt added",598,22.21,16.71,51.36,5.6
3400,"Soybeans, dry, raw",446,36.49,15.06,19.94,15.1
3401,"Soybeans, dry, boiled",173,16.64,3.63,8.97,6.3
3403,"Soy sauce (made with soy and wheat), shoyu, regular",53,8.14,4.33,0.57,0.6
3404,"Tofu, regular, firm or extra firm, raw (prepared with calcium sulphate and magnesium chloride)",70,8.19,0.79,4.17,0.9
3407,"Beans, kidney, dark red, boiled, salted",127,8.67,16.2,0.5,6.6
3408,"Beans, navy, boiled, salted",140,8.23,19.75,0.62,6.3
3409,"Beans, white, boiled, salted",139,9.73,18.19,0.35,6.9
3410,"Chickpeas (garbanzo beans, bengal gram), boiled, salted",164,8.86,22.82,2.59,4.6
3411,"Lentils, boiled, salted",114,9.02,15.24,0.38,4.3
3412,"Peas, split, boiled, salted",116,8.34,17.61,0.39,2.9
3413,"Peanuts, all types, oil-roasted",599,28.03,7.86,52.5,7.4
3414,"Peanut butter, smooth type, fat and sugar added",589,22.21,16.71,51.36,5.6
3415,"Soybeans, dry, boiled, salted",173,16.64,3.63,8.97,6.3
3416,"Soy sauce (made with soy and wheat), shoyu, sodium reduced",57,9.05,4.99,0.3,0.6
3418,"Tofu, regular; medium firm or firm, raw (prepared with calcium sulphate)",76,8.08,1.58,4.78,0.3
3422,"Lamb, Canadian, composite cuts, lean, raw",134,21.64,0,3.24,0
3423,"Lamb, Canadian, composite cuts, lean, cooked",206,28.99,0,9.86,0
3424,"Lamb, Canadian, fat, raw",665,5.7,0,61.8,0
3425,"Lamb, Canadian, fat, cooked",608,5.99,0,64.93,0
3428,"Lamb, Canadian, foreshank, lean, raw",111,22.44,0,2.35,0
3429,"Lamb, Canadian, foreshank, lean, cooked",195,30.91,0,7.92,0
3432,"Lamb, Canadian, leg, whole, lean, raw",113,21.8,0,2.7,0
3433,"Lamb, Canadian, leg, whole, lean, cooked",200,29.77,0,8.96,0
3445,"Lamb, Canadian, loin, lean, raw",120,22.51,0,3.29,0
3446,"Lamb, Canadian, loin, lean, cooked",206,30.71,0,9.19,0
3451,"Lamb, Canadian, rib, lean, raw",129,22.3,0,4.38,0
3452,"Lamb, Canadian, rib, lean, cooked",234,31.25,0,12.13,0
3458,"Lamb, Canadian, shoulder, whole, lean, raw",118,20.81,0,3.71,0
3460,"Lamb, Canadian, shoulder, whole, lean, cooked",205,26.68,0,10.94,0
3478,"Lamb, cubed for stew or kabob, lean, raw",134,20.21,0,5.28,0
3479,"Lamb, cubed for stew or kabob, lean braised",223,33.69,0,8.8,0
3480,"Lamb, cubed for stew or kabob, lean, broiled",186,28.08,0,7.33,0
3481,"Lamb, New Zealand, composite cuts, lean and fat, 6mm (1/4"") trim, raw",277,16.74,0,22.74,0
3482,"Lamb, New Zealand, composite cuts, lean and fat, 6mm (1/4"") trim, cooked",305,24.42,0,22.26,0
3483,"Lamb, New Zealand, composite cuts, lean, raw",128,20.75,0,4.41,0
3484,"Lamb, New Zealand, composite cuts, lean, cooked",206,29.59,0,8.86,0
3485,"Lamb, New Zealand, composite cuts, fat, raw",640,6.92,0,67.63,0
3486,"Lamb, New Zealand, composite cuts, fat, cooked",586,9.72,0,60.39,0
3487,"Lamb, New Zealand, foreshank, lean and fat, 6mm (1/4"") trim, raw",183,20.09,0.09,11.38,0
3488,"Lamb, New Zealand, foreshank, lean and fat, 6mm (1/4"") trim, braised",256,30.35,0.03,14.99,0
3489,"Lamb, New Zealand, foreshank, lean, raw",122,22.05,0,3.77,0
3490,"Lamb, New Zealand, foreshank, lean, braised",209,33.31,0,8.4,0
3491,"Lamb, New Zealand, frozen, leg, chop / steak, lean and fat, raw",206,18.64,0.13,14.52,0
3492,"Lamb, New Zealand, frozen, leg, whole, lean and fat, braised",246,24.81,0,15.56,0
3493,"Lamb, New Zealand, leg, chop / steak, lean, raw",126,21.1,0,4.64,0
3494,"Lamb, New Zealand, frozen, leg, whole, lean, roasted",181,27.68,0,7.01,0
3495,"Lamb, New Zealand, frozen, loin chop, lean and fat, raw",298,15.4,0.22,26.19,0
3496,"Lamb, New Zealand, frozen, loin chop, lean and fat, broiled",315,23.43,0,23.88,0
3497,"Lamb, New Zealand, frozen, loin chop, lean, raw",142,19.98,0,6.88,0
3498,"Lamb, New Zealand, frozen, loin chop, lean, broiled",199,29.31,0,8.24,0
3499,"Lamb, New Zealand, rack - partly frenched, lean and fat, raw",240,18.12,0.13,18.52,0
35,"Cheese, mozzarella, (48% water, 25% M.F.)",319,21.6,2.47,24.64,0
3500,"Lamb, New Zealand, rack - partly frenched, lean and fat, fast roasted",253,22.06,0.04,18.29,0
3501,"Lamb, New Zealand, rib, lean, raw",160,20.65,0,8.61,0
3502,"Lamb, New Zealand, rib, lean, roasted",193,24.43,0,10.63,0
3503,"Lamb, New Zealand, shoulder, whole, lean and fat, 6mm (1/4"") trim, raw",272,16.16,0.24,22.89,0
3504,"Lamb, New Zealand, shoulder, whole, lean and fat, 6mm (1/4"") trim, braised",357,28.21,0,26.27,0
3505,"Lamb, New Zealand, shoulder, whole, lean, raw",154,19.72,0,8.3,0
3506,"Lamb, New Zealand, shoulder, whole, lean braised",285,34.06,0,15.5,0
3507,"Veal, composite cuts, lean and fat, raw",144,19.35,0,6.77,0
3508,"Veal, composite cuts, lean and fat, cooked",231,30.1,0,11.39,0
3509,"Veal, composite cuts, lean, raw",112,20.2,0,2.87,0
3510,"Veal, composite cuts, lean, cooked",196,31.9,0,6.58,0
3511,"Veal, composite cuts, fat, raw",638,6.02,0,67.83,0
3512,"Veal, composite cuts, fat, cooked",642,9.42,0,66.74,0
3513,"Veal, leg (round), lean and fat, raw",117,20.98,0,3.08,0
3514,"Veal, leg (round), lean and fat, braised",211,36.16,0,6.33,0
3515,"Veal, leg (round), lean and fat, pan-fried, breaded",238,27.29,9.61,9.18,0.3
3516,"Veal, leg (round), lean and fat, pan-fried, not breaded",211,31.75,0,8.35,0
3517,"Veal, leg (round), lean and fat, roasted",160,27.7,0,4.65,0
3518,"Veal, milk-fed, cutlets (inside top round), raw",94,20.72,0,0.59,0
3519,"Veal, leg (round), lean, braised",203,36.71,0,5.09,0
3520,"Veal, leg (round), lean, pan-fried, breaded",216,28.41,9.64,6.27,0.2
3521,"Veal, milk-fed, cutlets (inside top round), pan-fried",189,36.93,0,3.24,0
3522,"Veal, leg (round), lean, roasted",150,28.07,0,3.39,0
3523,"Veal, loin, lean and fat, raw",177,20.07,0.07,10.07,0
3524,"Veal, loin, lean and fat, braised",284,30.19,0,17.21,0
3525,"Veal, loin, lean and fat, roasted",217,24.8,0,12.32,0
3526,"Veal, loin, lean, raw",114,21.85,0,2.9,0
3527,"Veal, loin, lean, braised",226,33.57,0,9.15,0
3528,"Veal, loin, lean, roasted",175,26.32,0,6.94,0
3529,"Veal, milk-fed, rib chop, lean and fat, raw",237,16.87,0,18.22,0
3530,"Veal, rib, lean and fat, braised",251,32.43,0,12.53,0
3531,"Veal, rib, lean and fat, roasted",228,23.96,0,13.96,0
3532,"Veal, milk-fed, rib chop, lean, raw",113,20.36,0,2.85,0
3533,"Veal, rib, lean, braised",218,34.44,0,7.81,0
3534,"Veal, rib, lean, roasted",177,25.76,0,7.44,0
3535,"Veal, milk-fed, shoulder, whole, lean and fat, raw",115,19.52,0,3.57,0
3536,"Veal, shoulder, whole, lean and fat, braised",228,32.06,0,10.14,0
3537,"Veal, milk-fed, shoulder, whole, lean and fat, roasted",179,27.73,0,6.41,0
3538,"Veal, milk-fed, shoulder, whole, lean, raw",96,20.02,0,1.22,0
3539,"Veal, shoulder, whole, lean, braised",199,33.68,0,6.1,0
3540,"Veal, milk-fed, shoulder, whole, lean, roasted",154,28.93,0,3.05,0
3541,"Veal, shoulder, shank, lean and fat, raw",132,19.34,0,5.44,0
3542,"Veal, shoulder, shank, lean and fat, braised",236,33.63,0,10.24,0
3543,"Veal, shoulder, shank, lean and fat, roasted",183,25.46,0,8.25,0
3544,"Veal, shoulder, shank, lean, raw",105,20.04,0,2.16,0
3545,"Veal, shoulder, shank, lean, braised",201,35.73,0,5.33,0
3546,"Veal, shoulder, shank, lean, roasted",164,26.13,0,5.81,0
3547,"Veal, shoulder, blade, lean and fat, raw",148,18.72,0.03,7.61,0
3548,"Veal, shoulder, blade, lean and fat, braised",225,31.26,0,10.09,0
3549,"Veal, shoulder, blade, lean and fat, roasted",186,25.15,0,8.67,0
3550,"Veal, shoulder, blade, lean, raw",110,19.6,0,2.88,0
3551,"Veal, shoulder, blade, lean, braised",198,32.66,0,6.48,0
3552,"Veal, shoulder, blade, lean, roasted",171,25.64,0,6.88,0
3553,"Veal, sirloin, lean and fat, raw",152,19.07,0,7.81,0
3554,"Veal, sirloin, lean and fat, braised",252,31.26,0,13.14,0
3555,"Veal, sirloin, lean and fat, roasted",202,25.14,0,10.45,0
3556,"Veal, sirloin, lean, raw",110,20.2,0,2.59,0
3557,"Veal, sirloin, lean, braised",204,33.96,0,6.51,0
3558,"Veal, sirloin, lean, roasted",168,26.32,0,6.22,0
3559,"Veal, cubed for stew (leg and shoulder), lean, raw",109,20.27,0,2.5,0
3560,"Veal, cubed for stew (leg and shoulder), lean, braised",188,34.94,0,4.31,0
3562,"Veal, ground, broiled",172,24.38,0,7.56,0
3564,"Game meat, antelope, roasted",150,29.45,0,2.67,0
3565,"Game meat, native, bear, raw",128,22,0,4,0
3566,"Game meat, native, bear, simmered",259,32.42,0,13.39,0
3567,"Game meat, native, beaver, raw",123,19,0,5,0
3568,"Game meat, native, beaver, roasted",212,34.85,0,6.96,0
3569,"Game meat, beefalo, composite cuts, raw",143,23.3,0,4.8,0
3570,"Game meat, beefalo, composite cuts, roasted",188,30.66,0,6.32,0
3571,"Game meat, bison, raw",109,21.62,0,1.84,0
3572,"Game meat, bison, roasted",143,28.44,0,2.42,0
3574,"Game meat, boar, wild, roasted",160,28.3,0,4.38,0
3575,"Game meat, water buffalo, raw",99,20.39,0,1.37,0
3576,"Game meat, water buffalo, roasted",131,26.83,0,1.8,0
3577,"Game meat, native, caribou (reindeer), meat, raw",122,22.5,0,2.6,0
3578,"Game meat, native, caribou (reindeer), meat, cooked",163,32,0,3,0
3579,"Game meat, deer (venison), raw",120,22.96,0,2.42,0
3580,"Game meat, deer (venison), roasted",158,30.21,0,3.19,0
3582,"Game meat, elk, roasted",146,30.19,0,1.9,0
3584,"Game meat, goat, roasted",143,27.1,0,3.03,0
3586,"Game meat, horse, roasted",175,28.14,0,6.05,0
3587,"Game meat, native, moose, raw",124,22,0,3,0
3588,"Game meat, native, moose, roasted",134,35,0,1.3,0
3589,"Game meat, native, muskrat, raw",146,25,0,4,0
3590,"Game meat, muskrat, roasted",234,30.09,0,11.74,0
3591,"Game meat, opossum, roasted",221,30.2,0,10.2,0
3592,"Game meat, rabbit, domesticated, composite cuts, raw",136,20.05,0,5.55,0
3593,"Game meat, rabbit, domestic, composite cuts, roasted",197,29.06,0,8.05,0
3594,"Game meat, rabbit, domestic, composite cuts, stewed",206,30.38,0,8.41,0
3595,"Game meat, native, rabbit, wild, raw",64,21.5,0,1.05,0
3596,"Game meat, native, rabbit, wild, cooked",140,29,0,2.1,0
3597,"Game meat, raccoon, roasted",255,29.2,0,14.5,0
3599,"Game meat, squirrel, roasted",173,30.77,0,4.69,0
3600,"Lamb, brain, raw",122,10.4,0,8.58,0
3601,"Lamb, brain, braised",145,12.55,0,10.17,0
3602,"Lamb, brain, pan-fried",273,16.97,0,22.19,0
3603,"Veal, brain, raw",118,10.32,0,8.21,0
3604,"Veal, brain, braised",136,11.48,0,9.63,0
3605,"Veal, brain, pan-fried",213,14.48,0,16.75,0
3606,"Lamb, heart, raw",122,16.47,0.21,5.68,0
3607,"Lamb, heart, braised",185,24.97,1.93,7.91,0
3608,"Veal, heart, raw",110,17.18,0.08,3.98,0
3609,"Veal, heart, braised",186,29.12,0.13,6.75,0
3610,"Lamb, kidney, raw",97,15.74,0.82,2.95,0
3611,"Lamb, kidney, braised",137,23.65,0.99,3.62,0
3612,"Veal, kidney, raw",99,15.76,0.85,3.12,0
3613,"Veal, kidney, braised",163,26.32,0,5.66,0
3614,"Lamb, liver, raw",139,20.38,1.78,5.02,0
3615,"Lamb, liver, braised",220,30.57,2.53,8.81,0
3616,"Lamb, liver, pan-fried",238,25.53,3.78,12.65,0
3617,"Veal, liver, raw",140,19.93,2.91,4.85,0
3618,"Veal, liver, braised",192,28.42,3.77,6.26,0
3619,"Veal, liver, pan-fried",193,27.37,4.47,6.51,0
3620,"Lamb, lungs, raw",95,16.7,0,2.6,0
3621,"Lamb, lungs, braised",113,19.88,0,3.1,0
3622,"Veal, lungs, raw",90,16.3,0,2.3,0
3623,"Veal, lungs, braised",104,18.74,0,2.64,0
3624,"Lamb, mechanically separated, raw",276,14.97,0,23.54,0
3625,"Lamb, pancreas, raw",152,14.84,0,9.82,0
3626,"Lamb, pancreas, braised",234,22.83,0,15.12,0
3627,"Veal, pancreas, raw",182,15,0,13.1,0
3628,"Veal, pancreas, braised",256,29.1,0,14.6,0
3629,"Lamb, spleen, raw",101,17.2,0,3.1,0
3630,"Lamb, spleen, braised",156,26.46,0,4.77,0
3631,"Veal, spleen, raw",98,18.3,0,2.2,0
3632,"Veal, spleen, braised",129,24.08,0,2.89,0
3633,"Veal, thymus, raw",101,17.21,0,3.07,0
3634,"Veal, thymus, braised",125,22.67,0,3.11,0
3635,"Lamb, tongue, raw",222,15.7,0,17.17,0
3636,"Lamb, tongue, braised",275,21.57,0,20.28,0
3637,"Veal, tongue, raw",131,17.18,1.91,5.48,0
3638,"Veal, tongue, braised",202,25.85,0,10.1,0
3639,"Lamb, Canadian, ground, raw",204,17.06,0,14.12,0
3640,"Lamb, Canadian, ground, cooked",221,27.11,0,12.52,0
3641,"Game meat, native, caribou (reindeer), bone marrow, raw",782,6.9,0,83.4,0
3642,"Game meat, frog legs, raw",73,16.4,0,0.3,0
3643,"Game meat, frog legs, breaded and fried",252,17.4,17.7,11.7,0.3
3645,"Game meat, seal, harp, raw",113,23.8,0,1.3,0
3647,"Game meat, native, walrus, meat, raw",115,23.5,0,1.75,0
3648,"Game meat, whale, raw",110,26.5,0,0.5,0
3649,"Veal, grain-fed, cutlets (inside top round), raw",105,22.33,0,1.03,0
3650,"Veal, grain-fed, cutlets (inside top round), braised",196,38.28,0,3.58,0
3651,"Veal, grain-fed, cutlets (inside rop round), pan-fried",181,36.09,0,2.8,0
3652,"Veal, grain-fed, loin chop, lean and fat, raw",125,20.67,0,4.04,0
3653,"Veal, grain-fed, loin chop, lean and fat, braised",180,33.6,0,4.04,0
3654,"Veal, grain-fed, loin chop, lean, raw",105,21.49,0,1.5,0
3655,"Veal, grain-fed, loin chop, lean, braised",187,33.23,0,5,0
3656,"Veal, grain-fed, rib chop, lean and fat, raw",231,19.15,0,16.52,0
3657,"Veal, grain-fed, rib chop, lean and fat, broiled",267,24.51,0,17.97,0
3658,"Veal, grain-fed, rib chop, lean, raw",110,22.7,0,1.26,0
3659,"Veal, grain-fed, rib chop, lean, broiled",187,30.41,0,6.33,0
3660,"Veal, grain-fed, shoulder, whole, lean and fat, raw",132,21.47,0,4.43,0
3661,"Veal, grain-fed, shoulder, whole, lean and fat, roasted",189,30.28,0,6.35,0
3662,"Veal, grain-fed, shoulder, whole, lean, raw",111,22.13,0,1.8,0
3663,"Veal, grain-fed, shoulder, whole, lean, roasted",170,31.3,0,3.76,0
3664,"Veal, grain-fed, shoulder, shank, lean and fat, raw",104,20.35,0,1.94,0
3665,"Veal, grain-fed, shoulder, shank, lean and fat, braised",161,32.06,0,2.63,0
3666,"Veal, grain-fed, shoulder, shank, lean, raw",94,19.2,0,1.35,0
3667,"Veal, grain-fed, shoulder, shank, lean, braised",163,32.77,0,2.64,0
3671,"Bagel, plain (with onion, poppy seed and/or sesame seed)",264,10.56,50.78,1.32,1.6
3672,"Bagel, plain (with onion, poppy seed and/or sesame seed), toasted",289,11.14,54.51,1.72,2.6
3673,"Bagel, egg",278,10.6,50.7,2.1,2.3
3675,"Bagel, cinnamon-raisin",274,9.8,52.9,1.7,2.3
3676,"Bagel, cinnamon-raisin, toasted",294,10.6,56.8,1.8,2.5
3679,"Biscuit, plain/buttermilk, dry mix, unprepared",428,8,61.3,15.4,2.1
3681,"Biscuit, plain/buttermilk, refrigerated dough, lower fat",270,6.7,41.7,7.83,2
3682,"Biscuit, plain/buttermilk, refrigerated dough, lower fat, baked",299,7.8,53.5,5.2,1.9
3683,"Biscuit, plain/buttermilk, refrigerated dough, higher fat",307,6.66,45.62,10.58,0.7
3684,"Biscuit, plain/buttermilk, refrigerated dough, higher fat, baked",324,6.79,46.25,11.22,2.8
3685,"Biscuit, plain/buttermilk, homemade",353,7,43.1,16.3,1.5
3686,"Biscuit, multigrain, refrigerated dough",263,6.1,47.4,5.6,
3688,"Bread, banana, homemade, made with margarine",326,4.3,53.5,10.5,1.1
3691,"Bread, cornbread (also corn muffin mix), dry mix, unprepared",418,7,63,12.2,6.5
3693,"Bread, cornbread, homemade, made with 2% milk",266,6.7,41.5,7.1,2
3697,"Bread, French or Vienna, (also sourdough), toasted",319,13,58.83,2.14,3.1
3702,"Bread, multigrain, commercial",267,11.01,39.48,3.49,7.4
3708,"Bread, pita, white",275,9.1,53.5,1.2,2.2
3714,"Bread, white with raisins, commercial",295,7.52,51.74,4.06,4.4
3715,"Bread, white with raisins, commercial, toasted",320,8.15,56.04,4.4,4.8
3725,"Bread, rice bran, gluten free",243,8.9,38.6,4.6,4.9
3731,"Bread, wheat germ",261,9.6,46.2,2.9,2.1
3732,"Bread, white, commercial, toasted",288,10.08,50.58,2.93,3.7
3733,"Bread, white, homemade with nonfat dry milk",274,7.7,51.6,2.6,2
3735,"Bread, white, homemade with 2% milk",285,7.9,47.6,5.7,2
3737,"Bread, whole wheat, homemade (2/3 whole wheat flour)",278,8.4,45.4,5.4,6
3738,"Bread, whole wheat, homemade (2/3 whole wheat flour), toasted",305,9.2,49.7,5.9,6.7
3739,"Bread stick, plain",412,12,65.4,9.5,3
3742,"Bread stuffing, cornbread, dry mix, unprepared",389,10,62.4,4.2,14.3
3744,"Cake, angel food, commercial",258,5.9,56.3,0.8,1.5
3745,"Cake mix, angel food, dry, unprepared",366,6.4,85.63,0.27,0.5
3746,"Cake, angel food, dry mix, prepared",257,6.1,58.5,0.3,0.2
3748,"Cake, Boston cream pie, commercial",252,2.4,41.5,8.5,1.4
3750,"Cake mix, carrot, pudding-type, dry, unprepared",415,5.1,79.2,9.8,
3753,"Cake, cherry fudge with chocolate icing (frosting)",264,2.4,36.8,12.5,1.2
3754,"Cake, chocolate, commercial, with chocolate icing (frosting), in-store bakery",389,3.48,50.64,20.05,2.2
3755,"Cake mix, chocolate, pudding-type, dry, unprepared",391,4.6,77.86,8.14,2.3
3757,"Cake mix, chocolate (devil's food, fudge), regular, dry, unprepared",428,5.9,70.6,15.6,2.4
3759,"Cake, chocolate, homemade, without icing (frosting)",371,5.3,51.8,15.1,1.6
3760,"Cake, white, homemade, with coconut icing (frosting)",356,4.4,62.2,10.3,1
3761,"Coffee cake, cheese",339,7,43.3,15.2,1
3762,"Coffee cake, cinnamon with crumb topping, commercial",418,6.8,44.7,23.3,2
3763,"Coffee cake, fruit",311,5.2,49,10.2,2.5
3764,"Coffee cake mix, cinnamon with crumb topping, dry, unprepared",436,4.8,75.9,12,1.8
3765,"Coffee cake, cinnamon with crumb topping, dry mix, prepared",318,5.5,51.6,9.6,1.2
3767,"Cake, fruitcake, commercial",324,2.9,57.9,9.1,3.7
3769,"Cake mix, german chocolate, pudding-type mix, dry, unprepared",350,4.17,79.15,3.24,2.1
3771,"Cake mix, gingerbread, dry, unprepared",437,4.4,72.9,13.8,1.7
3773,"Cake, gingerbread, homemade",356,3.9,48.2,16.4,1
3774,"Cake mix, marble, pudding-type, dry, unprepared",416,3.4,76.6,11.7,2.9
3776,"Cake, pineapple upside-down, homemade",319,3.5,49.7,12.1,0.8
3777,"Cake, pound, commercial, made with butter (includes fresh and frozen)",353,5,53.04,13.96,0.6
3778,"Cake, pound, commercial, made with other than butter",389,5.2,51.5,17.9,1
3784,"Cake, snack cake, cream-filled, chocolate with icing (frosting)",399,3.63,57.11,15.93,3.2
3785,"Cake, snack cake, cream-filled, sponge",374,3.47,63.03,11.54,1
3786,"Cake, sponge, commercial",290,5.4,60.5,2.7,0.5
3787,"Cake, sponge, homemade",297,7.3,57.3,4.3,0.4
3788,"Cake, white, pudding-type, dry mix, unprepared",423,3.9,80.2,9.5,0.7
3790,"Cake, white, regular, dry mix, unprepared",372,4.12,80.24,3.69,1.1
3792,"Cake, white, homemade, without icing (frosting)",357,5.4,56.4,12.4,0.8
3793,"Cake, yellow, commercial, with chocolate icing (frosting), in-store bakery",379,3.16,53.86,17.75,1.5
3794,"Cake, yellow, commercial, with vanilla (white) icing (frosting)",391,2.99,55.9,17.91,0.3
3795,"Cake, yellow (plus streusel), pudding-type, dry mix, unprepared",423,4,79.3,9.8,0.7
3797,"Cake, yellow, regular, dry mix, unprepared",374,3.7,80.72,3.5,1.2
3799,"Cake, yellow, homemade, without icing (frosting)",361,5.3,52.3,14.6,0.7
3800,"Cheesecake, commercial",321,5.5,25.1,22.5,0.4
3801,"Cheesecake, prepared from mix, no bake type",274,5.5,33.6,12.7,1.9
3803,"Cookie, animal crackers (arrowroot, social tea)",446,6.9,71.8,13.8,2.3
3804,"Cookie, brownie, commercial",405,4.8,61.8,16.3,2.1
3805,"Cookie, brownie, regular, dry mix, unprepared",434,4,72.4,14.9,4.2
3807,"Cookie, brownie, homemade",466,6.2,48.1,29.1,2.1
3808,"Cookie, butter, commercial",467,6.1,68.1,18.8,0.8
3809,"Cookie, fudge, cake-type",349,5,75.5,3.7,2.8
3811,"Cookie, chocolate chip, commercial, regular, lower fat",451,5.97,64.49,17.91,3
3812,"Cookie, chocolate chip, commercial, regular, higher fat",492,5.1,63.36,24.72,2
3813,"Cookie, chocolate chip, soft type, commercial",444,3.63,63.95,19.77,1.8
3814,"Cookie, chocolate chip, dry mix, unprepared",497,4.6,66.1,25.2,
3816,"Cookie, chocolate chip, refrigerated dough",451,3.98,59.52,21.33,1.5
3818,"Cookie, chocolate chip, homemade, made with margarine",488,5.7,55.6,28.3,2.8
3819,"Cookie, chocolate sandwich, cream filling, regular",464,5.21,68.1,19.14,2.9
3820,"Cookie, chocolate sandwich, cream filling, chocolate-coated",481,3.6,61.2,26.4,5.2
3821,"Cookie, chocolate sandwich, extra cream filling",498,4.33,65.5,24.52,2.7
3822,"Cookie, coconut macaroon",460,3.02,56.12,22.55,5.1
3825,"Cookie, ginger snap",416,5.6,74.7,9.8,2.2
3826,"Cookie, graham cracker, plain or honey (includes cinnamon)",430,6.69,74.26,10.6,3.4
3827,"Cookie, graham cracker, chocolate-coated",500,4,64.58,25.8,2.2
3828,"Cookie, ladyfinger (with lemon juice and rind)",365,10.6,58.7,9.1,1
3829,"Cookie, marshmallow (includes pies), chocolate-coated",421,4,66.7,16.9,1
3831,"Cookie, oatmeal (with or without raisins), commercial",450,6.2,65.9,18.1,2.8
3832,"Cookie, oatmeal (with or without raisins), commercial, soft-type",409,6.1,63,14.7,2.7
3833,"Cookie, oatmeal (with or without raisins), dry mix, unprepared",462,6.5,64.5,19.2,2.8
3835,"Cookie, oatmeal (with or without raisins), refrigerated dough",424,5.4,56.6,18.9,2.5
3837,"Cookie, oatmeal, homemade, with raisins",435,6.5,65.8,16.2,2.6
3838,"Cookie, peanut butter, commercial",473,8.92,56.05,23.82,2.1
3839,"Cookie, peanut butter, commercial, soft-type",457,5.3,56,24.4,1.7
3840,"Cookie, peanut butter, refrigerated dough",458,8.2,51,25,1.1
3842,"Cookie, peanut butter, homemade, with margarine",475,9,55.2,23.8,3.7
3844,"Cookie, raisin, soft-type",401,4.1,66.8,13.6,1.2
3845,"Cookie, shortbread, plain, commercial",514,5.37,62.48,26.22,1.3
3846,"Cookie, shortbread, pecan, commercial",542,4.9,56.5,32.5,1.8
3849,"Cookie, sugar, commercial",464,5.35,66.04,19.55,1.3
3850,"Cookie, sugar, refrigerated dough",436,4,60.32,19.48,0.9
3851,"Cookie, sugar, refrigerated dough, baked",484,4.7,64.8,23.1,0.8
3853,"Cookie, sugar, homemade, made with margarine",472,5.9,58.8,23.4,1.2
3854,"Cookie, sugar wafer sandwich with cream filling",502,3.84,69.04,23.24,1.6
3855,"Cookie, vanilla sandwich with cream filling",483,4.5,70.6,20,1.5
3857,"Cookie, vanilla wafer, 12 to 17% fat",441,5,71.7,15.2,1.9
3858,"Cookie, vanilla wafer, 18 to 21% fat",473,4.3,69.1,19.4,2
3859,"Cracker, cheese",489,10.93,57.12,22.74,2.3
3860,"Cracker, cheese, sandwich-type, with peanut butter filling",496,12.41,53.34,25.12,3.4
3861,"Cracker, crispbread, rye",366,7.9,65.7,1.3,16.5
3862,"Cracker, matzo, plain",395,10,80.7,1.4,3
3863,"Cracker, matzo, egg",391,12.3,75.8,2.1,2.8
3864,"Cracker, matzo, whole-wheat",351,13.1,67.1,1.5,11.8
3865,"Cracker, melba toast, rye (includes pumpernickel)",389,11.6,69.3,3.4,8
3866,"Cracker, melba toast, wheat",374,12.9,69,2.3,7.4
3867,"Cracker, milk",455,7.6,67.8,15.8,1.9
3868,"Cracker, rusk toast",407,13.5,66,7.2,6.3
3869,"Cracker, rye, sandwich-type with cheese filling",481,9.2,57.2,22.3,3.6
3870,"Cracker, rye, wafers, plain",334,9.6,57.5,0.9,22.9
3871,"Cracker, rye, wafers, seasoned",381,9,52.9,9.2,20.9
3872,"Cracker, saltine (also oyster, soda, soup)",418,9.46,71.25,8.64,2.8
3873,"Cracker, standard snack-type, sandwich, with cheese filling",477,9.3,59.8,21.1,1.9
3874,"Cracker, standard snack-type, sandwich with peanut butter",494,11.47,56.08,24.54,2.3
3875,"Cracker, wheat",455,7.3,63.83,16.4,6.9
3876,"Cracker, wheat, sandwich, with cheese filling",497,9.8,55.1,25,3.1
3877,"Cracker, wheat, sandwich, with peanut butter filling",495,13.5,49.4,26.7,4.4
3878,"Cracker, whole-wheat",427,10.58,59.25,14.13,10.3
3880,"Cream puff, homemade, shell only, includes eclair",362,9,22,25.9,0.8
3882,"Croissant, butter, commercial",406,8.2,43.2,21,2.6
3883,"Croissant, apple, commercial",254,7.4,34.6,8.7,2.5
3884,"Croissant, cheese, commercial",414,9.2,44.4,20.9,2.6
3887,"Danish pastry, cinnamon",403,7,43.3,22.4,1.3
3889,"Danish pastry, fruit (apple, raisin, lemon, raspberry)",371,5.4,45.9,18.5,1.9
3890,"Danish pastry, nut (almond, raisin nut, cinnamon nut)",430,7.1,43.7,25.2,2
3891,"Doughnut (donut), cake-type, plain (includes unsugared, old-fashioned)",434,5.31,45.36,24.93,1.7
3892,"Doughnut (donut), cake-type, plain, chocolate coated or iced",452,4.93,49.43,25.25,1.9
3893,"Doughnut (donut), cake-type, plain, sugared or glazed",426,5.2,49.3,22.9,1.5
3895,"Doughnut (donut), French cruller, glazed",412,3.1,58.3,18.3,1.2
3896,"Doughnut (donut), yeast-leavened, with cream filling",361,6.4,29.2,24.5,0.8
3897,"Doughnut (donut), yeast-leavened (honey bun), glazed",421,6.14,45.83,22.7,2.1
3898,"Doughnut (donut), yeast-leavened, with jelly filling",340,5.9,38.1,18.7,0.9
3900,"English muffin, plain (also sourdough)",227,8.87,40.67,1.69,3.5
3901,"English muffin, plain (also sourdough), toasted",270,10.32,49.85,2.02,2.8
3902,"English muffin, multigrain (also granola)",235,9.1,43.5,1.8,2.8
3903,"English muffin, multigrain (also granola), toasted",255,9.9,47.3,1.9,3
3904,"English muffin, raisin-cinnamon (apple cinnamon)",240,7.91,45.5,1.8,2.6
3905,"English muffin, raisin-cinnamon, (apple cinnamon) toasted",276,8.87,52.04,2.21,3
3906,"English muffin, wheat",223,8.7,40.2,2,4.6
3907,"English muffin, wheat, toasted",243,9.4,43.7,2.1,5
3908,"English muffin, whole wheat",203,8.8,33.7,2.1,6.7
3909,"English muffin, whole wheat, toasted",221,9.6,36.8,2.3,7.3
3911,"French toast, homemade, with 2% milk and margarine",229,7.7,23.9,10.8,1.1
3912,"Hush puppy, homemade",337,7.7,43.2,13.5,2.8
3913,"Ice cream cone, cake or wafer-type",417,8.1,76,6.9,3
3914,"Ice cream cone, sugar, rolled-type",402,7.9,82.4,3.8,1.7
3915,"Muffin, plain, homemade, made with 2% milk",296,6.9,38.7,11.4,2.7
3916,"Muffin, blueberry, commercial",375,4.49,51.9,16.07,1.1
3917,"Muffin, blueberry, dry mix, unprepared",293,3.48,59.6,3.25,1.4
3919,"Muffin, blueberry, toaster-type",313,4.6,51.5,9.5,1.8
3920,"Muffin, blueberry, homemade, with 2% milk",285,6.5,39.1,10.8,1.6
3921,"Muffin, corn, commercial",305,5.9,47.6,8.4,3.4
3923,"Muffin, corn, toaster type",346,5.3,56.3,11.3,1.6
3924,"Muffin, corn, homemade, with 2% milk",316,7.1,42.2,12.3,2
3925,"Muffin, oat bran (wheat free-product)",270,7,43.7,7.4,4.6
3926,"Muffin, wheat bran, dry mix, unprepared",396,7.1,73,12,
3930,"Pancake, plain (includes buttermilk), frozen, ready-to-heat",233,5.23,36.75,6.83,1
3931,"Pancake, plain (includes buttermilk), dry mix, complete, unprepared",368,9.77,70.75,3.1,2.9
3933,"Pancake, plain (includes buttermilk), dry mix, incomplete, unprepared",355,10,68.2,1.7,5.4
3935,"Pancake, plain, homemade",227,6.4,27.1,9.7,1.2
3936,"Pancake, blueberry, homemade",222,6.1,26.7,9.2,2.3
3937,"Pancake, buckwheat, dry mix, incomplete, unprepared",340,10.9,62.8,2.7,8.5
3939,"Pancake, whole-wheat, dry mix, incomplete, unprepared",344,12.8,71,1.5,
394,"Babyfood, cereal, rice, dry",400,7.64,81.08,2.5,3.9
3941,"Pie, apple, commercial, 2 crust",237,1.9,32.4,11,1.6
3942,"Pie, apple, homemade, 2 crust",265,2.4,35.6,12.5,1.5
3944,"Pie, banana cream, homemade",269,4.4,32.2,13.6,0.7
3945,"Pie, blueberry, homemade, 2 crust",245,2.7,31.4,11.9,2.1
3947,"Pie, cherry, homemade, 2 crust",270,2.8,37,12.2,1.5
3948,"Pie, chocolate cream, commercial",353,4.15,37.64,22.41,0.8
3951,"Pie, coconut cream, commercial",298,2.1,36,16.6,1.3
3954,"Pie, coconut custard, commercial",260,5.9,28.4,13.2,1.8
3955,"Pie, egg custard, commercial",210,5.5,19.2,11.6,1.6
3957,"Pie, fried, fruit (apple, blueberry, peach, strawberry)",316,3,40,16.1,2.6
3958,"Pie, lemon meringue, commercial",268,1.5,46,8.7,1.2
3959,"Pie, lemon meringue, homemade",285,3.8,38.6,12.9,0.5
3960,"Pie, mincemeat, homemade, 2 crust",289,2.6,45.4,10.8,2.6
3961,"Pie, pecan, commercial",407,4.5,57.51,16.69,2.1
3962,"Pie, pecan, homemade",412,4.9,49.8,22.2,2.4
3963,"Pie, pumpkin, homemade",204,4.5,24.7,9.3,1.7
3964,"Pie, vanilla cream, homemade",278,4.8,32,14.4,0.6
3968,"Pie crust, standard-type, dry mix, unprepared",518,6.9,52.1,31.4,
3970,"Pie crust, standard type, frozen, ready-to-bake",457,6.16,46.12,26.07,2.5
3971,"Pie crust, standard type, frozen, ready-to-bake, baked",509,6.5,52.94,28.59,3.3
3972,"Pie crust, standard type, homemade, baked",527,6.4,45.8,34.6,1.7
3975,"Popover, dry mix, unprepared",371,10.4,71,4.3,
3979,"Roll, dinner, egg",307,9.5,48.3,6.4,3.7
3980,"Roll, dinner, oat bran",236,9.5,36.1,4.6,4.1
3981,"Roll, dinner, rye",286,10.3,48.2,3.4,4.9
3982,"Roll, dinner, wheat (60% whole wheat flour)",273,8.6,42.2,6.3,3.8
3983,"Roll, dinner, whole wheat",266,8.7,43.6,4.7,7.5
3984,"Roll, french",277,8.6,47,4.3,3.2
3985,"Roll, hamburger / hot dog, plain",278,9.87,48.05,3.76,2.1
3986,"Roll, hamburger / hot dog, multigrain",263,9.6,40.8,6,3.8
3987,"Roll, hamburger / hot dog, Calorie-reduced",196,8.3,35.9,2,6.2
3988,"Roll (kaiser), hard",293,9.9,50.4,4.3,2.3
3990,"Sweet roll, cinnamon with raisins, commercial",372,6.2,48.5,16.4,2.4
3991,"Sweet roll, cinnamon, refrigerated dough, with icing (frosting)",333,5,50,12.2,1.6
3994,"Taco shell, baked",476,6.41,56.79,21.79,6.7
3995,"Toaster pastry, brown sugar and cinnamon",370,4.06,70.34,7.98,2.3
3996,"Toaster pastry, fruit (apple, blueberry, cherry, strawberry)",388,4.2,69.32,9.95,1
3997,"Tortilla, ready-to-bake / fry, corn",218,5.7,38.34,2.85,6.3
3998,"Waffle, plain, frozen, ready-to-heat",285,6.47,40.78,9.7,2.2
4,"Chop suey, with meat, canned",60,4.07,4.19,2.8,1.1
4000,"Waffle, plain, homemade",291,7.9,31.4,14.1,1.5
4001,Wonton wrapper (egg roll wrapper),291,9.8,56.1,1.5,1.8
4002,"Leavening agent, baking powder, double acting, sodium, aluminium sulfate",53,0,27.5,0,0.2
4003,"Leavening agent, baking powder, double acting, phosphate",51,0.1,23.9,0,0.2
4004,"Leavening agent, baking powder, low sodium",97,0.1,44.7,0.4,2.2
4005,"Leavening agent, baking soda",0,0,0,0,0
4006,"Leavening agent, cream of tartar",258,0,61.3,0,0.2
4007,"Leavening agent, yeast, baker's, compressed",105,8.4,10,1.9,8.1
4008,"Leavening agent, yeast, baker's, active, dry",325,40.44,14.32,7.61,26.9
4009,"Cookie, oatmeal, homemade, without raisins",447,6.8,64.1,17.9,2.3
4010,"Cookie, chocolate chip, homemade, made with butter",488,5.7,55.1,28.4,3.1
4016,"Bread, rice bran, gluten free, toasted",264,9.7,42,5,5.3
4017,"Bread, wheat germ, toasted",293,10.7,52,3.3,2.3
4018,"Muffin, blueberry, toaster-type, toasted",333,4.9,54.8,10.1,1.9
4020,"Muffin, wheat bran, toaster-type, with raisins, toasted",313,5.5,47.3,9.4,8.2
4022,"Pancake, buttermilk, homemade",227,6.8,27.7,9.3,1
4028,"Roll, dinner, plain, homemade, with 2% milk",316,8.5,51.5,7.3,1.9
4031,"Pie crust, cookie-type, graham cracker, homemade, chilled",484,4.1,62.4,24.4,1.5
4032,"Cracker, matzo, egg and onion",391,10,72.1,3.9,5
4033,"Pie crust, cookie-type, vanilla wafer, homemade, chilled",531,3.7,50.1,36.2,0.1
4034,"Pie crust, standard type, homemade, unbaked",469,5.7,38.9,30.8,3.4
4035,"Waffle, plain, frozen, ready-to-heat, toasted",313,7.19,46.89,9.61,2.4
4036,"Bread, white, commercial, reduced sodium",261,9.14,45.91,2.66,3.3
4037,"Cookie, ladyfinger (without lemon juice or peel)",363,10.6,58.7,9.1,1
4038,"Cracker, melba toast, plain, unsalted",390,12.1,70.3,3.2,6.3
4039,"Cracker, saltine (also oyster, soda, soup), low sodium",421,9.5,71.44,8.85,2.9
4040,"Cracker, saltine (also oyster, soda, soup), unsalted top",434,9.2,68.5,11.8,3
4041,"Cracker, standard snack type, low sodium",502,7.4,59.4,25.3,1.6
4042,"Cracker, wheat, low sodium",473,8.6,60.4,20.6,4.5
4043,"Cracker, whole wheat, low sodium",443,8.8,58.1,17.2,10.5
4044,"Bread, white, commercial, toasted, reduced sodium",288,10.08,50.58,2.93,3.7
4045,"Pie, fried, cherry",316,3,40,16.1,2.6
4046,"Pie, fried, lemon",316,3,40,16.1,2.6
4047,"Taco shell, baked, unsalted",468,7.2,54.9,22.6,7.5
4048,"Tortilla, ready-to-bake / fry, corn, unsalted",222,5.7,41.4,2.5,5.2
4049,"Tortilla, ready-to-bake / fry, flour",325,8.7,52.3,7.1,3.3
4051,"Cookie, oatmeal (with raisins), commercial, less than 5g fat/serving",435,6.5,61.1,16.2,7.3
4052,"Cracker, saltine (also oyster, soda, soup), low fat and sodium",393,10.5,79.6,1.6,2.7
4053,"Coffee cake, cream filled, with chocolate icing (frosting)",331,5,51.8,10.8,2
4054,"Doughnut (donut), cake-type, chocolate, sugared or glazed",417,4.5,55.2,19.9,2.2
4055,"Pie, blueberry, commercial, 2 crust",232,1.8,33.9,10,1
4056,"Pie, cherry, commercial, 2 crust",260,2,39,11,0.8
4057,"Pie, peach, 2 crust",224,1.9,32.1,10,0.8
4058,"Pie, pumpkin, commercial",243,3.9,33.03,9.75,1.8
4059,"Sweet roll, cheese",360,7.1,42.5,18.3,1.2
4061,"Biscuit, plain/buttermilk, frozen, baked",338,6.2,52.57,11.03,1.3
4063,"Bread, French or Vienna (also sourdough)",272,10.75,49.68,2.42,2.2
4066,"Bread, white, commercial",261,9.14,45.91,2.66,3.3
4067,"Bread, whole wheat, commercial",257,10.7,39.34,3.03,6.3
4068,"Bread, whole wheat, commercial, toasted",285,11.84,43.51,3.35,7
4070,"Bread stuffing, dry mix, unprepared",386,11,73,3.4,3.2
4071,"Cracker, melba toast, plain",390,12.1,70.3,3.2,6.3
4072,"Cracker, standard snack-type",510,6.64,59,26.43,2.3
4073,"Roll, dinner, plain (also brown and serve), commercial",310,10.86,50.04,6.47,2
4075,"Pie, beef, commercial",281,7.75,24.15,16.7,0.9
4076,"Pie, pork, commercial",325,9,23.8,21,1.2
4077,"Pie, chicken, commercial",246,8,23.7,12.9,0.9
4078,"Pie, turkey, commercial",186,6,18.4,9.3,1.2
4079,"Pie, steak, commercial",260,9.5,22.8,14,1.2
4080,"Pie, tourtiere, commercial",385,11.6,23.8,26.5,0.9
4081,"Cake, date square (matrimonial cake), homemade",371,4.39,57.55,13.31,3.8
4082,Bannock,340,5.58,32.32,20.09,1.2
4083,"Cracker, barge pilot biscuit",392,10.1,71.65,6.15,
4085,"Shake and bake, dry",390,9.32,59.75,14.6,
4088,"Snacks, corn-based, extruded, chips, barbecue",523,7,51,32.7,5.2
4091,"Snacks, corn-based, extruded, onion",500,7.7,61.2,22.6,3.9
4092,"Snacks, corn-based, extruded, puffs or twists, cheese",560,5.85,52.13,36.01,1.4
4093,"Snacks, corn nuts, plain",447,8.5,64.96,15.64,6.9
4095,"Snacks, fruit leather, bar",351,1.8,75,5.3,3.5
4097,"Snacks, fruit leather, roll",371,0.1,85.8,3,0
41,"Cheese, port-salut",352,23.78,0.57,28.2,0
4111,"Snacks, popcorn, oil-popped, microwave, regular flavour, no trans fat",583,7.29,36.96,43.55,8.1
4115,"Snacks, popcorn, cheese flavour",526,9.3,41.7,33.2,9.9
4117,"Snacks, potato chips, barbecue flavour",485,6.41,52.39,30.69,3.8
4118,"Snacks, potato chips, sour cream and onion",531,8.1,46.3,33.9,5.2
4119,"Snacks, potato chips, dried potatoes, light",503,4.56,61.56,26.14,3.2
4120,"Snacks, potato chips, dried potatoes, sour cream and onion",547,6.6,50.1,37,1.2
4124,"Snacks, rice cakes, brown rice, plain",387,8.2,77.3,2.8,4.2
4127,"Snacks, tortilla chips, plain",472,7.1,62.38,20.68,5.4
4128,"Snacks, tortilla chips, nacho",519,7.36,55.71,27.42,5.1
4129,"Snacks, tortilla chips, ranch",502,7.19,58.74,24.63,4
4134,"Snacks, tortilla chips, taco",480,7.9,57.8,24.2,5.3
4135,"Candies, bars, Almond Joy",479,4.13,54.51,26.93,5
4136,"Candies, bars, Alpine White bar with almonds",564,10,45,36.9,5.4
4137,"Candies, bars, Bit-O-Honey candy chews",375,2,80.69,7.5,0.2
4138,"Candies, bars, Butterfinger",459,5.4,70.9,18.9,2
414,"Animal fat, beef tallow",902,0,0,100,0
4140,"Candies, bars / chips, carob",540,8.15,52.49,31.36,3.8
4141,"Dessert, frozen, pudding pop, chocolate",153,4,24.4,4.7,1
4142,"Dessert, frozen, pudding pop, vanilla",159,4,26.8,4.4,
4143,"Candies, caramel",382,4.6,77,8.1,0
4145,"Candies, caramels, chocolate flavour roll",387,1.59,87.63,3.31,0.1
4146,"Sweets, baking chocolate, unsweetened, liquid",472,12.1,18.1,47.7,18.1
4147,"Sweets, baking chocolate, unsweetened, square",642,14.32,11.82,52.31,16.6
4148,"Candies, bars / chips, semisweet chocolate",480,4.2,58,30,5.9
4149,"Candies, bars, sweet chocolate",507,3.9,54.9,34.2,5.5
415,"Sandwich spread, with chopped pickle, regular, unspecified oil",389,0.9,22,34,0.4
4151,"Candies, fondant, sweet chocolate coated",367,2.2,78.3,9.3,2.1
4152,"Candies, Golden Almond Solitaires, chocolate with almonds",570,11.97,42.51,37.13,4.4
4153,"Sweets, confectioner's coating / chips, butterscotch",539,2.2,67.1,29.05,0
4154,"Sweets, confectioner's coating or chips, peanut butter",529,18.3,41.88,29.8,5
4155,"Sweets, confectioner's coating / chips, white chocolate",539,5.87,59.04,32.09,0.2
4156,"Dessert, frozen, ice cream, light, vanilla",181,4.78,29.16,4.83,0.3
4157,"Dessert, frozen, ice cream, vanilla, rich, 16% M.F.",249,3.5,22.29,16.2,0
4158,"Dessert, frozen, ice cream, French vanilla, soft serve",222,4.1,21.5,13,0.7
4159,"Candies, peppermint, chocolate coated, mint taste",384,2.19,78.99,7.17,2
416,"Vegetable oil, rice bran",885,0,0,100,0
4161,"Candies, bars, Symphony",531,8.51,56.31,30.57,1.7
4163,"Dessert, frozen, ice cream, vanilla, 11% M.F.",208,3.5,22.9,11,0.7
4164,"Dessert, frozen, ice cream, low fat, vanilla, soft serve",126,4.9,21.8,2.6,0
4165,"Dessert, frozen, sherbet, orange",144,1.1,29.1,2,1.3
4166,"Candies, bars, 5th Avenue",482,8.78,59.58,23.98,3.1
4167,"Candies, fondant, homemade",373,0,93.18,0.02,0
4168,"Candies, fudge, chocolate, homemade",411,2.39,74.74,10.41,1.7
4169,"Candies, fudge, chocolate with nuts, homemade",461,4.38,65.43,18.93,2.5
417,"Vegetable oil, wheat germ",885,0,0,100,0
4171,"Candies, fudge, vanilla, homemade",383,1.05,82.15,5.45,0
4172,"Candies, fudge, vanilla, with nuts, homemade",435,3,73.71,13.69,0.9
4173,"Candies, goobers, chocolate covered peanuts",512,9.7,43.3,34,9.7
4174,"Candies, gumdrops (jujubes)",396,0,98.8,0,0.1
4177,"Candies, bars, Kit Kat wafer bar",519,6.51,63.59,25.99,1
4178,"Candies, bars, Krackel",512,6.62,61.76,26.58,2.2
4179,"Candies, bars, Baby Ruth",459,5.4,62.8,21.6,2
418,"Vegetable oil, peanut",885,0,0,100,0
4180,"Candies, Twizzlers (licorice), strawberry",350,2.56,79.74,2.32,0
4181,"Sweets, syrup, table blend, pancake with butter",296,0,74.1,1.6,0
4182,"Candies, bars, Mars almond",467,8.1,60.7,23,2
4183,"Candies, marshmallow",318,1.8,81.2,0.2,0.1
4184,"Candies, bars, Oh Henry!",462,7.7,63.6,23,1.9
4185,"Candies, bars, Chunky",475,7.5,57.5,27.5,2.5
4186,"Candies, bars / chips, milk chocolate, plain",535,7.65,56,29.66,3.4
4187,"Dessert, pudding, banana, dry mix, instant, prepared with 2% milk",81,3.05,13.11,1.88,0
4188,"Dessert, pudding, banana, dry mix, regular, prepared with 2% milk",81,3.05,13.14,1.87,0
4189,"Dessert, pudding, chocolate, dry mix, instant, prepared with 2% milk",82,3.26,12.36,2.01,0.3
419,"Vegetable oil, soybean",885,0,0,100,0
4192,"Sweets, syrup, table blend, pancake, calorie-reduced",165,0,44.55,0,0
4193,"Sweets, syrup, table blend, pancake",234,0,61.47,0,0
4194,"Candies, bars, Golden Almond",577,12.82,42.35,38.46,3.8
4195,"Candies, bars, Hershey's Milk Chocolate with almonds",526,9,47.2,34.4,6.2
4196,"Candies, bars, milk chocolate with rice cereal",511,7.64,56.37,29.37,3.3
4197,"Candies, bars, Mars",456,4.01,70.17,17.23,1
4198,"Candies, bars, Skor",536,3.13,60.42,32.18,1.3
4199,"Sweets, topping, strawberry",254,0.2,65.6,0.1,0.7
420,"Vegetable oil, coconut",863,0,0,100,0
4201,"Candies, M&M's peanut chocolate candies",516,9.57,56.78,26.13,3.7
4202,"Candies, M&M's, plain chocolate candies",492,4.33,68.39,21.13,2.8
4203,"Candies, bars, Mounds",486,4.6,54.89,26.6,3.7
4204,"Candies, bars, Mr Goodbar",538,10.22,50.54,33.21,3.8
4205,"Candies, bars, 100 Grand",468,2.5,69.97,19.33,1
4206,"Candies, bars, Nestle Crunch",500,5,65.1,26,1.9
4207,"Candies, bars, peanut",522,15.5,43.3,33.7,4.1
4208,"Candies, peanut brittle, homemade",486,7.57,68.74,18.98,2.5
4210,"Candies, Reese's Pieces",497,12.46,56.86,24.77,3
4212,"Candies, After Eight, chocolate mints",432,1.67,77.13,11.9,2.4
4213,"Candies, sesame crunch (crisp)",517,11.6,42.6,33.3,7.7
4214,"Candies, bars, Snickers",491,7.53,59.21,23.85,2.3
4215,"Candies, Starburst fruit chews",408,0.41,82.57,8.21,0
4217,"Candies, bars, 3 Musketeers",436,2.6,76.27,12.75,1.5
4218,"Candies, bars, Twix, caramel cookie",503,4.91,63.7,24.85,1.1
4219,"Candies, bars, Twix peanut butter cookie",537,9.18,51.05,32.67,3.1
422,"Vegetable oil, olive",885,0,0,100,0
4220,"Candies, bars, Whatchamacallit",494,8.04,61.33,23.68,1.9
4221,"Candies, chewing gum",360,0,94.3,0.3,2.4
4222,"Candies, bars, Special Dark",556,5.54,53.99,32.4,6.5
4223,"Sweets, cocoa, powder, unsweetened",228,19.6,20.9,13.7,37
4224,"Sweets, cocoa, powder, unsweetened, dutch process",220,18.1,28.5,13.1,29.8
4227,"Dessert, egg custard, dry mix, unprepared",410,6.9,82.8,6.4,0
4228,"Dessert, egg custard, dry mix prepared with whole milk",122,3.99,17.6,4,0
4229,"Dessert, gelatin, dry mix, unprepared",381,7.8,90.5,0,0
423,"Vegetable oil, palm",885,0,0,100,0
4230,"Dessert, gelatin dry mix, prepared with water",62,1.22,14.19,0,0
4232,"Dessert, gelatin, dry mix, calorie-reduced, with aspartame, unprepared",198,15.67,80.11,0,0.1
4233,"Dessert, gelatin, dry mix, calorie-reduced, with aspartame, prepared with water",20,0.83,4.22,0,0
4234,"Sweets, gelatin, dry powder, unsweetened",335,85.6,0,0.1,0
4237,"Dessert, pudding, chocolate, ready-to-eat",142,2.09,23.01,4.6,0
4238,"Dessert, pudding, chocolate, dry mix, instant, unprepared",378,2.3,84.3,1.9,3.6
424,"Vegetable oil, sesame",885,0,0,100,0
4241,"Dessert, flan, caramel custard, dry mix, unprepared",348,0,91.6,0,0
4242,"Dessert, pudding, chocolate, dry mix, regular, unprepared",362,2.6,84.8,2.1,4.5
4243,"Dessert, pudding, chocolate, dry mix, regular, prepared with whole milk",90,3.15,12.39,3.2,0.4
4244,"Dessert, pudding, chocolate, dry mix, regular, prepared with 2% milk",80,3.29,12.39,2.02,0.4
4245,"Dessert, pudding, coconut, dry mix, instant, prepared with 2% milk",83,3.13,12.57,2.04,0.4
4247,"Dessert, pudding, rice, ready to eat",108,3.23,18.09,2.15,0.3
4248,"Dessert, pudding, rice, dry mix, unprepared",376,2.7,90.5,0.1,0.7
4249,"Dessert, pudding, rice, dry mix, prepared with whole milk",92,3.16,12.87,3.01,0.1
4251,"Dessert, pudding, tapioca, dry mix, unprepared",369,0.1,94.1,0.1,0.2
4252,"Dessert, pudding, tapioca, dry mix, prepared with whole milk",126,2.89,22.05,2.98,0
4254,"Dessert, pudding, vanilla, ready to eat",130,1.45,22.6,3.78,0
4255,"Dessert, pudding, vanilla, dry mix, instant, unprepared",377,0,92.9,0.6,0
4257,"Dessert, pudding, lemon, dry mix, instant, prepared with 2% milk",82,3.05,13.36,1.89,0
4258,"Dessert, egg custard, dry mix, prepared with 2% milk",112,4.13,17.61,2.83,0
4259,"Dessert, pudding, vanilla, dry mix, regular, unprepared",379,0.3,92.9,0.4,0.6
426,"Salad dressing, french, homemade, unspecified oil",631,0.1,3.4,70.2,0
4260,"Dessert, pudding, vanilla, dry mix, regular, prepared with whole milk",92,2.94,13.08,3.04,0.1
4261,"Dessert, pudding, rice, dry mix, prepared with 2% milk",82,3.3,12.87,1.84,0.1
4262,"Dessert, pudding, tapioca, dry mix, prepared with 2% milk",117,3.03,22.08,1.82,0
4264,"Dessert, pudding, vanilla, dry mix, instant, prepared with 2% milk",82,3.05,13.13,1.88,0
4265,"Dessert, pudding, vanilla, dry mix, regular, prepared with 2% milk",82,3.07,13.08,1.87,0.1
4266,"Dessert, rennin, chocolate, dry mix, made with 2% milk",85,3.24,12.97,2.06,0.5
4267,"Dessert, rennin, vanilla, dry mix, prepared with 2% milk",77,3.06,12.34,1.77,0
4268,"Dessert, frozen, gelatin pop",70,1.2,16.7,0.1,
4270,"Dessert, frozen, ices, water, fruit, with aspartame",24,0.5,6.2,0.1,0
4271,"Dessert, pudding, tapioca, ready-to-eat",130,1.95,21.69,3.88,0
4272,"Dessert, pudding, coconut, dry mix, regular, prepared with 2% milk",87,3.14,11.89,2.89,0.2
4273,"Dessert, rennin, chocolate, dry mix, unprepared",363,2.4,86.4,3.3,5.1
4274,"Dessert, rennin, chocolate, dry mix, prepared with whole milk",96,3.2,12.84,3.34,0.5
4275,"Dessert, rennin, vanilla, dry mix, unprepared",383,0,99,0,0
4276,"Dessert, rennin, vanilla, dry mix, prepared with whole milk",89,3.03,12.21,3.07,0
4278,"Dessert, rennin, tablets, unsweetened",84,1,19.8,0.1,0
4279,"Dessert, flan, caramel custard, dry mix, prepared with 2% milk",103,2.99,18.82,1.72,0
428,"Salad dressing, oil and vinegar, homemade",449,0,2.5,50.1,0
4280,"Dessert, flan, caramel custard, dry mix, prepared with whole milk",114,2.95,18.68,3,0
4281,"Icing (frosting), chocolate, creamy, dry mix, unprepared",389,1.3,89.6,5.2,2.4
4282,"Icing (frosting), chocolate, creamy, dry mix, prepared with butter",408,1.11,69.9,13.06,1.9
4283,"Icing (frosting), vanilla (white), creamy, dry mix, unprepared",410,0.3,93.7,4.9,0.1
4284,"Icing (frosting), vanilla (white), creamy, dry mix, prepared with butter",423,0.2,70.6,16.7,0.1
4285,"Icing (frosting), white, fluffy, dry mix, unprepared",371,2.3,94.9,0,0
4286,"Icing (frosting), white, fluffy, dry mix, prepared with water",244,1.5,62.6,0,0
4287,"Dessert, frozen, fruit and juice bar",87,1.2,19.2,0.1,1
4288,"Dessert, frozen, ice cream, chocolate",216,3.8,27,11,1.2
4289,"Dessert, frozen, ice cream, strawberry",192,3.2,26.7,8.4,0.9
429,"Vegetable oil, cocoa butter",885,0,0,100,0
4290,"Dessert, frozen, ices, water, lime",128,0.4,32.6,0,0
4291,"Dessert, frozen, ice pop",79,0,19.23,0.24,0
4292,"Dessert, frozen yogourt, vanilla, soft-serve",159,4,24.2,5.6,0
4293,"Sweets, fruit butters, apple",173,0.39,40.97,0.3,1.5
4294,"Sweets, honey, strained or extracted",304,0.3,82.2,0,0.2
4295,"Sweets, jams and preserves",278,0.37,67.76,0.07,1.1
4296,"Sweets, jellies",267,0.15,68.95,0.02,1
4297,"Candies, fudge, chocolate marshmallow with nuts, homemade",473,3.24,65.26,21.11,2.1
4298,"Sweets, marmalade, orange",246,0.3,65.6,0,0.7
4299,"Sweets, fancy molasses",290,0,74.73,0.1,0
43,"Cheese, ricotta, with whole milk",174,11.26,3.04,12.98,0
430,"Vegetable oil, cottonseed",885,0,0,100,0
4300,"Sweets, molasses, blackstrap",235,0,60.8,0,0
4301,"Sweets, pectin, unsweetened, dry mix",325,0.3,81.8,0.3,8.6
4303,"Sweets, pie fillings, canned apple",100,0.1,25.1,0.1,1
4304,"Sweets, pie fillings, canned, cherry",115,0.37,27.4,0.07,0.6
4305,"Dessert, pudding, banana, dry mix, instant, unprepared",367,0,92.7,0.6,0
4306,"Dessert, pudding, banana, dry mix, instant, prepared with whole milk",91,2.91,13.11,3.06,0
4307,"Dessert, pudding, banana, dry mix, regular, unprepared",366,0,92.7,0.4,0.3
4308,"Dessert, pudding, banana, dry mix, regular, prepared with whole milk",91,2.91,13.13,3.04,0
4309,"Dessert, pudding, coconut, dry mix, instant, unprepared",415,0.9,79.5,10,4
4310,"Dessert, pudding, coconut, dry mix, instant, prepared with whole milk",93,2.99,12.57,3.21,0.4
4311,"Dessert, pudding, coconut, dry mix, regular, unprepared",434,1,80.24,11.36,1.6
4312,"Dessert, pudding, coconut, dry mix, regular, prepared with whole milk",97,3,11.89,4.06,0.2
4313,"Dessert, pudding, lemon, dry mix, instant, unprepared",378,0,95.4,0.7,0
4314,"Dessert, pudding, lemon, dry mix, instant, prepared with whole milk",92,2.91,13.36,3.06,0
4315,"Dessert, pudding, lemon, dry mix, regular, unprepared",363,0.1,91.7,0.5,0.1
4316,"Dessert, pudding, lemon, dry mix, regular, prepared",110,0.65,24.2,1.12,0
4317,"Sweets, sugar, brown",380,0.12,98.09,0,0
4318,"Sweets, sugars, granulated",387,0,99.98,0,0
4319,"Sweets, sugars, icing (powdered)",389,0,99.77,0,0
432,"Vegetable oil, safflower, linoleic (70% and over)",885,0,0,100,0
4320,"Sweets, sugars, maple, hard",354,0.1,87.83,0.32,0
4321,"Sweets, syrups, chocolate, fudge-type",350,4.6,60.1,8.9,2.8
4322,"Sweets, syrups, corn, dark",286,0,77.59,0,0
4323,"Sweets, syrups, corn light",283,0,76.79,0.2,0
4324,"Sweets, syrups, corn, high-fructose",281,0,76,0,0
4325,"Sweets, syrups, malt",318,6.2,71.3,0,0
4326,"Sweets, syrups, maple, bulk",260,0.04,66.89,0.24,0
4327,"Sweets, syrups, sorghum",290,0,74.9,0,0
4328,"Sweets, syrups, table blends, pancake, with 2% maple",265,0,69.6,0.1,0
4329,"Sweets, syrups. table blends, cane and 15% maple",279,0,69.42,0.1,0.1
433,"Vegetable oil, safflower, oleic (70% and over)",885,0,0,100,0
4330,"Sweets, syrups, table blends, corn, refiner's syrup and sugar",319,0,83.9,0,0
4331,"Sweets, topping (spread), butterscotch or caramel",252,1.5,65,0.1,0.9
4332,"Sweets,  topping, marshmallow cream",322,0.8,78.9,0.3,0.1
4333,"Sweets, topping, pineapple",253,0.1,66,0.1,0.4
4334,"Sweets, topping, nuts in syrup",449,4.5,55.78,22,2.3
4335,"Candies, Skittles",405,0.19,90.78,4.37,0
4336,"Icing (frosting), vanilla (white), creamy, dry mix, prepared with margarine",413,0.34,74.18,12.74,0.1
4337,"Icing (frosting), chocolate, creamy, dry mix, prepared with margarine",405,1.1,69.12,12.87,1.9
4340,"Icing (frosting), glaze, homemade",341,0.44,83.65,0.53,0
435,"Vegetable oil, poppyseed",885,0,0,100,0
4350,"Dessert, frozen yogourt, chocolate, soft-serve",160,4,22.7,6,2.2
4352,"Snacks, corn nuts, barbecue",436,9,63.3,14.3,8.4
4358,"Meat sticks, beef, non-refrigerated, smoked",550,21.5,5.4,49.6,0
4359,"Snacks, pork skins, barbecue",538,57.9,1.6,31.8,
436,"Vegetable oil, grapeseed",885,0,0,100,0
4360,"Snacks, potato chips, dried potatoes, plain",545,4.62,52.48,35.28,2.9
4361,"Snacks, potato chips, dried potatoes, cheese",551,7,47.2,37,3.4
4369,"Snacks, potato chips, cheese",496,8.5,52.5,27.2,5.2
437,"Vegetable oil, corn",900,0,0,100,0
4371,"Snacks, tortilla chips, nacho, light",445,8.7,66.8,15.2,4.8
4373,"Sweets, chocolate, semisweet, made with butter",477,4.2,57.5,29.7,5.9
4374,"Icing (frosting), chocolate, creamy, ready-to-eat",397,1.1,62.3,17.6,0.9
4375,"Icing (frosting), coconut-nut, ready to eat",433,1.5,50.2,24,2.5
4376,"Icing (frosting), cream cheese flavour, ready to eat",415,0.1,67.32,17.3,0
4377,"Icing (frosting), sour cream flavour, ready to eat",412,0.1,67.5,17.2,0.1
4378,"Icing (frosting), vanilla (white), creamy, ready-to-eat",418,0,67.89,16.23,0
4379,"Sweets, jams and preserves, apricot",242,0.7,64.1,0.2,0.3
438,"Animal fat, mutton tallow",902,0,0,100,0
4380,"Candies, bars / chips, semisweet chocolate with butter",477,4.2,57.2,30,5.9
4382,"Snacks, popcorn, air-popped, white popcorn",382,12,62.8,4.2,15.1
4383,"Snacks, popcorn, oil-popped, white popcorn, with salt",500,9,47.2,28.1,10
4386,"Snacks, pretzels, hard, plain, unsalted",381,9.1,76.4,3.5,2.8
439,"Vegetable oil, walnut",885,0,0,100,0
4393,"Snacks, trail mix, regular with chocolate chips, unsalted",484,14.2,38.7,31.9,6.2
4396,"Candied foods, maraschino cherries, jar, solids and liquid",116,0.2,28.5,0.2,0.9
4397,"Candied foods, cherries",339,0.5,85.8,0.2,0.9
4398,"Candied foods, citron",314,0.2,77.6,0.3,2.6
44,"Cheese, ricotta, with partly skimmed milk",138,11.39,5.14,7.91,0
440,"Vegetable oil, almond",885,0,0,100,0
4400,"Candied foods, ginger root, crystallized",340,0.3,87.1,0.2,
4401,"Candied foods, grapefruit peel",316,0.4,78,0.3,2.6
4402,"Candied foods, lemon peel",316,0.4,78,0.3,2.6
4403,"Candied foods, orange peel",316,0.4,77.2,0.3,3.4
4405,"Candied foods, pineapple",316,0.8,79.6,0.4,0.4
4409,"Grains, amaranth, raw",372,13.56,58.55,7.02,6.7
441,"Vegetable oil, apricot kernel",885,0,0,100,0
4410,"Grains, arrowroot flour",357,0.3,84.75,0.1,3.4
4411,"Grains, barley, pearled, dry",352,9.91,62.12,1.16,15.6
4412,"Grains, buckwheat groats, roasted, dry",346,11.73,64.65,2.71,10.3
4413,"Grains, buckwheat groats, roasted, cooked",92,3.38,17.24,0.62,2.7
4414,"Grains, bulgur, dry",342,12.29,63.37,1.33,12.5
4415,"Grains, corn, yellow, field, dry",365,9.42,66.96,4.74,7.3
4416,"Grains, corn bran, crude",224,8.36,6.64,0.92,79
4417,"Grains, corn flour, yellow, whole-grain",361,6.93,69.55,3.86,7.3
4418,"Grains, cornmeal (yellow), whole-grain",362,8.12,69.59,3.59,7.3
4419,"Grains, cornstarch",381,0.26,90.37,0.05,0.9
442,"Vegetable oil, soybean lecithin",763,0,0,100,0
4420,"Grains, couscous, dry",376,12.76,72.43,0.64,5
4421,"Grains, oats",389,16.89,55.67,6.9,10.6
4422,"Grains, rice, brown, medium-grain, dry",362,7.5,72.77,2.68,3.4
4423,"Grains, rice, brown, medium-grain, cooked",112,2.32,21.61,0.83,1.9
4424,"Grains, rice, white, glutinous, dry",370,6.81,78.88,0.55,2.8
4425,"Grains, rice, white, glutinous, cooked",97,2.02,20.09,0.19,1
4426,"Grains, rice, white with pasta and seasonings, dry",368,9.37,75.32,2.44,
4427,"Grains, rice, white with pasta and seasonings, cooked",122,2.54,18.93,2.82,2.5
4428,"Grains, rice bran, crude",316,13.35,28.69,20.85,21
4429,"Grains, rice flour, white",366,5.95,77.73,1.42,2.4
443,"Vegetable oil, hazelnut",885,0,0,100,0
4430,"Grains, rye flour, medium",354,9.39,62.89,1.77,14.6
4431,"Grains, rye flour, light",367,8.39,65.63,1.36,14.6
4432,"Grains, sorghum",329,10.62,65.39,3.46,6.7
4433,"Grains, tapioca, pearl, dry",358,0.19,87.79,0.02,0.9
4434,"Grains, triticale",336,13.05,54.03,2.09,18.1
4435,"Grains, triticale flour, whole-grain",338,13.18,58.54,1.81,14.6
4436,"Grains, wheat, hard red spring",329,15.4,55.83,1.92,12.2
4437,"Grains, wheat, hard red winter",327,12.61,58.98,1.54,12.2
4438,"Grains, wheat, soft red winter",331,10.35,61.74,1.56,12.5
4439,"Grains, wheat, hard white",342,11.31,63.7,1.71,12.2
444,"Vegetable oil, babassu",885,0,0,100,0
4440,"Grains, wheat, soft white",340,10.69,62.66,1.99,12.7
4441,"Grains, wheat, durum",339,13.68,71.13,2.47,
4442,"Grains, wheat bran, crude",216,15.55,21.81,4.25,42.7
4443,"Grains, wheat germ, crude",360,23.15,38.6,9.72,13.2
4444,"Grains, wheat flour, white, self-rising",354,9.89,71.52,0.97,2.7
4445,"Grains, wheat flour, white, bread flour",362,13.87,66.41,2.34,3
4446,"Grains, wheat flour, white, cake flour",368,9.46,71.79,2.55,3
4447,"Grains, wheat flour, white, tortilla mix",405,9.66,67.14,10.63,
4448,"Grains, wheat, sprouted",198,7.49,41.43,1.27,1.1
4449,"Grains, rice, wild, dry",357,14.73,68.7,1.08,6.2
445,"Animal fat, chicken",901,0,0,99.8,0
4450,"Grains, rice, wild, cooked",101,3.99,19.54,0.34,1.8
4451,"Grains, rice flour, brown",363,7.23,71.88,2.78,4.6
4452,"Pasta, corn, dry",357,7.46,68.26,2.08,11
4453,"Pasta, corn, cooked",126,2.63,23.11,0.73,4.8
4454,"Pasta, made with egg, homemade, cooked",130,5.28,21.34,1.74,2.2
4455,"Pasta, made without egg, homemade, cooked",124,4.37,23.92,0.98,1.2
4456,"Pasta, macaroni (elbow), whole wheat, dry",348,14.63,66.73,1.4,8.3
4457,"Pasta, macaroni (elbow), whole wheat, cooked",124,5.33,23.74,0.54,2.8
4458,"Pasta, egg noodles, enriched, cooked",138,4.54,23.96,2.07,1.2
4459,"Pasta, Chinese noodles, chow mein",475,8.11,69.1,15.43,3.7
4460,"Pasta, Japanese noodles, soba, dry",336,14.38,74.62,0.71,
4461,"Pasta, Japanese noodles, soba, cooked",99,5.06,21.44,0.1,
4462,"Pasta, Japanese noodles, somen, dry",356,11.35,69.8,0.81,4.3
4463,"Pasta, Japanese noodles, somen, cooked",131,4,27.54,0.18,
4464,"Pasta, spaghetti, enriched, cooked",158,5.8,29.06,0.93,1.8
4465,"Grains, corn flour, masa, yellow, U.S. enriched",363,8.46,70.19,3.69,6.4
4466,"Pasta, spaghetti, enriched, cooked, salted",157,5.8,28.79,0.93,1.8
4467,"Grains, hominy, canned, yellow",72,1.48,11.76,0.88,2.5
4468,"Pasta, egg noodles, unenriched, cooked",138,4.54,23.96,2.07,1.2
4469,"Pasta, spaghetti, unenriched, cooked",158,5.8,29.06,0.93,1.8
447,"Animal fat, duck",883,0,0,99.8,0
4470,"Grains, cornmeal (yellow), degermed",370,7.11,75.55,1.75,3.9
4471,"Grains, rice, white, long-grain, regular, dry",365,7.13,78.95,0.66,1
4472,"Grains, rice, white, long-grain, parboiled, dry",374,7.51,79.09,1.03,1.8
4473,"Grains, rice, white, long-grain, parboiled, cooked",123,2.91,25.15,0.37,0.9
4474,"Grains, rice, white, medium-grain, dry",360,6.61,77.94,0.58,1.4
4475,"Grains, rice, white, medium-grain, cooked",130,2.38,28.59,0.21,
4476,"Grains, rice, white, short-grain, dry",358,6.5,76.35,0.52,2.8
4477,"Grains, rice, white, short-grain, cooked",130,2.36,28.73,0.19,
4478,"Grains, semolina",360,12.68,68.93,1.05,3.9
4479,"Pasta, egg noodles, unenriched, cooked, salted",138,4.54,23.96,2.07,1.2
448,"Animal fat, turkey",901,0,0,99.8,0
4480,"Pasta, spaghetti, unenriched, cooked, salted",157,5.8,28.79,0.93,1.8
4481,"Grains, rice, white, long-grain, pre-cooked or instant, enriched, dry",380,7.82,80.42,0.94,1.9
4482,"Grains, rice, white, long-grain, pre-cooked or instant, enriched, prepared",124,2.18,26.16,0.5,0.6
4483,"Pasta, egg noodles, enriched, cooked, salted",138,4.54,23.96,2.07,1.2
4484,"Grains, wheat flour, white, all purpose, enriched, calcium fortified",364,10.33,73.21,0.98,3.1
4485,"Grains, barley, dry",354,12.48,56.18,2.3,17.3
4486,"Grains, barley, pearled, cooked",123,2.26,25.72,0.44,2.5
4487,"Grains, buckwheat",343,13.25,68,3.4,3.5
4488,"Grains, buckwheat flour, whole-groat",335,12.62,63.69,3.1,6.9
4489,"Grains, bulgur, cooked",83,3.08,15.68,0.24,2.9
449,"Animal fat, goose",901,0,0,99.8,0
4490,"Grains, couscous, cooked",112,3.79,22.32,0.16,0.9
4491,"Grains, millet, dry",378,11.02,64.45,4.22,8.4
4492,"Grains, millet, cooked",119,3.51,20.77,1,2.9
4493,"Grains, oat bran, dry",246,17.3,55.72,7.03,10.5
4494,"Grains, oat bran, cooked",40,3.21,9.34,0.86,2.1
4495,"Grains, quinoa, dry",368,14.12,57.26,6.07,6.9
4496,"Grains, rice, brown, long-grain, dry",370,7.94,73.64,2.92,3.6
4497,"Grains, rice, brown, long-grain, cooked",111,2.58,21.46,0.9,1.5
4498,"Grains, rye",335,14.76,56.16,2.5,13.6
4499,"Grains, rye flour, dark",324,14.03,55.34,2.69,13.4
450,"Vegetable oil, avocado",885,0,0,100,0
4500,"Grains, wheat flour, whole-wheat",369,14.64,59.61,3.24,8.9
4501,"Grains, wheat flour, white, all purpose, bleached",364,12.08,68.72,2.49,2.7
4506,"Pasta, macaroni (elbow), enriched, dry",371,13.04,71.67,1.51,3
4507,"Pasta, macaroni (elbow), enriched, cooked",158,5.8,29.66,0.93,1.2
4508,"Pasta, macaroni, protein-fortified, enriched, dry",375,19.86,63.66,2.23,3.9
4509,"Pasta, macaroni, protein-fortified, enriched, cooked",164,8.08,30.26,0.21,1.4
451,"Vegetable oil, canola",885,0,0,100,0
4510,"Pasta, macaroni (spirals), vegetable, enriched, dry",367,13.14,70.88,1.04,4
4511,"Pasta, macaroni (spirals), vegetable, enriched, cooked",128,4.53,25.21,0.11,1.4
4512,"Pasta, egg noodles, enriched, dry",385,14.16,67.97,4.44,3.3
4513,"Pasta, egg noodles, spinach, enriched, dry",382,14.61,67.52,4.55,2.8
4514,"Pasta, egg noodles, spinach, enriched, cooked",132,5.04,22.95,1.57,1.3
4515,"Pasta, spaghetti, enriched, dry",371,13.04,71.47,1.51,3.2
4516,"Pasta, spaghetti, whole-wheat, dry",348,14.63,67.13,1.4,7.9
4517,"Pasta, spaghetti, whole-wheat, cooked",124,5.33,23.34,0.54,3.2
4518,"Pasta, spaghetti, spinach, enriched, dry",372,13.35,66.91,1.57,7.9
4519,"Pasta, spaghetti, spinach, enriched, cooked",130,4.58,22.85,0.63,3.3
452,"Vegetable oil, mustard",885,0,0,100,0
4520,"Pasta, macaroni (elbow), unenriched, cooked",158,5.8,29.66,0.93,1.2
4521,"Pasta, egg noodles, unenriched, dry",385,14.16,67.97,4.44,3.3
4522,"Pasta, spaghetti, unenriched, dry",371,13.04,71.47,1.51,3.2
4523,"Grains, rice, white, long-grain, regular, cooked",130,2.69,27.77,0.28,0.4
4524,"Pasta, macaroni (elbow), unenriched, dry",371,13.04,71.67,1.51,3
4525,"Grains, rice, white, long-grain, regular, cooked, salted",130,2.69,27.77,0.28,0.4
4526,"Pasta, spaghetti, protein-fortified, enriched, dry",375,19.86,64.06,2.23,3.5
4527,"Pasta, spaghetti, protein-fortified, enriched, cooked",164,8.08,30.36,0.21,1.3
4528,"Seeds, flaxseed (linseed), whole and ground",534,18.29,1.58,42.16,27.3
4529,"Grains, barley, malt, dry",368,13.1,77.4,1.9,
453,"Vegetable oil, sunflower, oleic (70% and over)",885,0,0,100,0
4530,"Grains, wheat flour, white, high gluten",319,13.9,64.71,1.6,2.9
4532,"Fast foods, breakfast, biscuit with egg",274,8.53,22.86,16.23,0.6
4533,"Fast foods, breakfast, biscuit with egg and bacon",305,11.33,18.56,20.73,0.5
4534,"Fast foods, breakfast, biscuit with egg and ham",233,10.64,15.97,14.08,0.4
4535,"Fast foods, breakfast, biscuit with egg and sausage",312,11.13,20.85,20.77,0.2
4536,"Fast foods, breakfast, biscuit with egg and steak",277,12.12,13.47,19.21,0.9
4537,"Fast foods, breakfast, biscuit with egg, cheese and bacon",301,12.01,23.64,17.48,0.8
4538,"Fast foods, breakfast, biscuit with ham",342,11.85,38.05,16.3,0.7
4539,"Fast foods, breakfast, biscuit with sausage",371,9.67,29.59,24.42,0.4
454,"Shortening, special purpose, cake and icing (frosting)",885,0,0,100,0
4541,"Fast foods, breakfast, croissant with egg and cheese",304,10.07,21.45,19.45,1
4542,"Fast foods, breakfast, croissant with egg, cheese and bacon",320,12.58,17.43,21.98,0.9
4543,"Fast foods, breakfast, croissant with egg, cheese and ham",296,12.45,10.94,22.09,0.9
4544,"Fast foods, breakfast, croissant with egg, cheese and sausage",308,12.09,14.1,21.78,1.8
4549,"Fast foods, breakfast, english muffin with butter",300,7.73,45.99,9.14,2.2
455,"Shortening, special purpose, baking",885,0,0,100,0
4550,"Fast foods, breakfast, english muffin with cheese and sausage",338,13.28,24.78,20.67,0.5
4551,"Fast foods, breakfast, english muffin with egg, cheese and bacon",228,13.64,21.27,9.66,0.4
4552,"Fast foods, breakfast, english muffin with egg, cheese and sausage",286,13.38,16.54,18.1,0.9
4553,"Fast foods, breakfast, french toast with butter",264,7.66,25.7,13.9,1
4554,"Fast foods, breakfast, french toast sticks",340,6,39.81,17.74,1.4
4556,"Fast foods, breakfast, potatoes, hashed brown",272,2.58,26.18,17.04,2.7
4557,"Fast foods, dessert, ice cream, light, vanilla, soft serve with cone",163,4.24,26.26,4.86,0.1
4558,"Fast foods, dessert, animal crackers",446,6.18,75.33,13.43,
4559,"Fast foods, dessert, cookies, chocolate chip",423,5.25,63.06,22.08,2.8
456,"Vegetable oil, oat",885,0,0,100,0
4561,"Fast foods, dessert, sundae, caramel",196,4.71,31.81,5.98,0
4562,"Fast foods, dessert, sundae, hot fudge",180,3.57,30.17,5.46,0
4563,"Fast foods, dessert, sundae, strawberry",175,4.09,29.18,5.13,0
4564,"Fast foods, entree, chicken, breaded and fried, dark meat (drumstick or thigh)",291,20.32,10.41,18.04,0.2
4565,"Fast foods, entree, chicken, breaded and fried, light meat (breast or wing)",303,21.91,11.71,18.11,0.3
4571,"Fast foods, entree, chili con carne",101,9.73,6.77,3.27,1.9
4572,"Fast foods, entree, clams, breaded and fried",392,11.15,32.55,22.96,1.2
4575,"Fast foods, entree, crab cake",266,18.75,8.12,17.25,0.4
4576,"Fast foods, entree, fish fillet, battered or breaded, fried",232,14.66,16.47,12.29,0.5
4577,"Fast foods, entree, oysters, battered or breaded, fried",265,9.02,27.79,12.9,0.9
4579,"Fast foods, entree, salad, vegetable, no dressing",16,1.25,2.52,0.07,0.7
4580,"Fast foods, entree, salad, vegetable, no dressing, with cheese and egg",47,4.04,1.79,2.67,0.4
4581,"Fast foods, entree, salad, vegetable, no dressing, with chicken",48,8,1.31,1,0.4
4582,"Fast foods, entree, salad, vegetable, no dressing, with pasta and seafood",91,3.94,7.07,5,0.6
4583,"Fast foods, entree, salad, vegetable, no dressing, with shrimp",45,6.15,2.3,1.05,0.5
4584,"Fast foods, entree, salad, vegetable, no dressing, with turkey, ham and cheese",82,7.98,1.05,4.93,0.4
4585,"Fast foods, entree, scallops, breaded and fried",268,10.94,25.93,13.47,0.8
4586,"Fast foods, entree, shrimp, breaded and fried",308,7.84,27.29,18.9,0.7
4587,"Fast foods, mexican, burrito with beans",206,6.48,28.52,6.22,4.4
4588,"Fast foods, mexican, burrito with beans and cheese",205,7.35,27.03,6.05,4.2
4589,"Fast foods, mexican, burrito with beans and chili peppers",202,8.03,21.97,7.19,6.5
4590,"Fast foods, mexican, burrito with beans and beef",191,11.52,16.52,7.47,3
4591,"Fast foods, mexican, burrito with beans, cheese and beef",180,7.03,19.67,6.8,3.7
4592,"Fast foods, mexican, burrito with beans, cheese and chili peppers",197,9.91,20.45,6.84,4.9
4593,"Fast foods, mexican, burrito with beef",238,12.09,25.1,9.46,1.5
4594,"Fast foods, mexican, burrito with beef and chili peppers",212,10.7,23.2,8.23,1.4
4595,"Fast foods, mexican, burrito with beef, cheese and chili",208,13.46,19.56,8.15,1.4
4596,"Fast foods, dessert, burrito with fruit (apple or cherry)",312,3.38,45.27,12.87,2
4597,"Fast foods, mexican, chimichanga with beef",244,11.27,23.2,11.31,1.4
4598,"Fast foods, mexican, chimichanga with beef and cheese",242,10.96,20.09,12.81,1.4
4599,"Fast foods, mexican, chimichanga with beef and red chili",223,9.53,22.29,10.07,1.8
46,"Cheese, roquefort (blue)",369,21.54,2,30.64,0
4600,"Fast foods, mexican, chimichanga with beef, cheese and red chili peppers",202,8.15,19.36,9.75,1.9
4601,"Fast foods, mexican, enchilada with cheese",196,5.91,16.01,11.56,1.5
4602,"Fast foods, mexican, enchilada with cheese and beef",168,6.21,14.37,9.19,1.5
4603,"Fast foods, mexican, enchirito with cheese, beef and beans",178,9.27,14.11,8.33,3.4
4604,"Fast foods, mexican, frijoles (pinto beans) with cheese",135,6.81,12.29,4.66,4.9
4605,"Fast foods, mexican, nachos with cheese",343,4.32,31.71,21.5,3.2
4607,"Fast foods, mexican, nachos with cheese, beans, ground beef and tomatoes",219,6.21,17.69,12.48,3.7
4609,"Fast foods, mexican, taco with beef, cheese and lettuce, hard shell",226,8.86,15.95,12.7,3.9
4610,"Fast foods, mexican, taco salad",141,6.68,10.51,7.46,1.4
4611,"Fast foods, mexican, taco salad with chili con carne",111,6.67,8.78,5.03,1.4
4612,"Fast foods, mexican, tostada with beans and cheese",155,6.67,15.42,6.85,3
4613,"Fast foods, mexican, tostada with beans, beef and cheese",148,7.15,11.38,7.53,1.8
4614,"Fast foods, mexican, tostada with beef and cheese",193,11.65,12.87,10.03,1.1
4615,"Fast foods, mexican, tostada with guacamole",138,4.78,9.87,8.91,2.4
4616,"Fast foods, sandwiches and burgers, cheeseburger, regular, single patty, plain",308,16.51,26.03,14.72,2
4617,"Fast foods, sandwiches and burgers, cheeseburger, regular, single patty, with condiments",270,13.49,23.56,12.9,1.9
4618,"Fast foods, sandwiches and burgers, cheeseburger, regular, single patty, with condiments and vegetables",254,13.06,23.57,11.5,1.4
4619,"Fast foods, sandwiches and burgers, cheeseburger, regular, double patty, plain",308,17.16,20,17.4,0.8
4620,"Fast foods, sandwiches and burgers, cheeseburger, regular, double patty, with condiments and vegetables",251,12.8,20.2,12.7,1
4621,"Fast foods, sandwiches and burgers, cheeseburger, regular, double patty and bun, with condiments",282,16.24,17.17,16.18,0.8
4622,"Fast foods, sandwiches and burgers, cheeseburger, regular, double patty and bun, with condiments and vegetables",285,13.04,22.5,15.47,0.8
4623,"Fast foods, sandwiches and burgers, cheeseburger, large, single patty, plain",310,17.29,22.37,15.97,1.7
4624,"Fast foods, sandwiches and burgers, cheeseburger, large, single patty, with bacon and condiments",282,15.78,17.59,15.86,1.3
4626,"Fast foods, sandwiches and burgers, cheeseburger, large, single patty, with ham, condiments and vegetables",286,15.55,12.11,18.97,0.9
4627,"Fast foods, sandwiches and burgers, cheeseburger, large, double patty, with condiments and vegetables",273,14.72,14.37,16.92,1
4628,"Fast foods, sandwiches and burgers, cheeseburger, large, triple patty, plain",310,18.2,15.66,19.17,0.5
4629,"Fast foods, sandwiches and burgers, chicken fillet sandwich, plain",283,13.25,20.26,16.18,1
463,"Shortening, multipurpose, hydrogenated soybean and palm",885,0,0,100,0
4631,"Fast foods, sandwiches and burgers, egg and cheese sandwich",233,10.69,16.86,13.3,0.9
4632,"Fast foods, sandwiches and burgers, fish sandwich with tartar sauce",257,10.29,25.69,12.45,1
4633,"Fast foods, sandwiches and burgers, fish sandwich with tartar sauce and cheese",279,11.26,25.59,14.64,0.8
4634,"Fast foods, sandwiches and burgers, hamburger, regular, single patty, plain",297,16.52,29.8,12.01,1.7
4635,"Fast foods, sandwiches and burgers, hamburger, regular, single patty, with condiments",263,13.3,27.77,10.18,1.8
4636,"Fast foods, sandwiches and burgers, hamburger, regular, single patty, with condiments and vegetables",254,11.74,23.21,12.25,1.6
4637,"Fast foods, sandwiches and burgers, hamburger, regular, double patty, plain",295,17.08,23.2,14.36,0.9
4638,"Fast foods, sandwiches and burgers, hamburger, regular, double patty, with condiments",268,14.8,17.12,15.1,0.9
4639,"Fast foods, sandwiches and burgers, hamburger, large, single patty, plain",311,16.51,23.16,16.73,
464,"Animal fat, lard (pork)",902,0,0,100,0
4641,"Fast foods, sandwiches and burgers, hamburger, large, triple patty, with condiments",267,19.3,10.44,16.01,0.6
4642,"Fast foods, sandwiches and burgers, ham and cheese sandwich",241,14.17,21.64,10.6,1.2
4643,"Fast foods, sandwiches and burgers, ham, egg and cheese sandwich",243,13.46,20.54,11.4,1.1
4644,"Fast foods, hot dog, plain",247,10.6,17.4,14.84,1
4645,"Fast foods, hot dog with chili",260,11.85,25.75,11.79,1.7
4646,"Fast foods, corn dog, wiener/sausage with cornflour coating",263,9.6,30.38,10.8,1.5
4647,"Fast foods, sandwiches and burgers, roast beef sandwich, plain",249,15.47,22.26,9.9,1.8
4648,"Fast foods, sandwiches and burgers, roast beef sandwich with cheese",269,18.31,25.08,10.23,0.7
4649,"Fast foods, sandwiches and burgers, steak sandwich",225,14.87,24.57,6.9,0.9
4650,"Fast foods, sandwiches and burgers, submarine sandwich on white bread with coldcuts, lettuce and tomatoes",213,10.52,19.23,10.04,1.2
4651,"Fast foods, sandwiches and burgers, submarine sandwich on white bread with roast beef, lettuce and tomatoes",156,12.17,19.64,2.73,0.7
4652,"Fast foods, sandwiches and burgers, submarine sandwich on white bread, with tuna salad, lettuce and tomatoes",218,12.33,15.25,12.04,0.7
4653,"Fast foods, side dish, coleslaw",153,0.95,13.29,9.91,1.6
4654,"Fast foods, side dish, corn on the cob with butter",106,3.06,18.28,2.35,3.6
4655,"Fast foods, side dish, hush puppies",296,6.16,37.31,13.25,2.9
4656,"Fast foods, side dish, onion rings, breaded and fried",411,3.86,40.88,25.23,2.7
4657,"Fast foods, side dish, potato, baked, topped with cheese sauce",168,4.94,16.48,9.71,1.4
4658,"Fast foods, side dish, potato, baked, topped with cheese sauce and bacon",163,6.16,16.84,8.66,1.6
4659,"Fast foods, side dish, potato, baked, topped with cheese sauce and broccoli",133,4.03,16.3,6.32,1.7
4660,"Fast foods, side dish, potato, baked, topped with cheese sauce and chili",131,5.88,15.02,5.53,1.7
4661,"Fast foods, side dish, potato, baked, topped with sour cream and chives",141,2.21,18.03,7.39,1.5
4662,"Fast foods, side dish, potato, french-fried in beef tallow",312,3.99,35.37,16.09,3.2
4663,"Fast foods, side dish, potato, french-fried in beef tallow and vegetable oil",311,3.99,35.27,16.09,3.3
4664,"Fast foods, side dish, potato, french-fried in vegetable oil",312,3.43,37.64,14.73,3.8
4665,"Fast foods, side dish, potato, mashed",89,1.65,13.35,2.82,1.3
4666,"Fast foods, side dish, potato salad",114,1.53,12.23,6.03,1.3
4669,"Fast foods, sandwiches and burgers, hamburger, large, double patty, with condiments and vegetables",239,15.17,16.72,11.75,1.1
47,"Cheese, swiss (emmental)",380,26.93,5.38,27.8,0
4711,"Milk, fluid, chocolate, partly skimmed, 1% M.F.",71,3.24,12.1,1,0.5
4721,"Egg, chicken, white, dried",382,81.1,7.8,0,0
4723,"Spices, rosemary, fresh",131,3.31,6.6,5.86,14.1
4725,"Spices, spearmint, fresh",44,3.29,1.61,0.73,6.8
4726,"Spices, spearmint, dried",285,19.93,22.24,6.03,29.8
4728,"Soup, stock, fish, homemade",16,2.26,0,0.81,0
4733,"Sauce, cheese sauce mix, dry, unprepared",438,7.68,59.52,18.33,1
4735,"Sauce, pasta, spaghetti or marinara, ready-to-serve",49,1.41,5.73,1.48,1.8
4736,"Tomato, crushed, canned",32,1.64,5.39,0.28,1.9
4745,"Beef, brisket, whole, lean and fat, 3mm (1/8"") trim,  raw",251,18.42,0,19.06,0
4746,"Beef, brisket, whole, lean and fat, 3mm (1/8"") trim, braised",331,25.85,0,24.5,0
4757,"Beef, hip, rump roast, lean and fat, 3mm (1/8"") trim,  raw",184,20.56,0,10.68,0
4758,"Beef, hip, rump roast, lean and fat, 3mm (1/8"") trim, broiled",218,27.58,0,11.08,0
4776,"Hot chocolate with marshmallows, powder, mix",400,2.8,71.3,15,3.7
4777,"Hot chocolate, rich, mix, powder",400,3,71,15,4
4778,"Hot chocolate, cocoa, without sugar, mix, powder",333,13,61,2.9,5
4779,"Coffee, brewed, espresso, restaurant prepared",9,0.12,1.67,0.18,0
4780,"Plant-based beverage, rice, enriched",47,0.28,8.87,0.97,0.3
4781,"Lamb, Canadian, composite cuts, lean and fat, 3mm (1/8"") trim, raw",243,20.35,0,7.86,0
4782,"Lamb, Canadian, composite cuts, lean and fat, 3mm (1/8""), cooked",271,27.12,0,14.21,0
4783,"Lamb, Canadian, foreshank, lean and fat, 3mm trim (1/8''), raw",153,21.05,0,7.29,0
4784,"Lamb, Canadian, foreshank, lean and fat, 3mm (1/8"") trim, cooked",233,28.84,0,12.65,0
4785,"Lamb, Canadian, leg, whole, lean and fat, 3mm (1/8"") trim, raw",147,20.74,0,6.61,0
4786,"Lamb, Canadian, leg, whole, lean and fat, 3mm (1/8"") trim, cooked",230,28.17,0,12.66,0
4791,"Lamb, Canadian, loin, lean and fat, 3mm (1/8"") trim, raw",194,20.03,0,11.92,0
4792,"Lamb, Canadian, loin, lean and fat, 3mm (1/8"") trim, cooked",272,27.07,0,17.42,0
4794,"Lamb, Canadian, rib, lean and fat, 3mm (1/8"") trim, raw",218,19.34,0,14.64,0
4795,"Lamb, Canadian, rib, lean and fat, 3mm (1/8"") trim, cooked",309,26.74,0,21.57,0
4797,"Lamb, Canadian, shoulder, whole, lean and fat, 3mm (1/8"") trim, raw",140,20.16,0,6.22,0
48,"Cheese, tilsit, with whole milk",340,24.41,1.88,25.98,0
4800,"Lamb, Canadian, shoulder, whole , lean and fat, 3mm (1/8"") trim,  cooked",225,25.79,0,13.26,0
4809,"Lamb, New Zealand, frozen, composite, lean and fat, 3mm (1/8"") trim, raw",232,17.95,0,17.2,0
4810,"Lamb, New Zealand, frozen, composite, lean and fat, 3mm (1/8"") trim, cooked",270,25.26,0,17.98,0
4811,"Lamb, New Zealand, frozen, foreshank, separable lean and fat, 3mm (1/8"") trim, raw",223,18.04,0,16.15,0
4812,"Lamb, New Zealand, frozen, foreshank, separable lean and fat, 3mm (1/8"") trim, braised",258,26.97,0,15.83,0
4813,"Lamb, New Zealand, frozen, leg, whole, lean and fat, 3mm (1/8"") trim, raw",201,18.76,0,13.37,0
4814,"Lamb, New Zealand, frozen, leg, whole, lean and fat, 3mm (1/8"") trim, roasted",234,25.34,0,13.95,0
4815,"Lamb, New Zealand, frozen, loin, separable lean and fat, 3mm (1/8"") trim, raw",273,17.18,0,22.1,0
4816,"Lamb, New Zealand, frozen, loin, separable lean and fat, 3mm (1/8"") trim, broiled",296,24.41,0,21.28,0
4817,"Lamb, New Zealand, frozen, rib, lean and fat, 3mm (1/8"") trim, raw",311,15.87,0,27,0
4818,"Lamb, New Zealand, frozen, rib, lean and fat, 3mm (1/8"") trim, roasted",317,19.86,0,25.74,0
4819,"Lamb, New Zealand, frozen, shoulder, whole, separable lean and fat, 3mm (1/8"") trim, raw",251,17.19,0,19.74,0
4820,"Lamb, New Zealand, frozen, shoulder, whole, separable lean and fat, 3mm (1/8"") trim, braised",342,29.43,0,24.03,0
4821,"Cake, pound, commercial, fat free",283,5.4,59.9,1.2,1.1
4823,"Cake, yellow, light, dry mix, unprepared",404,4.7,82.8,5.5,1.3
4828,"Candies, confectioner's coating, yogourt",522,5.87,63.94,27,0
4829,"Candies, halavah (halvah), plain",469,12.49,55.99,21.52,4.5
4830,"Sweets, baking chocolate, M&M's Semisweet Chocolate Mini Baking Bits",517,4.44,59.26,26.15,6.7
4831,"Sweets, baking chocolate, milk chocolate, mini bits",503,4.78,65.7,23.36,2.7
4832,"Candies, M&M's, mini milk chocolate",503,4.78,65.7,23.36,2.7
4833,"Dessert, frozen, ice, Italian, restaurant prepared",53,0.03,13.5,0.02,0
4839,"Duck, young duckling, domestic, White Pekin, breast, meat and skin, boneless, roasted",202,24.5,0,10.85,0
4840,"Duck, duckling, domestic, Pekin, breast, meat only, boneless, cooked without skin, broiled",140,27.6,0,2.5,0
4841,"Duck, duckling, domestic, Pekin, leg, meat only, bone in, cooked without skin, braised",178,29.1,0,5.96,0
4843,"Deli-meat, chicken breast (honey glazed)",109,19.85,4.3,1.5,0
4849,"Tomato, yellow, raw",15,0.98,2.28,0.26,0.7
4854,"Broadbeans (fava beans), in pod, raw",88,7.92,10.13,0.73,7.5
4855,"Grape leaves (vine leaves), raw",93,5.6,6.31,2.12,11
4858,"Pepper, serrano, raw",32,1.74,3,0.44,3.7
4859,"Pepper, ancho, dried",281,11.86,29.82,8.2,21.6
4860,"Pepper, jalapeno, raw",29,0.91,3.7,0.37,2.8
4861,"Pepper, chili, green, canned",21,0.72,2.9,0.27,1.7
4862,"Pepper, Hungarian, raw",29,0.8,5.7,0.41,1
4863,"Pepper, pasilla, dried",345,12.35,24.33,15.85,26.8
4865,"Fireweed, native, leaves, raw",103,4.71,8.62,2.75,10.6
4866,"Mushroom, oyster, raw",33,3.31,3.79,0.41,2.3
4867,"Mushroom, straw, canned, drained solids",32,3.83,2.14,0.68,2.5
4868,"Wasabi, root, (Japanese horseradish), raw",109,4.8,15.74,0.63,7.8
4869,"Lentils, pink, raw",358,23.91,52.3,2.17,10.8
4871,"Grains, corn flour, degermed, unenriched, yellow",375,5.59,80.85,1.39,1.9
4872,"Grains, barley flour",345,10.5,64.42,1.6,10.1
4873,"Grains, barley, malt flour",361,10.28,71.2,1.84,7.1
4874,"Pasta, rice noodles, cooked",108,1.79,23.01,0.2,1
4875,"Duck, duckling, domestic, Pekin, leg, meat and skin, bone in, roasted",217,26.75,0,11.4,0
4880,"Tomato, orange, raw",16,1.16,2.28,0.19,0.9
4884,"Mushroom, fungi, Cloud ears, dried",284,9.25,2.91,0.73,70.1
4887,"Snacks, RICE KRISPIES SQUARES",414,3.4,79.9,9,0.6
4888,"Pasta, rice noodles, dry",364,5.95,78.58,0.56,1.6
4903,"Soup, NISSIN, OODLES OF NOODLES TOP RAMEN, ramen noodles, oriental flavour, dry",453,9.3,65.1,17.1,0.4
4904,"Soup, NISSIN, CUP NOODLES, ramen noodle, chicken flavour, dry",463,8.7,55.1,22,2.4
4905,"Sauce, Alfredo, dehydrated",535,15.32,34.52,36.35,2
4906,"Fiddlehead greens (ferns), raw",34,4.55,5.54,0.4,
4908,"Tea, iced, lemon flavour, ready-to-drink",36,0,9.09,0,0
4909,"Tofu, regular; soft or firm, prepared with magnesium chloride (nigari)",91,9.89,1.6,5.83,0.4
4910,"Tofu, silken, soft",55,4.8,2.8,2.7,0.1
4911,"Tofu, silken, firm",62,6.9,2.3,2.7,0.1
4912,"Tofu, silken, extra firm",55,7.4,1.9,1.9,0.1
4913,"Tofu, silken, light, firm",37,6.3,1.1,0.8,0
4914,"Tofu, silken, light, extra firm",38,7,1,0.7,0
4915,"Cracker, cheese, reduced fat",418,10,64.89,11.67,3.3
4917,"Dessert, frozen, ice cream, light, with aspartame, vanilla",169,3.97,21.42,7.45,0
4925,"Pasta with sliced franks in tomato sauce, canned",90,4.37,11.09,2.38,1.6
4931,"Chicken breast with broccoli and cheese stuffing, frozen",155,12.4,3,10.2,0.4
4933,"Macaroni and beef in tomato sauce, frozen",91,6.07,11.53,1.54,1.7
4935,"Beef pot roast with whipped potatoes, frozen",72,4.98,7.09,2.14,1.2
4936,"Creamed chipped beef, frozen",110,7.52,6.97,5.71,0.1
4939,"Oriental beef with vegetables and rice, frozen",74,4.96,10.55,1.08,0.5
4940,"Salisbury steak in gravy with macaroni and cheese, frozen",102,6.36,6.37,5.17,1.1
4941,"Stuffed cabbage with meat in tomato sauce and whipped potatoes, frozen",73,4.03,7.57,2.28,1.5
4942,"Breakfast, scrambled eggs & sausage with hashed brown potatoes, frozen",204,7.1,8.9,15.2,0.8
4951,"Chicken enchilada and mexican-style rice with Monterey Jack cheese sauce, frozen",150,5.42,20.24,4.69,1.3
4954,"Chicken nuggets, macaroni in cheese sauce, corn in a seasoned sauce and chocolate pudding, frozen",178,7.2,16.87,7.78,2.9
4962,"Pizza, pepperoni, frozen, cooked",296,11.21,26.31,15.2,2.2
4963,"Chili con carne with beans, canned",107,5.8,9.8,3.47,3.3
4964,"Beef stew, canned",99,4.41,6.95,5.53,0.9
4965,"Chicken pot pie, frozen, prepared",204,5.11,18.11,11.85,1.1
4970,"Sauce, mustard, yellow, ready-to-serve",60,3.74,1.83,3.34,4
4973,"Mushroom, portabella (portobello), raw",22,2.11,2.57,0.35,1.3
4974,"Mushroom, brown, Italian (crimini), raw",22,2.5,3.7,0.1,0.6
4975,"Nuts, macadamia, dry roasted, unsalted",719,7.79,5.38,76.08,8
4976,"Nuts, macadamia, dry roasted, salted",716,7.79,4.83,76.08,8
4979,"Carbonated drinks, cola with aspartame, decaffeinated",1,0.12,0.12,0,0
4980,"Carbonated drinks, cola, decaffeinated",41,0,10.58,0,0
4981,"Coffee, brewed, prepared with municipal water, decaffeinated",0,0.1,0,0,0
4983,"Coffee, instant, French vanilla flavour, with aspartame and acesulfame potassium, fat free, sugar free, low calorie, powder",363,3.1,71.1,4.9,4.9
4985,"Tea, brewed, prepared with tap water, decaffeinated",1,0,0.3,0,0
4986,"Soybean, fermented products, Tempeh (tempe), cooked",197,18.19,9.35,11.38,
4988,"Game meat, bison, top sirloin, separable lean only, raw",113,21.4,0,2.4,0
4989,"Game meat, bison, rib eye, separable lean only, raw",116,22.1,0,2.4,0
4990,"Waffle, whole wheat, low fat",201,6.5,35,3.5,4
4991,"Muffin, blueberry flavour (artificial), dry mix, unprepared",407,4.7,77.45,8.7,
4993,"Game meat, bison, shoulder, separable lean only, raw",109,21.1,0,2.1,0
4994,"Toaster pastry, fruit (strawberry, cherry, apple), low fat",363,4.2,68.8,5.4,5.6
4995,"Beef, ground, medium, crumbled, pan-fried",285,29.2,0,17.83,0
4996,"Beef, ground, extra lean, raw",158,20.88,0,7.59,0
4997,"Beef, ground, extra lean, patty, pan-fried",220,30.25,0,10.05,0
4998,"Beef, ground, extra lean, crumbled, pan-fried",222,30.65,0,10.13,0
5,"Chinese dish, chow mein, chicken",85,6.76,7.29,2.8,1
5001,"Sauce, nacho cheese sauce, ready-to-serve",189,7.17,3.2,16.07,0.8
5002,"Deli-meat, turkey breast, cooked, fat free, sliced",106,19.19,4.08,0.97,0
5009,"Beef, ground, lean, crumbled, pan-fried",258,29,0,14.85,0
5010,"Beef, ground, regular, crumbled, not rinsed, pan-fried",324,28.68,0,22.33,0
501097,"Meal replacement (cereal), ready to eat, Vector, Kellogg's",370,9.9,72.32,5.4,6.7
501098,"Cabbage, napa, raw",14,1.2,2.4,0.1,0.6
5011,"Beef, ground, regular, crumbled, pan-fried, rinsed",249,26.43,0,15.1,0
501502,"Deli-meat, prosciutto (parma ham) dry-cured",306,26.65,11.71,16.27,0
501506,"Cream, substitute, flavoured, liquid",251,0.69,33.97,13.5,1.1
501507,"Cream, substitute, flavoured, powdered",482,0.68,74.22,21.47,1.2
501509,"Seasoning mix, taco, dry mix",322,4.5,44.7,0,13.3
501510,"Salad dressing, honey mustard, calorie-reduced",207,0.98,27.46,10,0.8
501515,"Chicken breast tenders, breaded, cooked in conventional oven",293,15.78,15.7,17.69,1.3
501516,"Chicken breast tenders, breaded, cooked in microwave",252,16.35,17.56,12.89,0
501518,"Sauce, spaghetti, with mushroom and green pepper, ready-to-serve",69,1.54,7.7,2.31,2.3
501519,"Sauce, spaghetti, with onion and garlic, ready-to-serve",92,1.54,11.55,3.46,2.3
501520,"Soup, red pepper and black bean, ready-to-serve, reduced sodium",48,1.75,7.47,0.49,1.8
501521,"Soup, butternut squash, ready-to-serve",35,0.7,5.32,0.73,1
501522,"Sauce, spaghetti, with garden vegetables, ready-to-serve",69,1.54,10.78,1.15,2.3
501523,"Bar, milk and cereal",413,6.47,71.65,10.98,0.4
501524,"Water, fruit flavour, sweetened with artificial sweetener",1,0,0.13,0,0
501525,"Drink, breakfast type, orange, reduced sugar",4,0.04,0.9,0,0
501526,"Plant-based beverage, soy, enriched, chocolate",63,2.26,9.55,1.53,0.4
501527,"Plant-based beverage, soy, enriched, all flavours, unsweetened",33,2.86,1.24,1.61,0.5
501528,"Plant-based beverage, soy, enriched, all flavours, low fat",43,1.65,6.4,0.62,0.8
501529,"Plant-based beverage, soy, enriched, all flavours, fat free",28,2.47,3.94,0.04,0.2
501530,"Muffin, blueberry, commercial, reduced fat",255,4.23,45.85,4.22,4.2
501531,"Dessert, frozen, ice cream, vanilla, reduced sugar",216,3.17,17.43,12.7,4.8
501532,"Dessert, frozen, ice cream, chocolate, reduced sugar",237,3.8,22,12.7,4.8
501533,"Grains, wheat, kamut khorasan, cooked",132,5.71,23.3,0.83,4.3
501534,"Grains, spelt, cooked",127,5.5,22.54,0.85,3.9
501535,"Grains, teff, cooked",101,3.87,17.06,0.65,2.8
501536,"Fast foods, sandwiches and burgers, crispy chicken fillet sandwich, with lettuce tomato and mayonnaise",276,10.94,26,13.59,1.4
501537,"Dessert, frozen, light ice cream, soft serve, blended with milk chocolate candies",182,4.02,26.62,6.46,0.2
501538,"Dessert, frozen, light ice cream, soft serve, blended with cookie pieces",169,3.97,25.45,5.66,0.1
501539,"Burrito, bean and cheese, microwaved",261,8.6,29.97,7.17,10.4
501541,"Egg roll, pork, refrigerated, heated",222,9.94,27.4,7.17,2.1
501542,"Egg roll, chicken, refrigerated, heated",197,10.44,26.14,4.51,2.4
501543,"Egg roll, vegetable, refrigerated, heated",214,5.95,29.37,6.97,2.4
501545,"Snacks, popcorn, microwave, butter flavour",557,7.5,45.16,34.02,10
501546,"Snacks, pretzels, soft, unsalted",345,8.2,69.34,3.1,1.7
501548,"Cattail, narrow leaf shoots, native",25,1.18,0.64,0,4.5
501549,"Rose hips, wild, native",162,1.6,14.12,0.34,24.1
501551,"Milk, fluid, goat, unenriched, whole",69,3.56,4.45,4.14,0
501552,"Cookie, oatmeal, refrigerated dough, prepared",471,6,62.9,21,2.8
501553,"Cookie, peanut butter, refrigerated dough, prepared",503,9.1,56.1,27.5,1.2
501574,"Cereal, ready-to-eat, amaranth flakes",353,15.54,61.65,7,9.5
501575,"Arrowhead, boiled, drained, with salt",78,4.49,16.14,0.1,
501576,"Artichoke (Globe, French), frozen, boiled, drained, with salt",45,3.11,4.58,0.5,4.6
501577,"Asparagus, canned, solids and liquid, unsalted",15,1.8,1.48,0.18,1
501578,"Asparagus, boiled, drained, with salt",22,2.4,2.11,0.22,2
501579,"Asparagus, frozen, boiled, drained, with salt",18,2.95,0.32,0.42,1.6
501580,"Balsam-pear (bitter gourd, bitter melon), leafy tips, boiled, drained, with salt",33,3.6,4.26,0.2,1.9
501581,"Balsam-pear (bitter gourd, bitter melon), pods, boiled, drained, with salt",19,0.84,2.32,0.18,2
501582,"Bamboo shoots, boiled, drained, with salt",11,1.53,0.52,0.22,1
501583,"Beans, kidney, all types, boiled, with salt",127,8.67,16.4,0.5,6.4
501584,"Beans, kidney, all types, boiled",127,8.67,16.4,0.5,6.4
501585,"Beans, kidney, all types, raw",333,23.58,35.11,0.83,24.9
501586,"Beans, kidney, sprouted, boiled, drained, with salt",33,4.83,4.72,0.58,
501587,"Beans, navy, mature seeds, sprouted, boiled, drained, with salt",78,7.07,15.01,0.81,
501588,"Beans, pinto, frozen, boiled, drained, with salt",162,9.31,22.28,0.48,8.6
501589,"Beans, pinto, mature seeds, sprouted,  boiled, drained, with salt",20,1.86,3.5,0.32,
501590,"Beans, snap (Italian, green or yellow), canned, drained solids, unsalted",22,1.12,2.42,0.46,1.9
501591,"Beans, snap (Italian, green or yellow), canned, solids and liquid, unsalted",15,0.8,2,0.1,1.5
501592,"Beef pot pie, frozen, prepared",220,7.25,21.25,11.39,0.8
501593,"Beef, tripe, simmered",94,11.71,1.99,4.05,0
501594,"Beet greens, boiled, drained, with salt",27,2.57,2.56,0.2,2.9
501595,"Beets, boiled, drained, with salt",44,1.68,7.96,0.18,2
501596,"Biscuit, plain/buttermilk, dry mix, prepared",335,7.3,46.6,12.1,1.8
501597,"Blackberry, wild, raw",52,0.84,6.64,1.07,3.2
501599,"Blueberry, wild, raw",61,1.22,9.71,0.76,2.6
501600,"Borage, boiled, drained, with salt",25,2.09,3.55,0.81,
501601,"Bread, cornbread (also corn muffin mix), dry mix, prepared",330,6.59,52.16,9.58,2.3
501602,"Bread, Irish soda, homemade",290,6.6,53.4,5,2.6
501603,"Broadbeans (fava beans), fresh, boiled, drained, with salt",62,4.8,10.1,0.5,
501604,"Broccoli, frozen, chopped, boiled, drained, with salt",28,3.1,2.35,0.12,3
501605,"Brussels sprouts, boiled, drained, with salt",36,2.55,4.5,0.5,2.6
501606,"Brussels sprouts, frozen, boiled, drained, with salt",42,3.64,4.22,0.39,4.1
501607,"Burdock root, boiled, drained, with salt",88,2.09,19.35,0.14,1.8
501608,"Butterbur (fuki), boiled, drained, with salt",8,0.23,2.16,0.02,
501609,"Cabbage, red, boiled, drained, with salt",29,1.51,4.34,0.09,2.6
501610,"Cabbage, savoy, boiled, drained, with salt",24,1.8,2.61,0.09,2.8
501611,"Cake, shortcake, biscuit-type, homemade",346,6.1,48.5,14.2,
501612,"Candies, bars, Twix, chocolate fudge cookie",550,7.3,53,33.3,3
501613,"Cardoon, boiled, drained, with salt",20,0.76,3.04,0.11,1.7
501614,"Carrot, boiled, drained, with salt",35,0.76,5.22,0.18,3
501615,"Carrot, frozen, boiled, drained, with salt",37,0.58,4.43,0.68,3.3
501616,"Carrot, canned, drained solids, unsalted",25,0.64,4.04,0.19,1.5
501617,"Carrot, canned, solids ans liquid, unsalted",23,0.59,3.56,0.14,1.8
501618,"Cauliflower, boiled, drained, with salt",23,1.84,1.81,0.45,2.3
501619,"Cauliflower, frozen, boiled, drained, with salt",17,1.61,0.46,0.22,2.7
501620,"Celeriac, boiled, drained, with salt",27,0.96,5.9,0.19,
501621,"Chrysanthemum, garland, boiled, drained, with salt",20,1.64,2.01,0.09,2.3
501622,"Mollusks, cockle, raw",79,13.5,4.7,0.7,
501623,"Collards, frozen, boiled, drained, with salt",36,2.97,4.3,0.41,2.8
501624,"Corn, sweet, white, on or off the cob, boiled, drained, with salt",98,3.34,19.01,1.41,2.7
501625,"Corn, sweet, white, on or off the cob, boiled, drained",98,3.34,19.01,1.41,2.7
501627,"Corn, sweet, canned, cream style, unsalted",72,1.74,16.93,0.42,1.2
501628,"Corn, sweet, canned, brine pack, solids and liquid, unsalted",61,1.95,12.16,0.77,1.7
501629,"Corn, sweet, canned, vacuum pack, niblets, unsalted",79,2.41,17.44,0.5,2
501630,"Cowpeas (black-eyed peas), immature seeds, frozen, boiled, drained, with salt",131,8.49,17.1,0.66,6.4
501632,"Cowpeas, leafy tips, boiled, drained, with salt",22,4.67,2.8,0.1,
501633,"Cowpeas, young pods with seeds, boiled, drained, with salt",34,2.6,7,0.3,
501634,"Cranberry (lingonberry), wild, raw",55,1.1,5.6,0.2,6.7
501635,"Cress, garden, boiled, drained, with salt",23,1.9,3.1,0.6,0.7
501636,"Dandelion greens, boiled, drained, with salt",33,2,3.5,0.6,2.9
501637,"Dock (sorrel), boiled, drained, with salt",20,1.83,2.93,0.64,
501638,"Egg substitute, liquid, fat free",48,10,2,0,0
501640,"Fast foods, egg, cheese and bacon griddlecake sandwich",272,12.03,25.39,13.19,0.8
501641,"Fast foods, egg, cheese and sausage griddlecake sandwich",291,10.77,21.44,17.73,0.6
501642,"Eggplant (aubergine, brinjal), boiled, drained, with salt",33,0.83,5.64,0.23,2.5
501643,"Fast foods, pizza, cheese, regular crust",266,11.39,31.03,9.69,2.3
501644,"Fast foods, pizza, cheese, thick crust",271,10.81,30.97,10.54,2.2
501645,"Fast foods, pizza, cheese, thin crust",302,12.85,28.7,13.95,2.5
501646,"Fast foods, pizza, cheese and vegetables, regular crust",244,11.02,23.18,10.9,2.2
501647,"Fast foods, pizza, cheese and pepperoni, regular crust",282,11.74,29.68,11.91,2.3
501648,"Fast foods, pizza, cheese and pepperoni, thick crust",287,11.49,29.64,12.58,2.2
501649,"Fast foods, brownie",405,4.57,64.95,16.84,
501650,"Fast foods, sandwiches and burgers, cheeseburger, large, single patty, with condiments and vegetables",207,11.59,15.41,10.36,1.4
501652,"Fish, burbot (loche), raw",90,19.31,0,0.81,0
501653,"Fish, burbot (loche), baked or broiled",115,24.76,0,1.04,0
501654,"Drink, fruit punch, frozen concentrate",162,0.2,41,0,0.4
501655,"Drink, fruit punch, frozen concentrate, water added",46,0.06,11.56,0,0.1
501656,"Gourd, dishcloth (towelgourd), boiled, drained, with salt",54,0.66,10.85,0.34,2.9
501657,"Gourd, white-flowered (calabash gourd), boiled, drained, with salt",13,0.6,1.9,0.02,1.2
501660,"Drumstick (horseradish-tree), leaves, boiled, drained, with salt",60,5.27,9.15,0.93,2
501661,"Drumstick (horseradish-tree), pods, boiled, drained, with salt",36,2.09,3.98,0.19,4.2
501662,"Huckleberries, raw",37,0.4,8.7,0.1,
501663,"Beans, hyacinth, boiled, drained, with salt",50,2.95,9.2,0.27,
501664,"Kale, boiled, drained, with salt",28,1.9,3.63,0.4,2
501665,"Jute, potherb, boiled, drained, with salt",37,3.68,5.29,0.2,2
501666,"Kale, frozen, boiled, drained, with salt",30,2.84,3.23,0.49,2
501667,"Kohlrabi, boiled, drained, with salt",29,1.8,5.59,0.11,1.1
501668,"Lambsquarters, boiled, drained, with salt",32,3.2,2.9,0.7,2.1
501669,"Leeks (bulb and lower-leaf portion), boiled, drained, with salt",31,0.81,6.62,0.2,1
501670,"Lentils, sprouted, stir-fried, with salt, no fat added",101,8.8,21.25,0.45,
501671,"Beans, lima, boiled, drained, with salt",123,6.81,18.34,0.32,5.3
501672,"Beans, lima, baby, frozen, boiled, drained, with salt",105,6.65,13.45,0.3,6
501673,"Beans, lima (fordhook), frozen, boiled, drained, with salt",103,6.07,13.52,0.34,5.8
501674,"Lotus root, boiled, drained, with salt",66,1.58,12.92,0.07,3.1
501675,"Cereal, millet, puffed",354,13,77.3,3.4,2.7
501676,"Beans, mung, mature seeds, sprouted, bean sprouts, boiled, drained, with salt",19,2.03,2.8,0.09,0.8
501677,"Mushroom, boiled, drained, with salt",28,2.17,3.09,0.47,2.2
501678,"Mushroom, white, microwaved",44,3.91,3.54,0.46,2.5
501679,"Mustard greens, boiled, drained, with salt",26,2.56,2.51,0.47,2
501680,"Mustard greens, frozen, boiled, drained, with salt",19,2.27,0.31,0.25,2.8
501681,"Mustard spinach (tendergreen), boiled, drained, with salt",16,1.7,0.8,0.2,2
501682,"New Zealand spinach, boiled, drained, with salt",12,1.3,0.73,0.17,1.4
501683,"Oil, cooking spray",792,0.26,20.69,78.69,0
501684,"Okra (gumbo), boiled, drained, with salt",22,1.87,2.01,0.21,2.5
501685,"Okra (gumbo), frozen, boiled, drained, with salt",34,1.63,4.31,0.24,2.1
501686,"Onion, frozen, chopped, boiled, drained, with salt",26,0.77,4.3,0.1,1.7
501687,"Onion, frozen, whole, boiled, drained, with salt",26,0.71,4.71,0.05,1.4
501688,"Juice drink, orange",55,0.2,13.21,0,0.2
501689,"Pancake, plain (includes buttermilk), dry mix, complete, prepared with water",194,5.2,35.4,2.5,1.3
501690,"Pancake, plain (includes buttermilk), dry mix, incomplete, prepared with egg, oil, milk",218,7.8,27,7.7,1.9
501691,"Pancake, whole wheat, dry mix, incomplete, prepared, (with egg, oil, milk)",208,8.5,26.6,6.5,2.8
501692,"Parsnip, boiled, drained, with salt",71,1.32,13.01,0.3,4
501693,"Peas and carrots, frozen, boiled, drained, with salt",48,3.09,7.02,0.42,3.1
501694,"Peas and onions, frozen, boiled, drained, with salt",45,2.54,6.43,0.2,2.2
501695,"Peas, edible-podded (snow peas), boiled, drained, with salt",40,3.27,3.66,0.23,2.8
501696,"Peas, edible-podded (snow peas), frozen, boiled, drained, with salt",50,3.5,5.33,0.38,3.1
501697,"Peas, green, canned, drained solids, no salt added",69,4.42,8.48,0.35,4.1
501698,"Peas, green, canned, solids and liquid, no salt added",53,3.19,6.45,0.3,3.3
501699,"Peas, green, boiled, drained, with salt",84,5.36,10.13,0.22,5.5
501700,"Peas, green, frozen, boiled, drained, with salt",78,5.15,8.76,0.27,5.5
501701,"Pepper, sweet, green, frozen, chopped, boiled, drained, with salt",16,0.95,2.41,0.18,0.9
501702,"Pepper, sweet, red, canned, solids and liquid",18,0.8,2.7,0.3,1.2
501703,"Pepper, sweet, red, freeze-dried",314,17.9,47.4,3,21.3
501704,"Pepper, sweet, red, frozen, chopped, boiled, drained, with salt",16,0.95,2.51,0.18,0.8
501705,"Pepper, sweet, red, frozen, chopped, boiled, drained",16,0.95,2.51,0.18,0.8
501706,"Pepper, sweet, red, frozen, chopped, unprepared",20,1.08,2.85,0.21,1.6
501708,"Peas, pigeon, boiled, drained, with salt",111,5.96,13.29,1.36,6.2
501709,"Pokeberry shoots, boiled, drained, with salt",20,2.3,1.6,0.4,1.5
501730,"Potato, au gratin, homemade, with margarine",132,5.06,9.47,7.59,1.8
501731,"Potato, flesh and skin, baked, with salt",93,2.5,18.95,0.13,2.2
501732,"Potato, flesh, baked, with salt",93,1.96,20.05,0.1,1.5
501733,"Potato, skin, baked, with salt",198,4.29,38.16,0.1,7.9
501734,"Potato, boiled with skin, flesh, with salt",87,1.87,18.13,0.1,2
501735,"Potato, boiled with skin, skin only, with salt",78,2.86,13.9,0.1,3.3
501736,"Potato, boiled without skin, flesh, with salt",86,1.71,18.01,0.1,2
501737,"Potato, french-fried, frozen, shoestring, unprepared",167,2.16,23.29,6.24,2.3
501738,"Potato, french-fried, frozen, shoestring, heated in oven",199,2.9,28.86,6.76,2.8
501739,"Potato, french-fried, frozen, partially fried, cottage cut, heated in oven, with salt",218,3.44,30.83,8.2,3.2
501740,"Potato, whole, frozen, boiled, drained, with salt",63,1.98,12.53,0.13,1.4
501741,"Potato, mashed, prepared from flakes without milk, whole milk and margarine added",113,1.9,12.72,5.6,2.3
501742,"Potato, flesh, cooked in skin, microwaved, with salt",100,2.1,21.68,0.1,1.6
501743,"Potato, flesh and skin, cooked in skin, microwaved,  with salt",105,2.44,21.94,0.1,2.3
501744,"Potato, skin, cooked in skin, microwaved, with salt",132,4.39,24.13,0.1,5.5
501745,"Potato, scalloped, homemade, with margarine",88,2.87,8.88,3.68,1.9
501746,"Pumpkin leaves, boiled, drained, with salt",21,2.72,0.69,0.22,2.7
501747,"Pumpkin, boiled, drained, with salt",18,0.72,3.21,0.07,1.1
501748,"Pumpkin flowers, boiled, drained, with salt",15,1.09,2.28,0.08,0.9
501749,"Purslane, boiled, drained, with salt",18,1.49,3.55,0.19,
501750,"Radish, oriental (daikon), boiled, drained, with salt",17,0.67,1.83,0.24,1.6
501751,"Raspberry, wild, raw",62,1.12,6.35,0.28,7.5
501752,"Rutabaga (swede), boiled, drained, with salt",30,0.93,5.04,0.18,1.8
501755,"Salad dressing, sesame seed, regular",443,3.1,7.6,45.2,1
501758,"Salsify (oysterplant, vegetable oyster), boiled, drained, with salt",68,2.73,12.26,0.17,3.1
501759,"Fast foods, egg and sausage griddlecake sandwich",319,8.41,30.25,17.76,1
501760,"Seeds, sesame seed kernels, toasted, shelled, with salt",567,16.96,9.14,48,16.9
501761,"Sesbania flowers, steamed, with salt",21,1.14,5.1,0.05,
501763,"Soup, broth, chicken, ready-to-serve",4,0.55,0.24,0.03,0.1
501764,"Soybeans, green (edamame), boiled, drained, with salt",142,12.35,6.85,6.4,4.2
501765,"Soybeans, mature seeds, sprouted, bean sprouts, stir-fried, with salt, no fat added",125,13.1,8.6,7.1,0.8
501766,"Spinach, boiled, drained, with salt",23,2.97,1.35,0.26,2.4
501767,"Spinach, frozen, boiled, drained, with salt",34,4.01,1.1,0.87,3.7
501768,"Squash, summer, all varieties, boiled, drained, with salt",20,0.91,2.91,0.31,1.4
501771,"Squash, summer, scallop, boiled, drained, with salt",16,1.03,1.4,0.17,1.9
501772,"Squash, summer, zucchini, boiled, drained, with salt",15,1.14,1.69,0.36,1
501774,"Squash, summer, zucchini, frozen, boiled, drained, with salt",14,1.15,1.67,0.13,1.3
501775,"Squash, winter, acorn, boiled, mashed, with salt",34,0.67,6.19,0.08,2.6
501776,"Squash, winter, all varieties, baked, with salt",37,0.89,6.05,0.35,2.8
501777,"Squash, winter, butternut, baked, with salt",40,0.9,7.29,0.09,3.2
501778,"Squash, winter, butternut, frozen, boiled, with salt",39,1.23,10.04,0.07,
501780,"Squash, winter, hubbard, boiled, mashed, with salt",30,1.48,3.56,0.37,2.9
501781,"Yardlong beans (asparagus bean or cowpea), boiled, drained, with salt",47,2.53,9.17,0.1,
501782,"Squash, winter, spaghetti, baked or boiled, drained, with salt",27,0.66,5.06,0.26,1.4
501783,"Stew, moose",55,6.6,5.5,0.5,0.5
501784,"Stew or soup, caribou",41,3.8,4.7,0.7,0.1
501785,"Succotash, boiled, drained, with salt",111,5.07,24.37,0.8,
501786,"Succotash, frozen, boiled, drained, with salt",93,4.31,15.85,0.89,4.1
501787,"Swamp cabbage (skunk cabbage, water convulvolus), boiled, drained, with salt",20,2.08,1.81,0.24,1.9
501788,"Sweet potato leaves, steamed, with salt",35,2.18,5.48,0.34,1.9
501789,"Sweet potato, baked, skin removed after baking, with salt",92,2.01,17.41,0.15,3.3
501790,"Sweet potato, boiled without skin, with salt",77,1.37,15.22,0.14,2.5
501791,"Sweet potato, frozen, baked, with salt",100,1.71,21.6,0.12,1.8
501792,"Sweet roll, cinnamon, refrigerated dough, with icing (frosting), baked",362,5.4,56.1,13.2,
501793,"Chocolate syrup, thin type, Calorie-reduced",153,1.4,34.56,0.97,0
501795,"Taro leaves, steamed, with salt",24,2.72,1.89,0.41,2
501798,"Tea, tundra, herb and labrador",1,0,0.2,0,0
501800,"Tofu, fried (prepared with calcium sulphate)",271,17.19,6.6,20.18,3.9
501801,"Tomato products, canned paste, with salt",82,4.32,14.81,0.47,4.1
501802,"Tomato products, canned, puree, with salt",38,1.65,7.08,0.21,1.9
501803,"Turkey pot pie, frozen",176,6.5,16.6,8.8,1.1
501805,"Turnip greens, boiled, drained, with salt",20,1.14,0.86,0.23,3.5
501806,"Turnip greens, frozen, boiled, drained, with salt",29,3.35,1.58,0.42,3.4
501807,"Turnip, boiled, drained, with salt",22,0.71,3.06,0.08,2
501808,"Turnip, frozen, boiled, drained, with salt",21,1.53,1.76,0.24,2
501809,"Veal, leg (round), lean, pan-fried, not breaded",183,33.17,0,4.62,0
501810,"Yambean (jimaca), tuber, boiled, drained, with salt",36,0.72,8.23,0.09,
501811,"Yam, boiled, drained or baked, salt added",114,1.49,23.09,0.14,3.9
501812,"Winged beans (goa bean), green, boiled, drained, with salt",37,5.31,3.21,0.66,
501813,"Waxgourd (Chinese perserving melon), boiled, drained, with salt",11,0.4,1.45,0.2,1
501814,"Wheat, vital wheat gluten",370,75.16,13.19,1.85,0.6
501815,"Vegetables, mixed, frozen, boiled, drained, with salt",60,2.86,8.69,0.15,4.4
501816,"Granola bar, All Bran, bars and snack bites, all flavours, Kellogg's",493,6.29,49.76,23.68,15.3
501817,"Muffin bar, all flavours",445,5.96,48.26,22.93,6.5
501818,"Granola bar, cereal bar, fruit-filled, all flavours",386,3.21,58.33,14.13,5.6
501819,"Granola bar, crunchy, plain",480,9.01,58.19,21.51,6.2
501820,"Granola bar, crunchy, fruit and/or nut",471,8.88,58.65,20.89,6.5
501821,"Granola bar, cereal bar, Oatmeal to go, all flavours, Quaker",390,7.1,64.75,12.75,5.3
501822,"Granola bar, chewy, fruit flavour, yogourt coated",401,4.98,68.02,14.31,4.3
501823,"Granola bar, chewy, chocolate coated, all flavours",425,4.8,66.72,18.4,2.7
501824,"Granola bar, chewy, chocolate chip",397,5.29,67.35,13.4,4.8
501825,"Granola bar, chewy, fruit and/or nut",406,7.88,61.44,11.72,8.5
501826,"Granola bar, chewy, low fat",371,6.37,69.26,8.67,5.4
501827,"Granola bar, chewy, sweet and salty",427,9.74,58.75,18.64,5.9
501828,"Egg, chicken, white, fresh or frozen, cooked",48,9.99,1.18,0,0
501829,"Indian, bread, naan",291,9.62,48.23,5.65,2.2
501830,"Dumpling, plain",197,3.49,20.84,10.72,0.8
501831,"Pancake, buckwheat, dry mix, incomplete, prepared (with egg, oil, milk)",178,6.71,21.93,6.58,2.5
501832,"Muffin, blueberry, dry mix, prepared",282,5.41,44.93,8.72,
501833,"Muffin, wheat bran, dry mix, prepared",294,6.79,50.24,9.85,
501834,"Muffin, wheat bran, with raisins, homemade",350,6.9,56.06,13.29,0.7
501835,"Vegetables, asian mix, frozen, boiled, drained (broccoli, green beans, mini corn, snow peas, red pepper)",39,1.98,5.98,0.37,2.4
501836,"Vegetables, broccoli and cauliflower, frozen, boiled, drained",24,2.36,2.06,0.16,2.5
501837,"Potato, scalloped, dry mix, prepared with water, 2% milk and margarine",93,2.3,12.04,3.82,0.8
501838,"Potato, mashed, prepared from flakes without milk, 2% milk and margarine added",109,2.58,15.91,3.57,1.2
501839,"Lettuce, spring mix (mesclun)",21,1.9,1.78,0.33,1.8
501840,"Fiddlehead greens (ferns), frozen, boiled, drained",34,4.31,3.84,0.35,1.9
501841,"Artichoke, canned",50,3.46,7.23,0.16,3.9
501842,"Bread pudding, with raisins, homemade",153,5.23,22.5,4.83,0.9
501843,"Sugar pie, 1 crust, homemade",462,3.31,34.97,35.67,0.6
501844,"Butter tart, with raisins, homemade",459,4.52,51.57,26.36,1.3
501845,"Cake, yellow (plus streusel), pudding-type, dry mix, prepared, with icing",366,3.3,58.52,14.04,
501846,"Cake, white, pudding-type, dry mix, prepared, with chocolate icing",366,2.75,59.88,13.28,0.9
501847,"Cake, pound, homemade",429,5.64,45.34,25.28,0.5
501848,"Cake, gingerbread, dry mix, prepared, without icing",308,4,49.42,10.2,1.2
501849,"Cake, chocolate, homemade, with chocolate icing (frosting)",374,3.54,59.91,14.38,1.7
501850,"Cake, chocolate, pudding-type, dry mix, prepared, with chocolate icing (frosting)",365,3.32,54.58,15.7,1.8
501851,"Cheesecake, plain, with cherry topping, homemade",273,6.22,32.24,13.58,0.5
501852,"Cake, carrot, homemade, with cream cheese icing",407,3.82,51.78,20.85,1.1
501853,"Cookie, shortbread, plain, homemade",560,5.27,54.94,35.42,1.5
501854,"Muffin, carrot, commercial",305,5.93,42.15,12.02,1.7
501855,"Muffin, chocolate chip, commercial",320,7.26,44.35,12.4,2
501857,"Instant breakfast, powder, prepared with 2% milk",93,5.81,13.29,1.95,
501858,"Instant breakfast, powder, chocolate, prepared with 2% milk",90,5.48,13.01,1.9,0.1
501859,"Hot chocolate, mix, powder, prepared with 2% milk",62,3.39,7.74,2.04,0.1
501861,"Fruit salad, tropical (pineapple, red and yellow papaya), canned, juice pack, solids and liquid",58,0.4,14.01,0.08,1
501862,"Cream, whipping, 35% M.F., sweetened, whipped",332,1.97,8.59,32.93,0
501863,"Dessert topping (non dairy), powdered, prepared with 2% milk",181,3.7,16.84,11.38,0
501864,"Dessert, pudding, all flavours except chocolate, instant, dry mix, prepared with 2% milk",107,2.84,19.96,1.74,0.1
501865,"Grains, wheat flour, white, all purpose, unbleached",366,12.17,69.65,2.24,2.7
501866,"Restaurant, Chinese, noodles, crunchy",522,10.33,50,31.72,1.9
501868,"Chicken, broiler, back, meat, cooked, rotisserie, with seasoning",205,25.34,0,11.54,0
501869,"Chicken, broiler, breast, meat, cooked, rotisserie, with seasoning",137,28,0,2.79,0
501870,"Chicken, broiler, drumstick, meat, cooked, rotisserie, with seasoning",176,28.74,0,6.81,0
501871,"Chicken, broiler, skin, cooked, rotisserie, with seasoning",406,17.66,0.11,37.24,0
501872,"Chicken, broiler, thigh, meat, cooked, rotisserie, with seasoning",196,24.06,0,11.09,0
501873,"Chicken, broiler, wing, meat, cooked, rotisserie, with seasoning",197,27.69,0,9.53,0
501874,"Chicken, broiler, back, meat and skin, cooked, rotisserie, with seasoning",260,23.23,0.03,18.59,0
501875,"Chicken, broiler, breast, meat and skin, cooked, rotisserie, with seasoning",184,27.48,0.02,8.18,0
501876,"Chicken, broiler, drumstick, meat and skin, cooked, rotisserie, with seasoning",215,26.86,0.02,11.98,0
501877,"Chicken, broiler, thigh, meat and skin, cooked, rotisserie, with seasoning",233,22.93,0.02,15.7,0
501878,"Chicken, broiler, wing, meat and skin, cooked, rotisserie, with seasoning",267,24.34,0.04,18.77,0
501879,"Cereal, ready to eat, honey almond flax, Kashi",381,16.6,50.8,8.3,16.2
501882,"Blueberry, wild, frozen",57,0,9.45,0.16,4.4
501883,"Grape juice, canned or bottled, unsweetened, with added vitamin C",60,0.37,14.57,0.13,0.2
501884,"Pomegranate juice, ready-to-drink",55,0.15,13.03,0.29,0.1
501885,"Juice, apple and grape, with added vitamin C",50,0.16,12.26,0.12,0.2
501886,"Beans, snap (Italian, green or yellow), frozen, microwaved",39,1.98,3.58,0.41,3.4
501887,"Corn, sweet, yellow, frozen, kernels cut off the cob, microwaved",131,3.62,23.27,1.42,2.6
501889,"Plant-based beverage, soy, enriched, with Omega-3 fatty acids added",45,2.88,2.89,2.06,0.4
501890,"Coffee whitener (non dairy), liquid, soy creamer",100,0,6.67,6.67,0
501891,"Pie crust, cookie-type, graham cracker, ready-to-serve",501,5.1,62.4,24.83,1.9
501892,"Pie crust, cookie-type, chocolate, ready-to-serve",484,6.08,61.78,22.42,2.7
501893,"Candies, chocolate, dark, 45-59% cacao solids",546,4.88,54.17,31.28,7
501894,"Candies, chocolate, dark, 60-69% cacao solids",579,6.12,44.42,38.31,8
501895,"Candies, chocolate, dark, 70-85% cacao solids",599,7.79,35,42.63,10.9
501896,"Candies, chocolate, dark, not further specified",550,5.09,52.77,32.2,7.2
501897,"Grains, amaranth, cooked",103,3.8,16.59,1.58,2.1
501898,"Grains, rice, white, steamed, Chinese restaurant",151,3.2,32.98,0.27,0.9
501899,"Grains, corn flour, blue, whole-grain",364,8.75,65.49,5.09,8.4
501900,"Snacks, SUNCHIPS, French Onion flavour",496,8.68,57.69,22.15,7.8
501901,"Snacks, SUNCHIPS, Harvest Cheddar flavour",491,8.08,56.6,22.22,8.1
501902,"Snacks, plantain chips",531,2.28,60.34,29.59,3.5
501903,"Snacks, tortilla chips, plain, yellow corn",497,6.62,62.68,22.33,4.7
501904,"Chinese dish, soup, egg drop, restaurant prepared",27,1.16,3.89,0.61,0.4
501905,"Chinese dish, soup, hot and sour, restaurant prepared",39,2.58,3.85,1.21,0.5
501906,"Soup, wonton (won ton), restaurant prepared",32,2.08,5.05,0.26,0.2
501908,"Game meat, native, sea lion, stellar, liver, raw",137,22.9,0,5,0
501909,"Game meat, native, sea lion, stellar, kidney, raw",93,18.1,1.4,1.7,
501910,"Game meat, native, sea lion, stellar, heart, raw",102,17,1,3.3,
501911,"Game meat, native, sea lion, stellar, meat, raw",120,25.85,0,1.88,0
501912,"Game meat, native, sea lion, stellar, meat with fat, raw",242,22.1,5.55,14.65,
501913,"Game meat, native, sea lion, stellar, fat",850,0.9,0,94,0
501914,"Cereal, hot, oats, instant: reduced sugar, apples and cinnamon, dry, Quaker",385,10.37,64.67,5.3,9.3
501915,"Cereal, hot, oats, instant: reduced sugar, apples and cinnamon, prepared, Quaker",78,2.1,13.08,1.07,1.9
501916,"Cereal, hot, oats, instant: reduced sugar, brown sugar cinnamon, dry, Quaker",384,10.14,66.2,5.22,8
501917,"Cereal, hot, oats, instant: reduced sugar, brown sugar cinnamon, prepared, Quaker",82,2.17,14.15,1.11,1.7
501918,"Cereal, hot, oats, instant: Weight Control, Maple and Brown Sugar, dry, Quaker",382,15.43,52.72,4.84,16.1
501922,"Cereal, hot, oats, instant: Weight Control, Maple and Brown Sugar, prepared, Quaker",96,3.88,13.22,1.22,4.1
501923,"Cereal, hot, oats, instant: Weight Control, Cinnamon, dry, Quaker",381,15.56,52.44,4.9,16.3
501924,"Cereal, hot, oats, instant: Weight Control, Cinnamon, prepared, Quaker",96,3.92,13.21,1.23,4.1
501925,"Cereal, ready to eat, Oatmeal Squares, Maple & Brown Sugar, Quaker",401,9.88,73.12,4.57,7
501926,"Cereal, ready to eat, Life, Toasted Cinnamon, Quaker",383,9,72,3.84,7.6
501929,"Tea, chai latte, prepared with whole milk",68,2.12,10.92,2.14,0
501930,"Coffee latte, prepared with whole milk",39,2.11,3.38,2.16,0
501931,"Vodka cooler, fruit flavours",57,0.11,8.44,0.15,0.1
501932,"Alcohol, cocktail, margarita",188,0.05,4.23,0.05,0.1
501933,Sangria,72,0.19,10.12,0.03,
501934,Cretons,321,15.35,4.65,26.23,0.1
501935,"Fish, battered and fried",197,16.91,6.03,11.19,0.2
501942,"Mollusks, squid (calamari), mixed species, breaded and fried",196,17.54,11.1,8.84,0.5
501943,"Fish, cod (scrod), Atlantic, dried and salted, soaked in water",83,17.9,0,0.68,0
501944,"Egg, chicken, Western omelet, with peppers, onion and ham",150,10.82,3.14,10.71,0.2
501945,"Egg, chicken, Spanish omelet, with onion, peppers, tomatoes and mushrooms",110,5,3.88,8.38,0.8
501946,"Egg, chicken, omelet, with cheese",182,11.91,3.76,13.61,0
501948,"Egg, chicken, yolk, cooked",351,15.9,3.36,32.68,0
501949,"Egg substitute, frozen (yolk replaced), cooked",202,12.27,3.51,15.47,0
501950,"Plant-based beverage, soy, enriched, all flavours",43,2.6,4.72,1.47,0.2
501951,"Dessert, pudding, rice, with raisins, homemade",135,3.6,26.76,1.65,0.4
501952,"Cereal, ready to eat, Morning Crisp: maple & pecan, Jordans",452,7.9,58.2,18.3,5.8
501954,"Cereal, ready to eat, Organic Crunchy Granola, Jordans",426,9.1,55.2,15.7,7.3
501956,"Granola bar, chewy, fruit flavour, soy protein added, yogourt coated",384,16.07,58.32,10.59,2.9
501958,"Soup, lentil, homemade",73,4.55,8.39,1.84,1.9
501959,"Soup, split pea with ham, homemade",71,5.03,10.22,0.74,1.4
501960,"Soup, vegetable, homemade",20,1.34,2.6,0.23,0.6
501961,"Soup, cream of vegetable, made with 2% M.F. milk, homemade",26,1.9,2.81,0.59,0.4
501962,"Soup, chicken noodle, homemade",53,7.42,2.6,1.13,0.3
501963,"Soup, French onion, homemade (with bread and cheese)",82,3.88,10.43,2.42,0.7
501964,"Salad, garden, with Italian dressing, homemade",57,0.8,3.69,4.26,1.1
501965,"Salad, Greek, homemade",126,3.33,2.93,11.35,1
501966,"Salad, caesar with chicken, homemade",151,12.51,2.59,9.62,1.1
501967,"Salad, taco, with salsa, homemade",150,9.15,8.52,8.29,1.6
501968,"Salad, caesar, homemade",157,4.67,4.61,13.17,1.5
501969,"Lasagna with meat sauce, homemade",157,9.49,15.13,6.09,1
501970,"Lasagna, vegetarian, homemade",139,7.31,16.7,4.35,1.2
501971,"Pasta salad with vegetables, prepared with Italian dressing, homemade",132,2.75,16.78,5.56,1.2
501974,"Sandwich, egg salad, homemade",305,8.65,16.62,22.05,0.8
501975,"Sandwich, ham, homemade",214,10.98,21.22,8.49,1.7
501976,"Sandwich, tuna salad, homemade",229,12.51,19.11,10.81,1.1
501977,"Sandwich, salmon salad, homemade",210,9.9,19.11,9.9,1.1
501978,"Indien, samosa, vegetarian",301,5.33,28.48,17.87,1.9
501979,"Sandwich, hot chicken",156,13.75,10.62,5.95,0.6
501980,"Club sandwich with grilled chicken, bacon, tomato, cheese, lettuce and mayonnaise",220,17.19,18.67,8.05,1.2
501981,"Sandwich, wrap, chicken with vegetables and cheese, ranch dressing",215,13.06,16.57,9.88,1.4
501982,"Sandwich, vegetarian burger (veggie burger) + vegetables + mayonnaise",233,12.04,17.28,11.64,2.8
501983,"Fast foods, sandwiches and burgers, submarine sandwich on white bread with turkey",180,9.84,18.2,6.79,1.5
501984,"Fast foods, sandwiches and burgers, submarine sandwich on white bread, vegetarian, with vegetables only",179,3.58,21.03,8.36,1.8
501985,"Fast foods, sandwiches and burgers, donair or gyro sandwich",171,12.76,18.06,4.4,1
501986,"Fast foods, sandwiches and burgers, grilled chicken sandwich with lettuce, tomato and spread",182,17.34,15.88,4.57,0.9
501987,"Zucchini, battered and fried",167,2.59,8.08,13.75,1.2
501988,"Bread, garlic, toasted",369,8.64,47.62,14.43,3
501990,"Sushi with vegetables, without fish",117,2.19,25.24,0.23,0.5
501991,Sushi with fish and vegetables,160,4.75,32.69,0.47,0.7
501992,"Meatballs, sweet and sour",160,8.7,10.67,8.82,0.2
501993,Spaghetti with cream sauce,154,5.2,22.72,3.94,1.3
501994,Spaghetti with meat sauce,162,8.24,17.74,5.7,1.9
501996,Stir fry with beef,99,6.48,7.58,4.29,1.8
501997,Stir fry with chicken,170,12.7,2.85,11.36,0.7
501998,Stir fry with tofu,79,8.06,4.71,5.97,0.9
501999,Poutine,226,7.49,14.15,15.31,1.1
502000,Shepherd's pie with corn,144,6.68,14.16,6.42,1.2
502001,Fajita with chicken and vegetables,155,7.67,18.49,4.66,2.3
502002,Beef stew with potatoes and vegetables,64,7.16,4.4,1.6,0.7
502003,"Chicken, sautéed with almonds (almond guy ding)",116,8.73,5.87,6.03,1
502004,Stir fry with beef and broccoli,116,10.64,2.82,6.5,1
502005,General Tao (Tso) chicken,295,12.9,23.09,16.36,0.9
502006,"Chicken fried rice, with peas, onion and eggs",164,5.68,20.24,6.26,0.6
502007,Quesadilla with meat and cheese,341,16.86,20.45,20.39,1.3
502008,"Fast foods, pizza, cheese, meat (pepperoni, ground beef and sausage) and vegetables, regular crust",182,7.92,15.01,9.54,1.2
502009,"Pancake, plain, homemade with butter and maple syrup",210,5.32,35.69,4.55,0.8
502010,"Plant-based beverage, soy, enriched, all flavours, reduced fat",47,2.1,7.54,0.64,0.7
502012,"Dip, cream cheese base",348,4.97,4.47,35.2,0
502013,"Dip, spinach, sour cream base",250,3.48,5.51,23.91,1.4
502014,"Dip, sour cream base (with dehydrated onion soup)",190,7.04,11.24,13.03,0.3
502015,Dulce de leche (caramelized milk),315,6.84,55.35,7.35,0
502016,"Kiwi fruit, gold, raw",60,1.23,12.23,0.56,2
502017,"Beans, snap (Italian, green or yellow), fresh, microwaved",39,2.31,3.01,0.5,3.4
502018,"Cracker, whole-wheat, reduced fat",416,11.34,64.62,7.59,10.9
502019,"Waffle, chocolate chip, frozen, ready-to-heat",297,5.8,44.18,10.1,1.5
502020,"Sweets, sugars, brown, contains sugar and sucralose",389,0,97.11,0,0
502021,"Candies, bar, crispy bar with peanut butter filling",543,9.53,52.23,31.34,3.3
502022,"Club sandwich with fried chicken, bacon, tomato, cheese, lettuce and mayonnaise",258,15.38,21.41,11.76,1.2
502023,"Fast foods, entree, chicken, breaded and fried, breast, meat only, skin and breading removed",153,27.93,0,4.54,0
502024,"Fast foods, entree, chicken, breaded and fried, breast, meat and skin with breading",230,23.51,5.93,12.44,0.1
502025,"Fast foods, entree, chicken, breaded and fried, drumstick, meat only, skin and breading removed",172,26.24,0,7.41,0
502026,"Fast foods, entree, chicken, breaded and fried, drumstick, meat and skin with breading",267,21.13,7.09,16.92,0.5
502027,"Fast foods, entree, chicken, breaded and fried, thigh, meat only, skin and breading removed",178,23.21,0.24,9.41,0
502029,"Fast foods, entree, chicken, breaded and fried, thigh, meat and skin with breading",274,19.23,8.58,18.07,0.1
502030,"Fast foods, entree, chicken, breaded and fried, wing, meat only, skin and breading removed",215,28.77,2.13,10.2,0
502031,"Fast foods, entree, chicken, breaded and fried, wing, meat and skin with breading",310,21.14,11.09,20.09,0.1
502032,"Fast foods, entree, chicken, breaded and fried, skin and breading from all pieces",398,14.11,19.26,29.22,0.3
502033,"Snacks, vegetable chips",473,5.32,55.73,23.3,4.7
502034,"Candies, candy bits, yogourt covered",415,0,86.7,7.5,0.2
502035,"Snacks, bagel chips",451,12.34,62.26,15.14,4.1
502036,"Mozzarella sticks, fried",325,14.75,23.14,18.33,2
502037,"Egg roll, assorted, restaurant prepared",250,8.28,24.69,11.94,2.6
502039,"Sweets, turbinado",399,0,99.8,0,0
502040,"Sweetener, granulated brown sugar",347,2.06,84.17,0,0.6
502041,"Yogourt parfait, with fruit and granola, reduced fat yogourt",84,3.36,14.76,1.01,1.1
502044,"Gravy, beef, dehydrated, prepared with water",31,0.91,4.85,0.82,0.2
502051,"Cereal, ready to eat, Special K: with Red Berries, Kellogg's",380,11.75,76.2,1.27,4.9
502052,"Cereal, ready to eat, Oaty Bites, Nature's Path",382,8.73,70.13,4.64,8.2
502053,"Cereal, ready to eat, Crispy Rice, Nature's Path",379,7.69,74.21,5.71,6.6
502055,"Cereal, ready to eat, Spelt Flakes, Nature's Path",374,10.74,65.83,2.61,9.8
502056,"Cereal, ready to eat, Flax Plus Maple Pecan Crunch, Nature's Path",397,11.15,55.03,11.91,13.3
502057,"Cereal, ready to eat, Mesa Sunrise, Nature's Path",460,8.57,73,5.08,8
502058,"Cereal, ready to eat, Whole O's, Nature's Path",393,12.17,68.13,3.84,10.7
502059,"Cereal, ready to eat, Hemp Plus Granola, Nature's Path",467,11.15,56.53,18.79,8.8
502062,"Cereal, ready to eat, Peanut Butter Granola, Nature's Path",479,11.96,54.91,20,8.1
502063,"Cereal, ready to eat, Acai Plus Granola, Nature's Path",445,9.01,63.32,14.86,7.6
502064,"Cereal, ready to eat, Pomegran Plus Cherry Granola, Nature's Path",451,9.12,62.36,15.88,7.4
502065,"Cereal, ready to eat, Vanilla Almond Granola, Nature's Path",459,11.23,57.38,17.1,8.9
502066,"Cereal, ready to eat, Agave Sunflower Seeds Granola, Nature's Path",455,11.01,59.43,15.77,7.8
502067,"Cereal, ready to eat, Multigrain, Nature's Path",380,11.49,62.02,3.68,16.7
502069,"Turkey, hen, breast, meat only, roasted",168,33.34,0,2.87,0
502070,"Turkey, hen, drumstick, meat only, roasted",194,30.29,0,7.11,0
502071,"Turkey, hen, thigh, meat only, roasted",197,28.86,0,8.03,0
502072,"Turkey, hen, leg, meat only, roasted",195,29.42,0,7.68,0
502073,"Turkey, hen, wing, meat only, roasted",188,31.69,0,5.85,0
502074,"Turkey, hen, breast, meat only, raw",123,23.47,0,1.39,0
502075,"Turkey, hen, drumstick, meat only, raw",123,19.51,0,4.45,0
502076,"Turkey, hen, thigh, meat only, raw",141,19.12,0,6.55,0
502077,"Turkey, hen, leg, meat only, raw",134,19.27,0,5.73,0
502078,"Turkey, hen, wing, meat only, raw",104,21.71,0,2.5,0
502079,"Turkey, all classes, drumstick, meat and skin, raw",143,19.06,0,6.78,0
502080,"Turkey, all classes, thigh, meat and skin, raw",156,18.83,0,8.35,0
502081,"Turkey, all classes, breast, meat only, raw",111,23.4,0,1.19,0
502082,"Turkey, all classes, leg, meat only, raw",126,19.35,0,4.78,0
502083,"Turkey, all classes, drumstick, meat only, raw",119,19.47,0,3.93,0
502084,"Turkey, all classes, thigh, meat only, raw",130,19.26,0,5.34,0
502085,"Turkey, all classes, drumstick, meat and skin, roasted",203,30.02,0,8.34,0
502086,"Turkey, all classes, thigh, meat and skin, roasted",205,27.72,0,9.56,0
502087,"Turkey, all classes, breast, meat only, roasted",159,31.77,0,2.63,0
502088,"Turkey, all classes, leg, meat only, roasted",189,29.27,0,7.15,0
502089,"Turkey, all classes, drumstick, meat only, roasted",190,30.8,0,6.42,0
502090,"Turkey, all classes, thigh, meat only, roasted",190,28.36,0,7.58,0
502091,"Turkey, all classes, wing, meat only, raw",107,21.67,0,2.17,0
502092,"Turkey, all classes, wing, meat only, roasted",183,31.86,0,5.16,0
502093,"Turkey, hen, drumstick, meat and skin, roasted",206,29.6,0,8.86,0
502094,"Turkey, hen, thigh, meat and skin, roasted",212,28.16,0,10.03,0
502097,"Tourtiere, homemade",272,13.87,18.37,14.91,1
502098,"Turkey, hen, drumstick, meat and skin, raw",149,19.06,0,7.51,0
502099,"Turkey, hen, thigh, meat and skin, raw",173,18.56,0,10.44,0
502100,"Turkey, broiler, drumstick, meat and skin, raw",137,19.32,0,6.01,0
502101,"Turkey, broiler, drumstick, meat and skin, roasted",197,30.9,0,7.17,0
502102,"Turkey, broiler, drumstick, meat only, raw",112,19.76,0,3.01,0
502103,"Turkey, broiler, drumstick, meat only, roasted",180,31.91,0,4.79,0
502104,"Turkey, broiler, thigh, meat and skin, raw",143,18.92,0,6.92,0
502105,"Turkey, broiler, thigh, meat and skin, roasted",199,28.09,0,8.77,0
502106,"Turkey, broiler, thigh, meat only, raw",119,19.32,0,4.08,0
502107,"Turkey, broiler, thigh, meat only, roasted",184,28.73,0,6.79,0
502108,"Turkey, all classes, back, meat only, roasted",227,28.18,0,11.69,0
502109,"Turkey, all classes, back, meat only, raw",128,18.39,0,5.5,0
502110,"Sauce, Hollandaise (butter sauce)",430,4.61,0.97,46.11,0
502112,"Mushroom, shiitake, raw",34,2.24,4.29,0.49,2.5
502113,"Cereal, ready to eat, Cheerios: Oat Clusters Crunch, General Mills",387,7.79,74.99,3.57,7.4
502114,"Cereal, ready to eat, Fibre 1: Honey Clusters, General Mills",366,10.03,56.79,2.7,24.1
502115,"Cereal, ready to eat, Fibre 1: Raisin Bran Clusters, General Mills",328,8.71,61.35,2.42,19.3
502116,"Cereal, ready to eat, French Toast Crunch, General Mills",385,3.92,82.36,3.47,4.9
502117,"Cereal, ready to eat, Kashi: GoLean Crunch, Kashi",227,17.93,60.45,5.85,10.1
502118,"Cereal, ready to eat, All Bran Strawberry Bites, Kellogg's",348,9.58,67.67,2,10.3
502120,"Cereal, ready to eat, Special K: Almond Vanilla, Kellogg's",407,8.23,76.47,4.5,5.6
502121,"Cereal, ready to eat, Special K: Satisfaction, Kellogg's",209,18.13,65.32,2.02,8
502123,"Cereal, ready to eat, Corn Flakes: Frosted, Compliments",387,5.01,85.04,2.18,2.9
502124,"Cereal, ready to eat, Crispy Rice, Compliments",397,8.03,81.48,1.93,2.7
502125,"Cereal, ready to eat, Maximum Raisin Bran Flakes, Compliments",365,6.71,69.39,5.28,8.7
502126,"Meal replacement (cereal), ready to eat, Force Active, President's Choice",217,12.35,73.52,1.17,7.1
502127,"Cereal, ready to  eat, On Track, President's Choice",386,15.34,68.68,3.67,6.5
502128,"Cereal, ready to eat, Wheat Squares, Organics, President's Choice",360,10.68,72.25,1.05,10.6
502129,"Cereal, ready to eat, Puffed Wheat, Safeway",355,17.64,62.74,2.05,9.8
502130,"Cereal, ready to eat, Honey Nut O's, Selection",384,7.3,76.59,3.3,6.2
502131,"Cereal, ready to eat, Corn Flakes, Selection",398,7.07,83.61,1.29,3.5
502132,"Cereal, ready to eat, Toasted Oats, Selection",382,10.95,66.13,5.09,9.2
502133,"Cereal, ready to eat, Muslix: Almond Raisin, Kellogg's",380,8.17,65.86,7.16,8.5
502134,"Pork, composite cuts, leg, loin and shoulder, lean and fat, raw",182,20.53,0,10.48,0
502135,"Plantain, green, fried",309,1.5,45.67,11.81,3.5
502136,"Mushroom, Chanterelle, raw",38,1.49,3.06,0.53,3.8
502137,"Mushroom, morel, raw",31,3.12,2.3,0.57,2.8
502138,"Chinese dish, beef and vegetable, restaurant prepared",105,7.08,5.79,5.3,1.5
502139,"Lemon chicken, restaurant prepared",252,11.87,19.61,13.55,1
502140,"Fish, salmon, red (sockeye), native, filets with skin, smoked",345,60.62,0,11.43,0
502141,"Chinese dish, Kung Pao chicken, restaurant prepared",129,9.76,5.37,6.98,1.5
502142,"Turnip, Prairie, native, raw",156,2.62,27.67,0.36,8
502143,"Turnip, Prairie, native, boiled",129,1.64,22.79,0.32,7.2
502144,"Stinging Nettles, native, blanched",42,2.71,0.59,0.11,6.9
502145,"Papaya, canned, heavy syrup pack, drained",206,0.14,54.33,0.55,1.5
502146,"Tamale, corn",186,3.48,23.48,7.21,3.2
502148,"Soup, black bean, ready-to-serve",103,5.1,9.89,2.57,4.9
502150,"Spinach, canned, solids and liquids, unsalted",19,2.11,0.72,0.37,2.2
502151,"Pork, composite cuts, leg, loin and shoulder, lean, raw",120,22.21,0,2.82,0
502152,"Pork, composite cuts, leg, loin and shoulder, lean, cooked",187,30.55,0,6.27,0
502153,"Cream, 5%",81,3.61,5.51,5,0
502157,"Yogourt, plain, fat free (0-0.5% MF)",38,4.64,4.67,0.05,0
502158,"Yogourt, fruit flavoured, fat free (0-0.5% M.F.)",81,3.93,16.33,0.06,0
502159,"Yogourt, vanilla flavoured, fat free (0-0.5% M.F.)",64,4.72,10.89,0.13,0
502160,"Yogourt, fruit flavoured, artificially sweetened, fat free (0-0.5% M.F.), with added Vitamin D",40,3.7,6.25,0.02,0
502161,"Yogourt, vanilla flavoured, artificially sweetened, fat free (0-0.5% M.F.), with added Vitamin D",35,3.7,4.77,0.03,0
502162,"Yogourt, fruit flavoured, fat free (0-0.5% M.F.), with added fibre and Vitamin D",74,4.15,12.84,0.23,1.3
502163,"Yogourt, plain, low fat (0.5-1.9% M.F.)",42,4.24,4.47,0.79,0
502164,"Yogourt, fruit flavoured, low fat (0.5-1.9% M.F.)",75,3.71,12.66,1.15,0
502165,"Yogourt, vanilla flavoured, low fat (0.5-1.9% M.F.)",76,3.77,12.93,1.07,0
502167,"Yogourt, fruit flavoured, low fat, with added omega-3 from flax (0.5-1.9% M.F.)",82,3.62,14.2,1.26,0
502168,"Yogourt, plain, low fat, lactose reduced (0.5-1.9% M.F.)",42,4.59,3.59,0.98,0
502169,"Yogourt, fruit flavoured, low fat, lactose reduced (0.5-1.9% M.F.)",67,3.73,11.54,0.75,0
502170,"Yogourt, plain (2-3.9% M.F.)",50,4.6,3.4,1.98,0
502171,"Yogourt, plain, sweetened (2-3.9% M.F)",79,4.58,9.53,2.59,0
502172,"Yogourt, fruit flavoured (2-3.9% M.F.)",92,3.86,13.19,2.84,
502173,"Yogourt, vanilla flavoured (2-3.9% M.F.)",88,4.22,11.61,2.83,0
502174,"Yogourt, coffee flavoured (2-3.9% M.F.)",91,4.39,13.83,2.1,0
502176,"Yogourt, fruit flavoured, with added fibre (2-3.9% M.F.)",95,3.83,13.84,2.21,1.5
502178,"Yogourt, fruit flavoured, with added calcium and vitamin D (2-3.9% M.F.)",19,3.28,13.47,1.46,0
502179,"Yogourt, vanilla flavoured, with added calcium and vitamin D (2-3.9% M.F.)",81,3.37,13.63,1.61,0
502180,"Yogourt, plain, Balkan style (4-6% M.F.)",71,3.15,4.37,4.67,0
502181,"Yogourt, fruit flavoured, Balkan style (4-6% M.F.)",95,2.74,13.15,3.67,0
502182,"Yogourt, vanilla flavoured, Balkan style (4-6% M.F.)",96,3.44,12.68,3.05,0
502183,"Yogourt, coffee flavoured, Balkan style (4-6% M.F.)",91,3.45,12.21,3.28,0
502184,"Yogourt, plain, rich/Mediterranean style  (6-9% M.F.)",114,4.25,6.53,8.08,0
502185,"Yogourt, fruit flavoured, rich/Mediterranean style (6-9% M.F.)",132,3.46,15.9,6.29,0
502186,"Yogourt, vanilla flavoured, rich/Mediterranean style (6-9% M.F.)",131,3.77,13.42,7.15,0
502187,"Yogourt, coffee flavoured, rich/Mediterranean style (6-9% M.F.)",131,3.76,13.89,6.94,0
502188,"Yogourt, Greek style, plain, fat free (0-0.5% M.F.)",58,10.53,3.21,0.04,0
502189,"Yogourt, Greek style, fruit flavoured, fat free (0-0.5% M.F.)",83,8.68,11.78,0.04,0
502190,"Yogourt, Greek style, vanilla flavoured, fat free (0-0.5% M.F.)",79,10.15,9.17,0.04,0
502191,"Yogourt, Greek style, plain, rich (8-12% M.F.)",172,6.6,10.63,11.72,0
502192,"Yogourt, Greek style, sweetened, rich (8-12% M.F.) with Vitamin D added",139,3.3,12.27,7.48,0
502193,"Yogourt, goat, plain, with added fibre",74,6.38,3.52,2.41,3
502194,"Yogourt, goat, fruit flavoured, with added fibre",98,5.24,11.14,2.49,2.8
502195,"Yogourt, goat, vanilla flavoured, with added fibre",104,5.6,12.76,2.12,3
502196,"Yogourt, soy, plain",68,3.72,8.48,1.65,1.3
502198,"Yogourt, soy, fruit flavoured",82,3.82,13.13,1.71,0
502199,"Yogourt, soy, fruit flavoured, with added fibre",69,4.28,7.18,2.06,1.2
502201,"Yogourt, soy, vanilla flavoured, with added fibre",64,4.51,5.1,2.2,1.4
502202,"Yogourt beverage, fruit flavoured",75,2.62,13.31,1.42,0
502203,"Yogourt beverage, vanilla flavoured",63,2.62,10.34,1.28,0
502204,"Yogourt, plain, fresh cheese-type (quark), fat free,  no salt added",64,11.23,3.49,0.24,0
502205,"Yogourt, fruit flavoured, fresh cheese-type, miniature size, with added Vitamin D",87,5.06,11.34,2.47,0
502206,"Yogourt, with crunchy granola/cereal topping",121,5.03,18.92,2.91,0.2
502207,"Yogourt, fruit flavoured, tubes, vitamin D added",77,3.33,11.78,1.94,0
502208,"Kefir, plain, low fat (0.5-1.9% M.F.)",37,3.09,3,1.42,0
502209,"Kefir, fruit flavours, low fat (0.5-1.9% M.F.)",60,2.71,9.51,1.36,0
502211,"Yogourt, fruit flavoured, low fat, with added vitamin D (0.5-1.9% M.F.)",75,3.91,12.66,1.15,0
502212,"Babyfood, yogourt, fruit flavours, with added Vitamin D and DHA",97,3.7,13.14,3.47,0
502213,"Cheese, processed product, cheddar, slices",261,17.61,13.73,15.12,0
502214,"Cheese, processed product, mozzarella, slices",266,17.04,13.55,16.05,0
502215,"Cheese, processed product, Swiss, slices",266,17.59,13.21,15.92,0
502216,"Cheese, processed product, cheddar, reduced fat, slices",204,19.85,13.15,7.8,0
502217,"Cheese, processed product, cheddar, fat free, slices",150,23.05,11.88,0.59,0
502218,"Cheese, processed product, mozzarella, fat free, slices",155,23.13,13.64,0.49,0
502219,"Cheese, processed product, Swiss, fat free, slices",158,23.07,14,0.57,0
502220,"Cheese, processed product, cheddar, loaf",254,15.87,11.7,16.06,0
502221,"Cheese, processed product, cheddar, spread",232,11.53,15.93,13.63,0.3
502222,"Cheese, processed product, cheddar, reduced fat, spread",199,13.39,16.65,8.73,0.2
502223,"Melon, horned",44,1.78,7.56,1.26,
502228,"Milk, fluid, buttermilk, cultured, whole",62,3.21,4.88,3.31,0
502229,"Dessert, frozen yogourt, flavours not chocolate, skim milk, with artificial sweetener",104,4.4,17.7,0.8,2
502230,"Dessert, frozen, ice cream, soft serve, chocolate",222,4.1,21.5,13,0.7
502231,"Dessert, frozen, ice cream bar or stick, chocolate covered",331,4.1,23.7,24.1,0.8
502232,"Dessert, frozen, ice cream sandwich",237,4.29,37.14,8.57,0
502233,"Dessert, frozen, ice cream cookie sandwich",240,3.7,38.4,7.4,1.2
502234,"Dessert, frozen, ice cream cone, chocolate covered, with nuts, flavours other than chocolate",354,5.21,33.38,21.88,1
502235,"Dessert, frozen, ice cream sandwich, made with light ice cream, vanilla",186,4.29,39.64,3.04,0
502236,"Chicken nuggets, dark and white meat, pre-cooked, frozen, not heated",260,12.43,15.02,16.14,1.3
502237,"Chicken nuggets, white meat, pre-cooked, frozen, not heated",261,14.36,15.54,15.42,0.7
502238,"Ravioli, cheese and tomato sauce, frozen, not prepared",111,4.52,15.91,2.61,1.4
502239,"Snacks, Clif bar, all flavours",346,14.71,58.04,5.88,7.4
502240,"Dessert, frozen, ice cream, fat free, no sugar added, flavours other than chocolate",129,4.41,20.54,0,7.4
502241,"Soup, clam chowder, New England, ready-to-serve",99,2.33,8.9,5.64,0.8
502242,"Frozen, dessert, ice milk bar, low fat",147,4.41,26.49,1.47,6.6
502244,"Soup, chicken noodle, ready-to-serve, reduced sodium",34,2.14,4.19,0.6,0.8
502250,"Dip, cheese with chili peppers, ready-to-serve",143,3.14,10.44,9.51,0.7
502251,"Salad dressing, honey mustard, fat free",169,1.07,37.23,1.47,1.2
502252,"Vegetable oil, flaxseed, contains added sliced flaxseed",878,0.37,0.39,99.01,
502253,Orange pineapple juice,51,0.41,12,0.08,0.2
502254,"Corn, sweet, canned, drained solids, rinsed",74,2.18,13.02,1.43,
502255,"Peas, green, canned, drained solids, rinsed",71,4.33,11.82,0.95,
502256,"Chinese dish, shrimp and vegetables, restaurant prepared",78,5.9,3.12,4.05,1.4
502257,"Drink, fruit flavour, vitamin C added, ready-to-drink",27,0,6.67,0,0
502258,"Chinese dish, sweet and sour chicken, restaurant prepared",250,10.1,22.86,12.65,1
502259,"Tea, hibiscus",37,0.43,7.11,0.65,0.3
502260,"Chinese dish, sweet and sour pork, restaurant prepared",270,8.91,22.34,15.66,1
502261,"Chickpeas (garbanzo beans, bengal gram), canned, drained solids",139,7.05,16.13,2.77,6.4
502262,"Chickpeas (garbanzo beans, bengal gram), canned, drained, rinsed",138,7.04,16.57,2.47,6.3
502264,"Cracker, saltine (also oyster, soda, soup), whole wheat (includes multigrain)",398,7.14,68.25,10.71,0
502265,"Bagel, whole-wheat (multigrain)",250,10.2,44.79,1.53,4.1
502266,"Cream puff, eclair, custard or cream filled, with icing (frosting)",334,4.41,36.53,18.52,0.9
502267,"Snacks, fruit leather, pieces, vitamin C added",373,0.1,81.7,3.5,3.5
502268,"Juice drink, fruit, ready-to-drink",46,0.13,11.25,0.11,0.1
502270,"Bread, focaccia, Italian flatbread, plain",249,8.77,34.02,7.89,1.8
502271,"Cracker, honey sesame",398,8.7,66.4,10.4,5.8
502272,"Drink, fruit flavour, powder, low calorie, vitamin C",200,0,88.79,0,0
502273,"Cracker, 7 grain",385,13.9,54.2,11.9,9
502274,"Fish, salmon, sockeye (red), canned, total can contents",153,20.63,0,7.17,0
502275,"Cracker, cheese, Asiago",420,12.7,56.8,13.8,9.6
502276,"Cracker, roasted vegetable",389,12,55.9,12.2,8.7
502277,"Fish, salmon, sockeye (red), canned, drained solids, without skin and bones",158,26.33,0,5.87,0
502279,"Beans, kidney, red, canned, drained solids",124,7.98,15.99,1.05,5.5
502282,"Beans, kidney, red, canned, drained and rinsed",121,8.12,13.3,0.93,7.5
502283,"Beans, pinto, canned, drained and rinsed",117,7.04,20.77,0.97,
502284,"Bread, garlic",350,8.36,39.22,16.61,2.5
502285,"Cinnamon bun, with icing (honey bun)",452,4.45,47.4,26.61,1.2
502286,"Grains, wheat flour, whole-grain, soft wheat",332,9.61,61.38,1.95,13.1
502287,"Corn dog, wiener/sausage with cornflour coating, frozen, prepared",250,8.57,25.96,12.02,1
502288,"Fast foods, pizza, sausage, regular crust",280,11.5,28.32,12.35,2.3
502290,"Fast foods, pizza, sausage, thin crust",321,13.36,24.5,17.71,2.5
502292,"Fast foods, pizza, pepperoni, thin crust",331,14.01,26.7,17.61,2.3
502293,"Macaroni and cheese, frozen",149,5.6,16.18,6.41,1.1
502294,"Fast foods, mexican, taco with beef, cheese and lettuce, soft",206,9.25,17.33,9.75,2.9
502295,"Fast foods, mexican, taco with chicken, cheese and lettuce, soft",189,13.3,18.49,6.35,1.2
502296,"Ravioli, meat-filled, with tomato or meat sauce, canned",97,3.24,11.76,3.41,1.5
502298,"Fast food, quesadilla, chicken",294,15.05,22.34,15.25,1.7
502299,"Salad, grape and apple with yogourt and candied walnuts",117,2.15,13.53,5.05,2.2
502328,"Yogourt, vanilla flavoured, low fat, with added vitamin D (0.5-1.9% M.F.)",76,3.77,12.93,1.07,0
502329,"Yogourt, plain, fat free, with added Vitamin D (0-0.5% MF)",38,4.64,4.67,0.05,0
502330,"Yogourt, fruit flavoured, fat free, with added Vitamin D (0-0.5% M.F.)",81,3.93,16.33,0.06,0
502332,"Yogourt, vanilla flavoured, fat free, with added Vitamin D and A (0-0.5% M.F.)",64,4.72,10.89,0.13,0
502333,"Yogourt, fruit flavoured (2-3.9% M.F.), with added Vitamin D",92,3.86,13.19,2.84,
502334,"Yogourt, vanilla flavoured, with added Vitamin D (2-3.9% M.F.)",88,4.22,11.61,2.83,0
502335,"Yogourt, soy, vanilla flavoured",86,3.76,14.06,1.76,
502336,"Yogourt beverage, fruit flavoured, with added Vitamin D",75,2.62,13.31,1.42,0
502337,"Yogourt beverage, vanilla flavoured, with added Vitamin D",63,2.62,10.34,1.28,0
502338,"Yogourt, goat, plain",74,6.38,6.52,2.41,0
502339,"Yogourt, goat, fruit flavoured",98,5.24,13.94,2.49,0
502340,"Yogourt, goat, vanilla flavoured",104,5.6,15.76,2.12,0
502341,"Pear, Bartlett, raw",63,0.39,11.91,0.16,3.1
502342,"Apple, Golden Delicious, raw, with skin",57,0.28,11.2,0.15,2.4
502346,"Pizza, cheese, thin crust, frozen, cooked",263,11.91,25.8,11.07,3
502347,"Grains, rice and vermicelli mix, chicken flavour, unprepared",358,10.64,74.6,1.32,1.2
502348,"Grains, rice and vermicelli mix, chicken flavour, prepared with margarine",136,2.65,22.84,3.45,0.7
502349,"Sauce, cheese and salsa, medium",129,2.7,10.05,8.43,0.6
502350,"Seaweed, Canadian cultivated EMI-TSUNOMATA, dried",259,15.34,9.54,1.39,36.7
502352,"Grains, rice and vermicelli mix, beef flavour, unprepared",359,10.84,74.42,1.27,1.6
502353,"Grains, rice and vermicelli mix, beef flavour, prepared with margarine",129,2.82,21.43,3.2,0.6
502354,"Grains, rice and vermicelli mix, pilaf flavour, unprepared",359,10.42,75.11,1.37,1.2
502355,"Grains, rice and vermicelli mix, pilaf flavour, prepared with margarine",148,2.94,25.07,3.7,0.6
502358,"Sweets, syrups, cane",269,0,73.14,0,0
502359,"Pork, cured, bacon, reduced sodium, raw",407,12.53,0.83,39.27,0
502360,"Wiener (frankfurter), Bavarian",257,15.02,4.44,19.51,0
502361,"Wiener (frankfurter), European",251,14.03,4.2,19.43,0
502362,"Wiener (frankfurter), low fat",112,11.8,10.85,2.11,0.1
502364,"Deli-meat, bologna (baloney), mixed meats",316,11.3,9.26,25.7,0
502366,"Deli-meat, bologna (baloney), low fat",116,12.37,13.39,1.28,0
502367,"Deli-meat, ham, cooked, fat free, sliced",94,14.98,5.72,1.26,0
502368,"Deli-meat, black forest ham",124,18.03,3.25,3.86,0
502369,"Deli-meat, prosciutto (cotto ham), extra lean",126,19.03,1.78,4.22,0
502370,"Deli-meat, corned beef, shaved",201,19.96,1.97,11.95,0
502371,"Deli-meat, corned beef, extra lean, sliced",118,20.88,2.52,2.12,0
502372,"Deli-meat, Old fashioned smoked brisket, sliced",244,20.76,6.41,14.43,0
502373,"Deli-meat, Montreal smoked meat, extra lean",113,19.16,3.19,2.1,0
502374,"Deli-meat, capicollo (cappocollo)",130,19.73,4.92,2.96,0
502375,"Sausage, kielbasa (kolbassa)",187,19.71,1.76,10.6,0
502376,"Sausage, kielbasa (kolbassa), extra lean",129,20.56,0.89,4.2,0
502377,"Deli-meat, salami (Hungarian), pork and beef, cooked",320,17.79,10.51,22.57,0
502378,"Deli-meat, salami (Genoa), dry cured",355,27.94,4.27,24.28,0
502379,"Deli-meat, summer sausage",246,15.54,4.22,18.1,0
502380,"Deli-meat, mortadella",268,17,2.41,20.58,0
502381,"Deli-meat, pepperoni",269,15.9,5.72,19.86,0
502382,"Deli-meat, pepperoni, turkey, reduced fat",162,17.11,6.6,6.99,0
502384,"Pâté, country style cognac, glazed",239,14.31,4.27,17.94,0
502385,"Pâté, country style herb, glazed",246,14.33,4.76,18.41,0
502386,"Pâté, country style peppercorn, glazed",239,14.37,4.21,17.87,0
502387,"Pâté, all flavours, reduced fat and sodium",217,13.76,8.87,13.76,0
502388,"Cretons, veal",188,16.82,5.96,10.35,0
502391,"Energy drink, coffee flavours",49,2.08,8.96,0.53,0
502392,"Energy drink, shot, sugar free",8,0.25,1.78,0,0
502393,"Energy drink, various flavours",47,0.26,11.43,0,0
502394,"Energy drink, coffee flavours, light",22,1.17,3.6,0.37,0
502395,"Energy drink, sugar free/low calorie",6,0.28,1.17,0,0
502396,"Energy drink, with fruit juice",33,0.27,7.95,0,0
502397,"Energy drink, caffeine free",38,0.25,9.21,0,0
502398,"Energy drink, tea flavoured",56,0.25,13.78,0,0
502399,"Alcohol, energy drink (7% alcohol by volume)",75,0.25,9.22,0,0
502400,"Energy drink, with electrolytes, sugar free/low calorie",5,0.38,0.78,0,0
502401,"Vitamin water, all flavours, sweetened",24,0,5.78,0,0
502402,"Vitamin water, all flavours, low Calorie",6,0,1.57,0,0
502403,"Vitamin water, lemon/orange flavours, sweetened",24,0,5.88,0,0
502404,"Vitamin water, lemon/orange flavours, low Calorie",2,0,0.55,0,0
502405,"Vitamin water, tropical citrus flavour, sweetened, with caffeine",22,0,5.58,0,0
502406,"Ham, flaked, canned",136,16,0.2,7.4,0
502410,"Vegetable oil, sunflower, mid-oleic",884,0,0,100,0
502411,"Chinese dish, fried rice without meat, restaurant prepared",174,4.05,31.69,2.96,1.1
502412,"Bread, 60% whole wheat, commercial",240,12.45,37.94,1.77,4.9
502413,"Bread, white, commercial, with added fibre",259,9.05,42.93,2.64,5.9
502415,"Bread, whole grain (whole-wheat), commercial",262,10.96,40.11,3.29,6.3
502416,"Bread, whole grain (whole-wheat) +seeds (flax, sunflower), commercial",273,11.9,37.06,4.5,8.2
502417,"Bread, whole grain (whole-wheat), +seeds and bran, commercial",266,12.15,36.51,3.45,9.2
502418,"Bread, whole grain (whole-wheat), with added fibre, commercial",253,10.29,34.98,2.49,11.4
502419,"Bread, multigrain, commercial, reduced sodium",267,11.01,39.68,3.49,7.2
502420,"Dessert, frozen, ice cream, soft serve, chocolate, light",141,3.36,23.15,3.69,0
502421,"Dessert, frozen, ice cream bar, stick or nugget, with crunch coating",358,2.11,36.02,25.26,1.1
502422,"Seasoning mix, chili, dry mix",335,10.82,45.76,7.3,10.8
502423,"Babyfood, snack, biscuit, rice",365,12.06,73.77,0.65,2.5
502424,"Salad dressing, mayonnaise, with olive oil, reduced fat",361,0.37,0,40,0
502426,"Cereal, ready-to-eat, Krave, Kellogg's",397,7,66.2,11.1,9.9
502428,"Blueberry, dried, sweetened",317,2.5,72.5,2.5,7.5
502429,"Cherry, sour, canned, water pack, drained",42,0.69,9.25,0.21,1.2
502430,"Pear, red anjou, raw",62,0.33,11.94,0.14,3
502431,"Pear, bosc, raw",67,0.36,13,0.09,3.1
502432,"Pear, green anjou, raw",66,0.44,12.69,0.1,3.1
502433,"Apple, Red Delicious, raw, with skin",59,0.27,11.76,0.2,2.3
502434,"Apple, Granny Smith, raw, with skin",58,0.44,10.81,0.19,2.8
502435,"Apple, Gala, raw, with skin",57,0.25,11.38,0.12,2.3
502436,"Apple, Fuji, raw, with skin",63,0.2,13.12,0.18,2.1
502437,"Pork, cured, back bacon, pan-fried",146,27.97,1.92,2.88,0
502438,"Potato, roasted, frozen, unprepared",130,2.22,23.55,1.81,2.6
502440,"Nuts, almonds, oil roasted, smoke flavour, salt added",607,21.43,7.16,55.89,10.7
502441,"Beverage, coconut water, unsweetened, ready-to-drink",18,0.22,4.24,0,0
502442,"Plant-based beverage, almond, enriched, sweetened, vanilla flavoured",38,0.42,6.19,1.04,0.4
502443,"Plant-based beverage, almond, enriched, sweetened, chocolate flavoured",50,0.63,8.98,1.25,0.4
502444,"Beverage, protein drink, ready-to-drink, MUSCLE MLK, light",37,4.68,1.61,1.05,0.5
502445,"Beverage, whey protein isolate, powder",359,58.14,29.07,1.16,0
502446,"Juice drink, orange, Calorie-reduced",21,0.21,5.42,0,0
502447,"Beverage, protein powder, whey based, powder",352,78.13,3.15,1.56,3.1
502448,"Plant-based beverage, protein powder, soy based, powder",388,55.56,22.19,5.56,6.7
502449,"Beverages, high protein powder",392,53.57,20.38,10.71,0
502450,"Fish, trout, brook, raw",110,21.23,0,2.73,
502451,"Beans, black, mature seeds, canned, solids and liquid, reduced sodium",91,6.03,9.65,0.29,6.9
502452,"Beans, great northern, canned, solids and liquid, reduced sodium",114,7.37,16.12,0.39,4.9
502453,"Vitamin water, flavours not lemon/orange, sweetened",23,0,5.74,0,0
502454,"Vitamin water, flavours not lemon/orange, low Calorie",7,0,1.71,0,0
502458,"Bread, spelt, commercial",248,8.96,40.88,1.98,6.7
502461,"Beans, kidney, red, canned, solids and liquid, reduced sodium",81,5.22,9.53,0.36,5.3
502462,"Beans, pinto, canned, solids and liquid, reduced sodium",82,4.6,10.58,0.56,4.6
502463,"Chickpeas (garbanzo beans, bengal gram), canned, solids and liquid, reduced sodium",88,4.92,9.09,1.95,4.4
502465,"Refried beans, canned, reduced sodium",89,4.98,9.85,2.01,3.7
502466,"Soy sauce (made with hydrolyzed vegetable protein), reduced sodium",90,8.19,14.14,0.31,0.3
502469,"Snacks, pretzels, hard, chocolate coated",467,7.05,66.57,17.64,3.5
502472,"Indian, bread, chapati or roti, whole-wheat",299,7.85,36.43,9.2,9.7
502473,"Indian, bread, paratha, whole-wheat",326,6.36,35.75,13.2,9.6
502477,"Indian, bread, naan, whole-wheat",286,10.2,41.41,6.7,4.8
502479,"Indian, bread, chapati or roti, plain",297,11.25,41.46,7.45,4.9
502480,"Cookie, sandwich with peanut butter filling, chocolate coated",558,8.1,48.7,35.3,3.5
502481,"Cracker, multigrain",482,7.1,64.1,20.4,3.5
502484,"Tortilla, ready-to-bake / fry, whole-wheat",310,9.76,36.09,9.76,9.8
502485,"Cookie, brownie, commercial, reduced fat",345,2.77,50.48,9.68,11.1
502486,"Cookie, chocolate sandwich, cream filling, reduced fat",436,2.94,73.27,13.24,2.9
502487,"Cookie, oatmeal sandwich, cream filling",398,2.61,53.02,18.29,2.6
502488,"Cookie, graham cracker, plain or honey, low fat",386,5.71,72.26,5.71,5.7
502489,"Cracker, cheese, whole-grain",412,9.62,50.89,16.03,6.4
502490,"Sweet potato, french-fried, frozen, unprepared",152,1.57,21.34,5.06,3.6
502491,"Sweet potato, french-fried, cross cut, frozen, unprepared",209,1.7,22.12,11.1,3.4
502492,"Sweet potato puff, frozen, unprepared",161,1.36,28.82,3.58,1.9
502493,"Potato, french-fried, wedge cut, frozen, unprepared",166,2.56,19.82,7.47,2.4
502494,"Potato, french-fried, cross cut, frozen, unprepared",193,2.7,20.65,10,2.3
502495,"Taquito, chicken and cheese, frozen, heated in oven",284,9.21,30.73,12.54,2.9
502496,"Taquito, beef and cheese, frozen, heated in oven",287,9.4,30.66,12.79,2.8
502500,"Pizza roll, frozen, unprepared",328,8.73,49.52,9.98,1.2
502504,"Chinese dish, chow mein, vegetable, without meat or noodles, restaurant prepared",43,1.34,4.54,1.68,1.2
502505,"Chinese dish, lo mein, vegetable, without meat, restaurant prepared",121,4.77,18.86,2.35,1.3
502506,"Chinese dish, chicken and vegetables, restaurant prepared",95,8.18,4.48,4.56,0.9
502507,"Chinese dish, orange chicken, restaurant prepared",262,14.46,21.66,12.68,0.8
502508,"Coffee and cocoa (mocha) powder, with whitener and low calorie sweetener",506,9,42.2,31.3,4.8
502510,"Bread, sprouted wheat, commercial",264,13.36,34.89,3.57,8.8
502512,"Deli-meat, composite",225,16.14,5.91,14.73,0
502520,"Deli-meat, ham, sliced, composite",123,16.34,4.5,3.94,0
502521,"Deli-meat, bologna (baloney), composite",286,12.37,8.42,22.22,0
502522,"Bread, sprouted wheat with added calcium and vitamin D, commercial",250,12.98,29.39,3.3,11.8
502523,"Bread, oat (includes oatmeal and oat bran), commercial",265,11.21,39.92,3.48,7
502524,"Bread, made with milk, commercial",263,10.01,44.86,3.01,3.4
502525,"Turnover, fruit (apple, berry, cherry, peach)",334,4.21,41.35,17.27,
502526,"Dessert, frozen, FUDGESICLE bar, no sugar added, with artificial sweetener",105,3.6,20.68,0.97,1.6
502527,"Cookie, shortbread, plain, commercial, no sugar added, with artificial sweetener",431,7,65.9,17.8,5.7
502531,"Bread, 60% whole wheat, commercial, toasted",267,13.87,42.23,1.97,5.5
502532,"Bread, white, commercial, with added fibre, toasted",286,9.99,47.42,2.92,6.5
502533,"Bread, whole grain (whole-wheat), commercial, toasted",289,12.1,44.34,3.63,6.9
502536,"Bread, whole grain (whole-wheat) + seeds (flax, sunflower), commercial, toasted",300,13.09,40.8,4.95,9
502537,"Bread, whole grain (whole-wheat), +seeds and bran, commercial, toasted",293,13.37,40.19,3.8,10.1
502538,"Bread, whole grain (whole-wheat), with added fibre, commercial, toasted",280,11.41,38.8,2.76,12.6
502539,"Bread, multigrain, commercial, reduced sodium, toasted",294,12.13,43.74,3.84,7.9
502540,"Bread, spelt, commercial, toasted",275,9.94,45.39,2.2,7.4
502541,"Bread, sprouted wheat, commercial, toasted",291,14.73,38.56,3.94,9.6
502542,"Bread, sprouted wheat with added calcium and vitamin D, commercial, toasted",278,14.42,32.67,3.67,13.1
502543,"Bread, oat (includes oatmeal and oat bran), commercial, toasted",292,12.34,43.95,3.83,7.7
502544,"Bread, made with milk, commercial, toasted",290,11.02,49.44,3.31,3.7
502545,"Sausage, breakfast links or rounds, beef, raw",306,10.82,10.99,24.05,0
502546,"Sausage, breakfast links or rounds, pork, pre-cooked, reheated",340,17.99,6.85,26.28,0
502547,"Sausage, breakfast links or rounds, turkey, cooked",151,18.99,4.83,5.62,0
502551,"Sausage, chorizo, raw",250,17.88,1.38,18.64,0
502552,"Sausage, chorizo, cooked",301,19.73,10.07,19.68,0
502553,"Sausage, Chorizo, semi-dried (Spanish style), cured",234,26.26,1.12,12.76,0.6
502554,"Chicken, broiler, breast, skinless, boneless, meat, braised",157,32.06,0,3.24,0
502555,"Chicken, broiler, breast, skinless, boneless, meat, grilled",151,30.54,0,3.17,0
502557,"Sausage, Chorizo, dry",526,27.95,7.84,41.68,0
502558,"Sausage, Oktoberfest, raw",316,12.52,10.21,24.73,0
502559,"Sausage, Oktoberfest, cooked",348,13.15,9.04,28.5,0
502560,"Chicken, broiler, drumstick, meat, braised",149,23.93,0,5.95,0
502561,"Chicken, broiler, thigh, meat, braised",176,24.55,0,8.63,0
502562,"Chicken, broiler, thigh, meat and skin, braised",229,22.57,0,15.43,0
502564,"Sausage, Italian, pork, reduced fat and sodium, raw",162,17.13,4.2,8.08,0
502565,"Sausage, Italian, pork, reduced fat and sodium, cooked",195,20.79,2.48,10.7,0
502566,"Sausage, Italian, turkey, raw",139,17.19,5.65,4.41,0.9
502567,"Sausage, Italian, turkey, cooked",157,21.37,3.23,5.54,0.9
502568,"Sausage, honey garlic, pork, raw",260,17.73,2.19,19.52,0
502569,"Sausage, honey garlic, pork, cooked",274,17.68,8.61,18.36,0
502570,"Sausage, Bratwurst, pork, raw",296,14.32,8.05,22.63,0
502571,"Sausage, blood sausage (Blood pudding), cooked",249,16.83,11.68,14.61,0
502572,"Sausage, Polish, smoked, pre-cooked, reheated",294,14.06,12.19,19.95,1.6
502573,"Sausage, Merguez, lamb, raw",230,15.38,7.54,14.96,0
502574,"Sausage, Merguez, lamb, cooked",233,17.42,8.56,13.92,0
502575,"Sausage, Knackwurst (Knockwurst), cooked",282,15.03,6.87,21.17,0
502576,"Meat stick, beef, refrigerated",302,20.15,10.1,19.62,0
502577,"Meat stick, mixed meats, refrigerated",300,20.53,5.84,21.01,0
502578,"Meat stick, chicken/turkey, refrigerated",206,23.21,5.12,9.68,0
502579,"Meat stick, pepperoni, refrigerated",322,23.42,3.51,22.76,0.9
502580,"Meat stick, pepperoni, non-refrigerated",468,24.17,12.52,35.06,0
502582,"Sausage, smoked, pork, pre-cooked, reheated",289,14.73,8.32,21.54,0
502584,"Sausage, smoked, pork, pre-cooked, reheated, reduced fat",223,16.38,7.86,13.54,0
502586,"Beef, chuck, short ribs, boneless, lean, 0mm trim, braised",240,28.82,0,13.8,0
502587,"Sausage, smoked, with cheddar cheese, pre-cooked, reheated",330,13.78,7.3,26.95,0
502588,"Sausage, smoked, with cheddar cheese, pre-cooked, reduced fat",211,15.88,7.6,12.6,0
502589,"Sausage, smoked, with cheddar cheese, pre-cooked, reheated, reduced fat",222,16.3,7.78,13.51,0
502590,"Sausage, smoked, honey garlic, pre-cooked",237,14.18,10.18,15.22,0
502591,"Beef, chuck, short ribs, boneless, lean, 0mm trim, raw",169,19.68,0.05,10.02,0
502592,"Beef, chuck, short ribs, boneless, lean and fat, 0mm trim, braised",305,25.48,0,22.58,0
502593,"Sausage, smoked, honey garlic, pre-cooked, reheated",258,14.92,13.28,15.88,0
502594,"Beef, chuck, short ribs, boneless, lean and fat, 0mm trim, raw",235,17.48,0,18.33,0
502595,"Sausage, spicy beef and roasted red pepper, raw",283,12.35,7.34,21.83,1.3
502596,"Sausage, spicy beef and roasted red pepper, cooked",339,13.87,6.03,27.82,1.3
502622,"Bread, italian, toasted",287,9.73,50.55,2.77,4
502641,"Yogourt, plain, rich/Mediterranean style  (6-9% M.F.), Vitamin D added",114,4.25,6.53,8.08,0
502642,"Soup (sauce), stock, cream, ready-to-serve",62,0.73,4,4.71,0.2
502644,"Soup, beef barley, ready-to-serve, reduced sodium",45,2.36,6.68,0.35,1.3
502645,"Soup, clam chowder, manhattan, ready-to-serve",56,3.02,6.64,1.41,1.2
502646,"Soup, vegetable beef, ready-to-serve, Calorie-reduced",28,2.09,3,0.48,0.8
502647,"Soup, broth, beef, ready-to-serve, reduced sodium",4,0.75,0.26,0,0.1
502648,"Soup, broth, beef, ready-to-serve, no salt added",4,0.37,0.45,0.01,0.1
502649,"Soup, split pea with ham, ready-to-serve, reduced sodium",57,3.58,6.4,0.6,2.9
502650,"Soup, broth, vegetable, ready-to-serve",3,0.07,0.64,0.01,0.1
502651,"Soup, butternut squash, ready-to-serve, reduced sodium",41,0.53,7.54,1.01,
502652,"Soup, chicken noodle, canned, condensed, reduced sodium",43,2.56,4.72,1.15,0.8
502653,"Soup, chicken noodle, canned, condensed, water added, reduced sodium",22,1.33,2.47,0.6,0.4
502654,"Soup, broth, vegetable, ready-to-serve, reduced sodium",4,0.13,0.44,0.09,0.3
502655,"Soup, chicken rice, ready-to-serve, reduced sodium",31,1.61,3.68,0.71,0.9
502656,"Babyfood, mixed fruit with oatmeal cereal, all stages",91,1.16,18.96,0.47,1.7
502657,"Soup, clam chowder, New England, ready-to-serve, reduced sodium",38,1.5,5.33,0.81,0.9
502659,"Soup, cream, broccoli, canned, condensed",67,1.45,6.44,3.34,1.4
502660,"Soup, cream, broccoli, canned, condensed, water added",34,0.74,3.31,1.71,0.7
502661,"Soup, cream, broccoli, canned, condensed, 2% M.F. milk added",59,2.37,5.63,2.67,0.7
502662,"Soup, cream, broccoli, canned, condensed, reduced fat",57,2.09,7.49,1.68,1
502663,"Soup, cream, broccoli, canned, condensed, reduced fat, water added",29,1.07,3.86,0.86,0.5
502665,"Soup, cream, celery, canned, condensed, reduced fat",52,1.42,6.8,1.66,1.1
502666,"Soup, cream, broccoli, canned, condensed, reduced fat, 2% M.F. milk added",54,2.69,6.17,1.83,0.5
502667,"Soup, cream, chicken, canned, condensed, reduced fat",68,2.24,6.84,2.95,1.3
502668,"Soup, cream, chicken, canned, condensed, reduced fat, water added",35,1.15,3.48,1.51,0.7
502669,"Soup, cream, chicken, canned, condensed, reduced fat, 2% M.F. milk added",59,2.76,5.79,2.47,0.7
502670,"Soup, cream, chicken, ready-to-serve",49,1.49,5.62,2.11,0.4
502671,"Soup, cream, mushroom, canned, condensed, reduced sodium, water added",37,0.79,3.22,2.09,0.5
502672,"Soup, cream, mushroom, canned, condensed, reduced fat, 2% M.F. milk added",51,2.19,5.5,2.05,0.5
502673,"Soup, cream, mushroom, canned, condensed, reduced fat",52,1.1,6.27,2.12,0.9
502674,"Soup, cream, mushroom, canned, condensed, reduced sodium, 2% M.F. milk added",61,2.4,5.53,3.04,0.5
502675,"Soup, cream, mushroom, ready-to-serve",91,1.19,3.34,7.96,0.4
502676,"Soup, mushroom barley, ready-to-serve, low sodium",25,0.91,2.76,0.68,1
502677,"Soup, cream, potato, ready-to-serve",46,1.4,6.86,0.99,1
502678,"Soup, Italian wedding, ready-to-serve",46,2.87,5.16,1.21,0.8
502679,"Soup, lentil, ready-to-serve",54,3.3,6.96,0.53,2
502680,"Soup, cream, asparagus, ready-to-serve",33,1.13,3.74,1.17,0.7
502682,"Soup, split pea, ready-to-serve",67,3.21,6.51,1.77,3.1
502683,"Soup, tomato noodle, ready-to-serve",36,1.27,6.27,0.2,1
502684,"Soup, tomato, canned, condensed, reduced sodium, water added",34,0.83,6.32,0.25,0.7
502685,"Soup, tomato, canned, condensed, reduced sodium, 2% M.F. milk added",58,2.47,8.62,1.24,0.7
502686,"Babyfood, juice, apple, all stages",47,0.11,11.64,0.01,0.2
502688,"Babyfood, juice, pear, all stages",48,0.12,11.85,0,0.2
502689,"Soup, tomato, ready-to-serve",57,0.87,9.49,1.41,0.8
502690,"Soup, tomato and red pepper, ready-to-serve, low sodium",40,0.9,5.38,0.98,1.4
502691,"Soup, wonton (won ton), canned, ready-to-serve",37,1.96,5,0.77,0.5
502692,"Babyfood, meat, jarred and frozen, beef, puree",123,13.84,0.6,6.86,0
502693,"Cereal, hot, cream of wheat, instant: whole grain, dry",333,13.33,63.07,2.22,11.1
502694,"Cereal, hot, cream of wheat, instant: whole grain, prepared with water",51,2.03,9.62,0.34,1.7
502695,"Apple juice, canned or bottled, unsweetened, calcium and Vitamin C and D added",48,0.12,11.19,0.17,0.3
502696,"Vegetable juice cocktail, canned, low sodium",19,0.91,3.33,0.32,0.5
502697,"Spaghetti and meatballs, restaurant prepared",170,7.84,14.01,8.52,1.5
502698,"Goose, wild (Canada goose), native, breast, skinless, raw",133,24.31,0,4.02,0
502699,"Meatball, Italian style, frozen",286,14.4,5.76,22.21,2.3
502700,"Orange juice, frozen concentrate, undiluted, with added calcium and Vitamin D",147,2.4,32.86,0.25,1
502701,"Raspberry, frozen, unsweetened",52,1.2,5.44,0.65,6.5
502703,"Carbonated drinks, lemon-lime soda, with caffeine",49,0,13.11,0,0
502704,"Quinoa burger patty, frozen",223,10.7,7.7,12.1,10.1
502705,"Lamb, New Zealand, leg, chop / steak, lean, fast fried",162,26.31,0,6.35,0
502706,"Lamb, New Zealand, tenderloin, lean and fat, fast fried",157,27.87,0,5,0
502707,"Lamb, New Zealand, tenderloin, lean and fat, raw",120,20.43,0.01,4.22,0
502708,"Lamb, New Zealand, tenderloin, lean, fast fried",155,27.94,0,4.81,0
502709,"Lamb, New Zealand, tenderloin, lean, raw",116,20.53,0,3.81,0
502710,"Veal, foreshank, osso buco, lean, braised",157,29.12,0,4.51,0
502711,"Veal, foreshank, osso buco, lean and fat, braised",182,27.94,0.11,7.77,0
502712,"Veal, ground, pan-fried",215,25.83,1.51,11.78,0
502714,"Cracker, standard snack-type, with whole-wheat",463,7.29,63.47,17.84,4.9
502715,"Rice, spanish rice mix, unprepared",363,10.62,73.35,1.62,3.1
502716,"Rice, spanish rice mix, prepared",125,3.27,21.24,2.38,1.5
502717,Spaghetti with pomodoro sauce (tomato sauce),104,3.9,16.07,1.89,1.7
502718,Quesadilla with cheese,368,15.93,22.41,23.08,1.7
502719,"Ravioli, cheese-filled with marinara sauce",154,7.07,17.3,5.7,1.2
502720,"Tamale, cheese",216,8.99,15.77,11.99,2.2
502721,Chicken parmesan,204,16.17,10.02,10.64,0.9
502722,"Rice, Spanish rice",185,3.28,29.96,5.29,1.2
502724,"Soup, broth, chicken, canned, condensed, reduced sodium",8,1.38,0.51,0.07,0
502725,"Soup, broth, chicken, canned, condensed, water added, reduced sodium",4,0.71,0.26,0.04,0
502727,"Soup, cream, celery, canned, condensed, reduced fat, 2% M.F. milk added",51,2.35,5.76,1.82,0.6
502728,"Soup, cream, celery, canned, condensed, reduced fat, water added",27,0.73,3.44,0.85,0.6
502729,"Soup, cream, mushroom, canned, condensed, reduced fat, water added",27,0.57,3.19,1.09,0.5
502730,"Soup, broccoli cheese, canned, condensed, water added",43,1.03,2.87,2.59,0.9
502732,"Babyfood, dinner, lamb with fruit",127,6.05,11.01,5.22,2.5
502742,"Beverage mix, chocolate flavour, powder, no added sugar",373,9.09,54.54,9.09,9.1
502758,"Margarine, stick, canola and/or soybean oil",719,0.16,1.39,80.65,0
502759,"Margarine, stick, palm and soybean oils",703,0.16,0,79.48,0
502762,"Margarine, tub, non-hydrogenated, soybean oil",710,0.16,1.29,79.67,0
502768,"Margarine, tub, non-hydrogenated, canola oil (includes some sunflower oil)",716,0.22,0.64,80.65,0
502771,"Margarine, tub, non-hydrogenated, canola oil, with plant sterols",714,0.22,2.01,79.73,0
502772,"Margarine, tub, non-hydrogenated, canola oil (includes some sunflower oil) unsalted",711,0.22,1.19,79.85,0
502773,"Margarine, tub, non-hydrogenated, canola oil (includes some sunflower oil), lactose free, vegan",707,0.22,0.77,79.54,0
502774,"Margarine, tub, non-hydrogenated, canola and fish oil",705,0.22,0.56,79.44,0
502776,"Yogourt, Greek style, plain, 2% M.F.",69,9.71,3,2,1
502777,"Margarine, tub, non-hydrogenated, canola and olive oil",714,0.22,0.7,80.32,0
502778,"Yogourt, Greek style, fruit flavoured, 2% M.F.",100,8,11,2,1
502779,"Margarine, tub, non-hydrogenated, canola oil, with plant sterols, Calorie-reduced",363,0.02,3.98,39.29,0
502780,"Margarine-like spread (including garlic flavoured), tub, non-hydrogenated, mixed vegetable oils, 68% fat",614,0.22,0,69.33,0
502781,"Margarine-like spread, tub, hydrogenated, canola and soybean oil, 50% fat",435,0.02,0,49.14,0
502782,"Margarine, tub, non-hydrogenated, canola oil (includes some sunflower oil), Calorie-reduced",351,0.02,0.53,39.44,0
502783,"Margarine, tub, non-hydrogenated, mixed vegetable oil, Calorie-reduced",348,0.02,0,39.37,0
502784,"Beverage mix, chocolate flavour, powder, no added sugar, with 2% M.F. milk",68,3.61,7.49,2.37,0.5
502787,"Plant-based beverage, coconut, enriched, sweetened, all flavours",33,0.2,3.63,1.91,0.3
502788,"Plant-based beverage, coconut, enriched, unsweetened",19,0.08,0.4,1.79,0.2
502789,"Plant-based beverage, cashew, enriched, sweetened",23,0.19,3.51,0.97,0
502803,"Babyfood, dessert, jarred, custard (includes vanilla custard)",95,1.89,16.77,2.42,0.4
502804,"Babyfood, fruit, jarred, apple (applesauce), all stages",45,0.53,10.57,0.03,1.4
502816,"Babyfood, fruit, jarred, banana, all stages",81,1.13,19.66,0.05,1.6
502819,"Babyfood, fruit, jarred, apple and berries (blueberries, raspberries or strawberries), all stages",52,0.35,12.62,0.02,1.6
502821,"Babyfood, fruit, jarred, apple and other fruit (plum, mango, kiwi, pear, banana, apricot and/or pineapple), all stages",57,0.45,13.7,0.04,1.6
502824,"Babyfood, fruit, jarred, apricot and other fruit",54,0.59,12.26,0.04,2.2
502825,"Babyfood, fruit, jarred, banana and other fruit",67,1.16,16.08,0.02,1.5
502827,"Babyfood, fruit, jarred, mixed fruit",63,0.74,14.65,0.08,2.1
502828,"Babyfood, fruit, jarred, peach, all stages",58,1.1,12.66,0.09,2.1
502829,"Babyfood, fruit, jarred, pear, all stages",57,0.57,11.99,0.06,3.3
502830,"Babyfood, fruit, jarred, prunes",79,1.11,17.92,0.07,2.8
502831,"Babyfood, dessert, jarred, strawberry",124,0.23,33.83,0.04,0.3
502832,"Babyfood, dessert, jarred, apricot, all stages",73,0.6,18.87,0.05,0.6
502833,"Babyfood, dessert, jarred, banana with coconut cream",93,1.12,18.14,2.19,1.4
502834,"Babyfood, dessert, jarred, blueberry, all stages",64,0.28,16.51,0.22,0.4
502842,"Babyfood, dessert, jarred, fruit",79,0.52,20.49,0.02,0.8
502843,"Babyfood, dessert, jarred, banana graham pie",90,0.68,17.78,2.51,0.7
502847,"Babyfood, meat, jarred and frozen, chicken, puree",126,15.01,1.19,6.38,0
502848,"Babyfood, meat, lamb, puree",197,13.39,2.48,13.63,1.8
502849,"Babyfood, meat, pork, puree",119,14.63,0.94,5.85,0
502850,"Babyfood, meat, turkey, puree",102,15.02,0.89,3.57,0.5
502851,"Babyfood, meat, veal, puree",117,14.01,0.87,5.74,0.5
502852,"Babyfood, dinner, jarred or frozen, beef with vegetables, all stages",63,3.36,6.34,1.95,1.7
502853,"Babyfood, dinner, jarred or frozen, beef with pasta and vegetables, all stages",74,3.24,8.23,2.28,1.7
502854,"Babyfood, dinner, jarred or frozen, chicken with vegetables, all stages",73,3.69,4.97,3.65,1.4
502855,"Babyfood, dinner, jarred or frozen, chicken with rice or barley and vegetables, all stages",73,3.18,9.24,1.9,1.2
502856,"Babyfood, dinner, jarred, chicken with pasta and vegetables, all stages",68,3.4,8.23,1.62,1.5
502857,"Babyfood, dinner, jarred, chicken with cheese pasta and vegetables, all stages",71,5.24,6.94,1.53,1.8
502859,"Babyfood, dinner, jarred, chicken with vegetables and fruit",86,2.88,11.95,2.03,1.7
502860,"Babyfood, dinner, jarred, pork with vegetables and fruit",71,3.55,7.03,2.33,1.6
502861,"Babyfood, dinner, jarred, turkey with vegetables, all stages",52,3.06,7.4,0.46,1.4
502862,"Babyfood, dinner, jarred or frozen, turkey with rice or barley and vegetables, all stages",62,3.34,7.88,1.27,1.2
502863,"Babyfood, dinner, veal with vegetables and barley",77,5.75,6.87,1.64,2.5
502864,"Babyfood, dinner, jarred, pasta with vegetables",70,2.04,8.8,2.17,1.6
502865,"Babyfood, dinner, jarred, pasta with cheese and vegetables",100,3.92,12.4,2.85,1.9
502866,"Babyfood, vegetables, jarred, carrots, all stages",24,0.84,3.61,0.11,1.7
502867,"Babyfood, vegetables, jarred, creamed corn",53,1.77,8.85,1.39,1.5
502868,"Babyfood, vegetables, jarred, green beans, all stages",28,1.45,4.38,0.15,2.2
502869,"Babyfood, vegetables, jarred, mixed vegetables, all stages",41,2.03,7.8,0.25,1.6
502870,"Babyfood, vegetables, peas and carrots, all stages",38,2.89,5.57,0.26,2.6
502871,"Babyfood, vegetables, jarred, peas, all stages",41,3.33,5.74,0.34,2.6
502872,"Babyfood, vegetables, jarred, squash, all stages",26,0.82,4.5,0.08,1.2
502873,"Babyfood, vegetables, jarred, sweet potato, all stages",47,1.19,9.15,0.07,1.5
502874,"Babyfood, vegetables and fruit, jarred, green beans and apple",35,1.32,6.85,0.13,1.8
502875,"Babyfood, vegetables and fruit, zucchini and apple",35,1.67,7.11,0.1,1.3
502876,"Babyfood, vegetable and grain, jarred, creamed corn with rice",58,1.78,10.51,1.27,1.5
502877,"Babyfood, vegetables, jarred, broccoli and potato with cheese",50,3.01,6.81,1.63,1.1
502878,"Plant-based beverage, cashew, enriched, unsweetened",12,0.19,0.4,1.1,0
502916,"Babyfood, snack, biscuit, wheat with milk powder",391,12.22,66.42,7.27,5.4
502917,"Babyfood, cereal, ready to eat, 'O' shaped",366,10.46,68.79,5.14,7.2
502918,"Babyfood, cereal, mixed grain, with milk powder, dry",400,16.19,62.28,8.47,7
502919,"Babyfood, cereal, mixed grain, with milk powder, prepared with water",167,6.77,26.86,3.54,2.1
502920,"Babyfood, cereal, barley, with milk powder, prepared with water",122,4.05,20.05,1.81,3.4
502921,"Babyfood, cereal, mixed grain, with biscuit, milk powder and fruit, dry",404,13,66.08,9.05,5.6
502922,"Babyfood, cereal, mixed grain, with biscuit, milk powder and fruit, prepared with water",117,3.78,19.24,2.63,1.6
503337,"Babyfood, cereal, mixed grain, with milk powder and fruit, prepared with water",123,4.68,19.25,2.41,2.7
503338,"Babyfood, cereal, mixed grain, with fruit, dry",372,10.35,66.34,4.73,8.7
503339,"Babyfood, cereal, oat, prepared with formula or breast milk",153,4.17,21.23,4.39,3
503340,"Babyfood, cereal, mixed grain, with fruit, prepared with formula or breast milk",140,3.63,21.73,3.65,2.1
503341,"Babyfood, cereal, oat, with milk powder, dry",414,18.11,57.57,9.5,8.1
503342,"Babyfood, cereal, Oat, with milk powder, prepared with water",121,5.28,16.75,2.77,2.4
503343,"Babyfood, cereal, rice, with milk powder and fruit, prepared with water",121,3.86,20.44,2.92,1.1
503344,"Babyfood, cereal, rice, with yogourt, with fruit, dry",389,11.33,70.14,7.11,3.8
503345,"Babyfood, cereal, rice, with yogourt, with fruit, prepared with water",117,3.41,21.14,2.14,1.1
503346,"Babyfood, cereal, rice, with milk powder, dry",409,12.88,69.56,8.09,3.5
503347,"Babyfood, cereal, Rice, with milk powder, prepared with water",125,3.95,21.31,2.48,1.1
503348,"Babyfood, cereal, rice, prepared with formula or breast milk",154,3.1,26.92,3.09,1
503349,"Babyfood, cereal, wheat, dry",387,13.38,79.09,1.39,4.2
503350,"Babyfood, cereal, wheat, prepared with formula or breast milk",137,4.14,24.38,2.87,
503351,"Babyfood, cereal, wheat, with milk powder and fruit, dry",404,16.95,64.3,9.18,4.7
503352,"Babyfood, cereal, wheat, with milk powder and fruit, prepared with water",123,5.15,19.55,2.79,1.4
503353,"Babyfood, cereal, soya, with fruit, dry",364,21.55,40.65,9.17,15.1
503354,"Babyfood, cereal, soya, with fruit, prepared with formula or breast milk",139,6.43,15.58,4.75,3.7
503355,"Babyfood, cereal, oat, with milk powder and fruit, dry",392,12.7,64.6,7.74,7.7
503356,"Babyfood, cereal, oat, with milk powder and fruit, prepared with water",118,3.82,19.44,2.33,2.3
503357,"Babyfood, cereal, wheat, with milk powder, dry",421,16.4,63.64,9.85,6
503358,"Babyfood, cereal, wheat, with milk powder, prepared with water",139,5.42,21.03,3.26,2
503362,"Seeds, hemp seeds, hulled",584,32.73,3.03,46.97,5.1
503363,"Plant-based beverage, coconut, unenriched, unsweetened",23,0.08,0.37,1.95,0.8
503364,"Plant-based beverage, coconut, unenriched, sweetened, all flavours",13,0.04,1.46,0.73,0.1
503365,"Orange juice, frozen concentrate, diluted, with added calcium and Vitamin D",40,0.65,8.82,0.07,0.3
503366,"Margarine, tub, hydrogenated, soybean oil",697,0.16,3.8,77.16,0
503367,"Margarine, tub, hydrogenated, canola oil",702,0.22,3.73,77.63,0
503379,"Chocolate syrup, thin type, less sugar, with added vitamins and minerals",296,0,67.57,0,0
503380,"Granola bar, chewy, high fibre, oats and chocolate",350,5,55.48,10,14.3
5067,"Cereal, ready to eat, Chex: honey nut, General Mills",393,4.67,85.37,2,1.3
5069,"Cereal, ready to eat, Nesquik, General Mills",397,4.81,78.88,4.95,5.9
5081,"Cereal, hot, oats, instant: dinosaur eggs, dry, Quaker",400,7.94,70.24,6.98,6.2
5082,"Cereal, hot, oats, instant: cookies and cream, dry, Quaker",412,8.64,65.93,9.66,6.7
5084,"Cereal, hot, oats, instant: golden honey with bran, dry, Quaker",385,9.17,69.11,4.66,7.5
5088,"Cereal, hot, oats, instant: Wild Berry Medley, dry, Quaker",386,8.79,65.98,4.61,11.3
51,"Cheese, processed, cheddar, cold pack",331,19.66,8.32,24.46,0
5112,"Cereal, ready to eat, Alpen: low fat, unsalted, without sugar, Weetabix",378,13.3,60,5.55,11.1
5113,"Cereal, ready to eat, Grainshop, Weetabix",366,8.8,66,2.2,11
5114,"Cereal, ready to eat, Kashi: honey puffed, Kashi",382,9.38,76.47,2,6.6
5124,"Cereal, ready to eat, Kashi: high fibre flakes and granola, Kashi",279,9.03,58.11,4.55,22
5132,"Cereal, ready to eat, Morning Crisp: strawberry, Jordans",442,7.54,61.48,15.68,6.1
5133,"Cereal, ready to eat, Morning Crisp: chocolate, Jordans",456,7.8,55.4,19.5,6.8
5134,"Cereal, ready to eat, Morning Crisp: four nut, Jordans",486,8.5,52.5,24.2,6
5135,"Cereal, ready to eat, Muesli: organic, Jordans",350,9.3,49.2,8.8,9.2
5136,"Cereal, ready to eat, Muesli: supreme, Jordans",364,8.1,53.2,9.8,7.6
5137,"Cereal, ready to eat, Shredded Wheat: honey nut, Post",367,8.71,67.79,3.08,15
5139,"Cereal, ready to eat, Selects, Cranberry Almond Crunch, Post",364,6.15,76.39,5.22,4.8
5143,"Cereal, hot, oats, Quick: Robin Hood, dry, Robin Hood",381,15.2,57.91,6.4,8.8
5144,"Cereal, ready to eat, Apple Cinnamon Hoops, Barbara's Bakery",363,9.5,70.6,3.7,5.4
5145,"Cereal, ready to eat, Puffins: cinnamon, Barbara's Bakery",345,6.4,67,3.4,18
5148,"Cereal, ready to eat, Hole n' Oats, Honey Nut, Barbara's Bakery",393,9.5,69.8,6.1,5.2
5153,"Cereal, ready to eat, Corn Dunks, President's Choice",387,5.2,86.4,1.7,2.3
5155,"Cereal, ready to eat, Granola: with raisins and almonds, Blue Menu, President's Choice",440,10.5,65,13.75,5
5158,"Cereal, ready to eat, Granola:with honey and almonds, Organics, President's Choice",436,11.9,62.2,14.6,6.7
5161,"Cereal, ready to eat, Frosted Flakes: lightly toasted, President' Choice",421,4.67,88.3,0.33,1.7
5168,"Cereal, ready to eat, Bran Flakes, too good to be true, President's Choice",316,12.67,56.63,2.67,16.7
5173,"Turkey, tom, breast, meat only, raw",111,23.42,0,1.18,0
5174,"Babyfood, cereal, ready-to-eat, 'O' Shaped with whole milk",92,3.9,11.44,3.44,0.7
5175,"Turkey, tom, drumstick, meat only, raw",121,19.13,0,4.35,0
5176,"Turkey, tom, thigh, meat only, raw",131,19.36,0,5.39,0
5178,"Turkey, tom, leg, meat only, raw",127,19.27,0,4.99,0
5179,"Turkey, tom, wing, meat only, raw",108,21.34,0,2.11,0
5180,"Turkey, tom, breast, meat, roasted",160,31.74,0,2.75,0
5181,"Turkey, tom, drumstick, meat, roasted",195,30.21,0,7.37,0
5182,"Turkey, tom, thigh, meat, roasted",189,27.47,0,7.92,0
5184,"Turkey, tom, leg, meat, roasted",191,28.47,0,7.72,0
5185,"Turkey, tom, wing, meat, roasted",177,31.81,0,4.57,0
5186,"Turkey, tom, drumstick, meat and skin, roasted",207,29.56,0,9,0
5187,"Turkey, tom, drumstick, meat and skin, raw",142,18.8,0,6.83,0
5188,"Turkey, tom, thigh, meat and skin, raw",151,19.02,0,7.7,0
5189,"Turkey, tom, thigh, meat and skin, roasted",204,26.91,0,9.89,0
5193,"Cereal, hot, oats, instant: Dinosaur Eggs, prepared, Quaker",114,2.27,20.03,1.99,1.8
5195,"Cereal, hot, oats, instant: Cookies and Cream, prepared, Quaker",102,2.14,16.3,2.39,1.7
5196,"Cereal, hot, oats, instant: golden honey with bran, prepared, Quaker",96,2.29,17.19,1.16,1.9
5199,"Cereal, hot, oats, instant: Wild Berry Medley, prepared, Quaker",96,2.18,16.41,1.15,2.8
52,"Cheese, processed food, swiss, loaf",323,21.92,4.5,24.14,0
5203,"Veal, grain-fed, shoulder, blade steak, lean and fat, raw",151,20.39,0,7.08,0
5204,"Veal, grain-fed, shoulder, blade steak, lean and fat, braised",269,30.06,0,15.63,0
5205,"Veal, milk-fed, rib chop, lean and fat, broiled",260,25.19,0,16.99,0
5206,"Veal, milk-fed, shoulder, blade steak, lean and fat, raw",160,18.8,0,8.85,0
5207,"Veal, milk-fed, shoulder, blade steak, lean and fat, braised",249,29.96,0,13.39,0
5208,"Cereal, ready to eat, Honest O's, Barbara's Bakery",361,16.67,63.33,6.67,10
5209,"Goose, wild (Canada goose), native, meat only, raw",135,23.27,0,3.98,0
5211,"Veal, milk-fed, rib chop, lean, broiled",184,28.86,0,6.7,0
5212,"Goose, wild (Canada goose), native, meat only, roasted",200,30.84,0,7.59,0
5213,"Goose, wild (Canada goose), native, meat only, boiled",212,36.46,0,6.19,0
5214,"Veal, milk-fed, shoulder, blade steak, lean, raw",104,20.16,0,1.91,0
5215,"Goose, wild (Canada goose), native, breast, meat and skin, raw",270,19.11,0,20.93,0
5216,"Veal, milk-fed, shoulder, blade steak, lean, braised",195,33.15,0,5.83,0
5217,"Goose, wild (Canada goose), native, breast, meat and skin, roasted",292,28.51,0,18.85,0
5218,"Goose, wild (Canada goose), native, breast, meat and skin, fire roasted",223,30.97,0,10.09,0
5219,"Goose, wild (Canada goose), native, breast, meat and skin, boiled",251,34.01,0,11.71,0
5220,"Goose, wild (Canada goose), native, leg, meat and skin, raw",356,16.32,0,31.78,0
5221,"Veal, grain-fed, shoulder, blade steak, lean, raw",109,21.46,0,1.89,0
5222,"Veal, grain-fed, shoulder, blade steak, lean, braised",191,34.33,0,4.94,0
5223,"Goose, wild (Canada goose), native, leg, meat and skin, roasted",345,25.04,0,26.35,0
5224,"Goose, wild (Canada goose), native, leg, meat and skin, fire roasted",277,28.79,0,17.09,0
5225,"Goose, wild (Canada goose), native, leg, meat and skin, boiled",273,31.04,0,15.56,0
5226,"Goose, wild (Canada goose), native, collar, meat and skin, roasted",259,29.82,0,14.57,0
5227,"Goose, wild (Canada goose), native, collar, meat and skin, fire roasted",197,29.17,0,8.01,0
5228,"Goose, wild (Canada goose), native, liver, raw",144,20.37,3.3,4.89,0
5229,"Goose, wild (Canada goose), native, liver, roasted",175,24.39,4,6.11,0
523,"Shortening, industrial, for frying (liquid), soybean",884,0,0,100,0
5230,"Goose, wild (Canada goose), native, lungs, roasted",157,21.63,0.9,6.74,0
5231,"Cereal, hot, Red River, dry Robin Hood",344,12,60,3.4,12
5232,"Cereal, hot, Red River, prepared, Robin Hood",64,2.23,11.19,0.63,2.2
524,"Salad dressing, russian, commercial, regular",355,0.69,31.2,26.18,0.7
5240,"Cracker, cheese, reduced sodium",503,10.1,55.8,25.3,2.4
5241,"Plant-based beverage, soy, original and vanilla, unenriched",54,3.27,5.78,1.75,0.5
525,"Salad dressing, russian, commercial, low calorie",142,0.5,27.3,4,0.3
5253,"Soup, NISSIN, OODLES OF NOODLES TOP RAMEN ramen noodles, oriental flavour, dry, water added",66,1.36,7.16,2.5,2.4
5254,"Soup, NISSIN, CUP NOODLES, ramen noodles, chicken flavour, dry, water added",63,1.19,7.58,3.02,0.3
5255,"Soup, cream, asparagus, canned, condensed, 2% M.F. milk added",60,2.56,6.39,2.6,0.3
5256,"Soup, cream, celery, canned, condensed, 2% M.F. milk added",61,2.31,5.63,3.21,0.3
5257,"Soup, cheddar cheese, canned, condensed, 2% M.F. milk added",80,3.5,6.36,4.32,0.5
5258,"Soup, cream, chicken, canned, condensed, 2% M.F. milk added",79,2.73,5.17,5.05,0.4
5260,"Soup, cream, mushroom, canned, condensed, 2% M.F. milk added",68,2.43,4.67,4.28,0.4
5261,"Soup, cream, onion, canned, condensed, 2% M.F. milk added",69,2.76,7.4,3.08,0.2
5263,"Soup, cream, potato, canned, condensed, 2% M.F. milk added",55,2.35,6.8,1.9,0.2
5266,"Soup, pea, green, canned, condensed, 2% M.F. milk added",89,5,10.78,2.08,2
5267,"Soup, tomato, canned, condensed, 2% M.F. milk added",58,2.44,8.78,1.21,0.7
5268,"Beverage mix, carob flavour, powder, with 2% M.F. milk",65,3.23,8.55,1.9,0.4
5269,"Beverage mix, chocolate flavour, powder, with 2% M.F. milk",79,3.3,11.4,2.07,0.4
527,"Salad dressing, mayonnaise type, commercial, regular",250,0.65,14.78,21.6,0
5270,"Chocolate syrup, thin type, 2% M.F. milk added",80,3.2,12.6,1.8,0.2
5273,"Malted milk, natural flavour, powder, with 2% M.F. milk",76,3.74,10.85,2.05,0
5275,"Malted milk, chocolate flavour, powder, with 2% M.F. milk",75,3.43,11.11,2.09,0
5276,"Strawberry flavour mix, powder, with 2% M.F. milk",78,3.04,12.47,1.84,0
5277,"Potato, mashed, homemade, prepared with 2% M.F. milk and margarine",110,1.85,15.74,4.08,1.1
5278,"Potato, mashed, homemade, prepared with 2% M.F. milk",81,1.89,16.87,0.33,1.2
5279,"Potato, mashed, homemade, prepared with 2% M.F. milk and butter",109,1.89,15.73,4.03,1.1
528,"Salad dressing, french, commercial, low calorie",222,0.58,29.72,11.52,1.5
5284,"Potato, Russet, flesh and skin, raw",79,2.14,16.77,0.08,1.3
5285,"Potato, white, flesh and skin, raw",69,1.68,13.31,0.1,2.4
5286,"Potato, red, flesh and skin, raw",71,1.89,14.2,0.14,1.7
5287,"Juice drink, mixed vegetable and fruit",29,0.04,7.47,0.01,0
5288,"Carbonated drinks, cola",41,0,10.58,0,0
529,"Salad dressing, italian, commercial, low Calorie",102,0.39,9.99,6.68,0
5290,"Tea, instant, unsweetened, powder, decaffeinated",316,20.21,50.16,0,8.5
5291,"Tea, instant, sweetened, lemon flavour, powder, decaffeinated",401,0.12,98.55,0.73,0
5292,"Sports drink, fruit flavour, low calorie, ready-to-drink",11,0,3,0,0
5293,"Carbonated drinks, chocolate",42,0,10.7,0,0
5294,"Non-alcoholic, wine",6,0.5,1.1,0,0
5295,"Hot chocolate, rich, mix, powder, prepared with water",53,0.61,11.14,0.52,0.3
5296,"Hot chocolate with marshmallows, mix, powder, prepared with water",52,0.63,11.16,0.48,0.2
5297,"Hot chocolate, cocoa, without sugar, mix, powder, prepared with water",46,3.61,6.47,0.36,0.6
5299,"Cream, sour, light",85,4.69,8.88,3.44,0
530,"Salad dressing, thousand island, commercial, low calorie",195,0.83,22.86,11.32,1.2
5300,"Cream, sour, fat free",74,3.1,15.6,0,0
5305,"Dessert topping (non dairy), fat free, Reddi Wip",149,3,24.6,5,0.4
5306,"Salad dressing, french, fat free",132,0.2,29.94,0.27,2.2
5307,"Butter, light, salted",509,3.3,0,55.1,0
5308,"Butter, light, unsalted",499,3.3,0,55.1,0
5309,"Meat drippings (lard, beef tallow, mutton tallow)",890,0,0,98.59,0
531,"Salad dressing, mayonnaise, commercial, regular",680,0.96,0.57,74.85,0
5316,"Shortening, household, composite",884,0,0,99.97,0
532,"Salad dressing, italian, commercial, regular",240,0.41,12.12,21.12,0
5328,"Salad dressing, italian, fat free",47,0.97,8.15,0.87,0.6
533,"Salad dressing, french, commercial, regular",457,0.77,15.58,44.81,0
5330,"Salad dressing, ranch dressing, commercial, regular",421,1.32,5.74,44.54,0
5332,"Salad dressing, mayonnaise, reduced fat",238,0.37,9.23,22.22,0
5336,"Soup, stock, beef, homemade",13,1.97,1.2,0.09,0
5337,"Soup, stock, chicken, homemade",36,2.52,3.53,1.2,0
5338,"Soup, minestrone, ready-to-serve, reduced sodium",31,1.46,4.71,0.22,1.1
5339,"Soup, cream, mushroom, canned, condensed, reduced sodium",72,1.53,6.24,4.07,1
534,"Salad dressing, blue or roquefort cheese, commercial, regular",484,1.37,4.37,51.1,0.4
5340,"Soup, broth, chicken, ready to serve, reduced sodium",7,1.05,0.58,0.06,0.1
5347,"Soup, ramen noodles, any flavour, dry",440,10.17,57.36,17.59,2.9
5348,"Soup, broccoli cheese, canned, condensed",87,2.1,5.9,5.3,1.8
535,"Animal fat, native, seal oil",884,0,0,100,0
5354,"Sauce, chili, peppers, hot, chili, mature red, canned",21,0.9,3.2,0.6,0.7
5355,"Sauce, chili, peppers, hot, chili, immature green, canned",20,0.7,3.1,0.1,1.9
5356,"Soup, broth, fish",16,2,0.4,0.6,0
5357,"Soup, tomato, low sodium, water added",30,0.79,5.97,0.28,0.6
5358,"Soup, pea, low sodium, water added",62,3.2,7.98,1.09,1.9
5361,"Soup, cream, mushroom, ready-to-serve, reduced sodium",66,1.01,3.02,5.32,0.5
5362,"Soup, potato, instant, dehydrated, unprepared",343,9.2,68.54,3.1,7.6
5363,"Soup, broth, chicken, ready-to-serve, no salt added",6,0.89,0.36,0.05,0.1
5364,"Sauce, tomato chili sauce, bottled, salted",104,2.5,13.89,0.3,5.9
5368,"Sauce, pasta, spaghetti or marinara, ready-to-serve, low sodium",51,1.41,6.26,1.48,1.8
5369,"Gravy, meat or poultry, prepared, low sodium",53,3.8,5.86,2.4,0.3
5370,"Soup, beef and mushroom, low sodium, chunky style",69,4.3,9.38,2.3,0.2
5371,"Sauce, adobo fresco",271,2,17.3,20.9,1.3
5376,"Wiener (frankfurter), beef, pork, and turkey, fat free",109,12.5,11.21,1.59,0
5377,"Pork/ham/chicken, canned, reduced sodium",293,12.5,3.4,25.1,0
5378,"Pork and ham, canned",315,13.4,4.6,26.6,0
5379,"Pork and chicken, canned",196,15.23,1.35,13.9,0
5381,"Sausage, breakfast links or rounds, pork, pre-cooked",322,16.4,10.96,23.18,0
5384,"Sausage, breakfast links or rounds, beef, cooked",310,14.42,8.63,23.86,0
539,"Shortening, household, unspecified vegetable and animal oils",884,0,0,100,0
5390,"Cranberry, dried, sweetened",308,0.07,76.66,1.37,5.7
5391,"Olive, pickled, canned or bottled, green",146,1.03,0.54,15.32,3.3
5392,"Candied, maraschino cherries, jar, drained",165,0.22,38.77,0.21,3.2
5393,"Fruit cocktail (peach, pear, apricot, pineapple, cherry, grape), canned, heavy syrup, drained",70,0.47,17.1,0.1,1.7
5395,"Apricot, canned, heavy syrup, drained",83,0.64,18.61,0.11,2.7
5396,"Cherry, sweet, canned, heavy syrup, drained",83,0.73,18.77,0.21,2.3
5397,"Peach, canned, heavy syrup, drained",72,0.52,17.23,0.18,1.2
5398,"Pear, canned, heavy syrup, drained",74,0.24,16.38,0.18,2.7
5399,"Plum, canned, heavy syrup, drained",89,0.44,21.62,0.14,1.5
540,"Shortening, industrial, for frying (liquid), canola",884,0,0,100,0
5400,"Tangerine, (mandarin), canned, juice pack, drained",38,0.75,8.21,0.04,1.2
5401,"Date, medjool",277,1.81,68.27,0.15,6.7
5407,"Pork, cured, bacon, cooked, pan-fried",468,33.92,1.7,35.09,0
5408,"Pork, variety meats and by-products, stomach, cooked, simmered",157,21.4,0.09,7.26,0
5409,"Pork, cured, bacon, rendered fat, cooked",898,0.07,0,99.5,0
541,"Shortening, industrial, for frying (solid), canola",884,0,0,100,0
5410,"Broccoli raab (rapini), raw",22,3.17,0.15,0.49,2.7
5411,"Broccoli raab (rapini), cooked",33,3.83,0.32,0.52,2.8
5412,"Lettuce, red leaf",16,1.33,1.36,0.22,0.9
5413,"Onion, young green, tops only",27,0.97,3.94,0.47,1.8
5414,"Onion, sweet, raw",32,0.8,6.65,0.08,0.9
5415,"Pepper, sweet, green, sauteed",127,0.78,2.42,11.85,1.8
5417,"Pepper, sweet, red, sauteed",133,1.04,4.77,12.75,1.8
542,"Shortening, industrial, for frying (solid), soybean",884,0,0,100,0
5422,"Coffee, brewed, espresso, restaurant-prepared, decaffeinated",9,0.1,1.69,0.18,0
5423,"Coffee, instant, powder, half the caffeine",352,14.42,73.18,0.5,0
5424,"Drink, breakfast type, orange, ready-to-drink",43,0,10.6,0,0.2
5426,"Hot chocolate, low calorie, with aspartame, mix, powder, with added calcium and phosphorus, without added sodium or vitamin A",360,25.1,56.9,3,1.1
5429,"Plant-based beverage, soy, unenriched, chocolate",63,2.26,9.55,1.53,0.4
543,"Shortening, industrial, for baking (cake), canola",884,0,0,100,0
5430,"Breakfast tart, low fat",372,3.99,75.3,5.99,1.5
5431,"Cracker, cheese, sandwich, with cheese filling",491,8.92,56.86,24.41,1.9
5433,"Candies, REESESTICKS, crispy wafers, peanut butter, milk chocolate",522,9.53,52.08,31.34,3.3
5434,"Candies, bars, KIT KAT BIG KAT",520,6.24,61.74,27.84,1.9
5435,"Candies, REESE'S, FAST BREAK, milk chocolate peanut butter and soft nougat",475,8.66,58.7,23.42,2.9
5437,"Dessert, frozen, ice cream, chocolate, light, no sugar added",173,3.54,25.89,5.74,0.9
544,"Shortening, industrial, for baking (cake), soybean",884,0,0,100,0
5441,"Snacks, tortilla chips, low fat, baked without fat",416,11,74.7,5.7,5.3
5442,"Snacks, corn-based, extruded, puffs or twists, cheese, baked, low fat",433,8.5,61.65,12.1,10.7
5444,"Snacks, popcorn, sugar syrup/caramel, fat free",381,2,87.56,1.4,2.5
5449,"Snacks, tortilla chips, unsalted, low fat",416,11,74.8,5.7,5.3
545,"Shortening, industrial, for baking (pastry), canola",884,0,0,100,0
5450,"Hot chocolate, cocoa, high fat or breakfast, plain, mix, powder",486,16.8,21.59,23.71,29.8
5451,"Hot chocolate, cocoa, high fat or breakfast, processed with alkali, mix, powder",480,16.8,15.81,23.71,33.9
5453,"Dessert, frozen, ice cream, vanilla, fat free",138,4.48,29.06,0,1
5454,"Grains, oat flour, partially debranned",404,14.66,59.2,9.12,6.5
5455,"Pasta, fresh-refrigerated, tortellini with cheese filling, as purchased",307,13.5,45.1,7.23,1.9
5456,"Sweets, syrups, grenadine",268,0,66.91,0,0
5457,"Drink, fruit flavour, powder, low calorie, vitamin C, with aspartame",218,0.45,87.28,0.04,0.1
5458,"Salad dressing, creamy, made with sour cream and/or buttermilk and oil, calorie-reduced",160,1.5,7,14,0
5459,"Cheese, cheddar, imitation, low cholesterol",390,25,1,32,0
546,"Shortening, industrial, for baking (pastry), soybean",884,0,0,100,0
5463,"Dessert, frozen, made with skim milk, chocolate",167,4.3,37.7,1,0
5464,"Dessert topping (non dairy), frozen, low fat",224,3,23.6,13.1,0
5465,"Coffee whitener (non dairy), powdered, light",431,1.9,73.4,15.7,0
5467,"Salad dressing, mayonnaise, reduced fat , cholesterol-free",333,0.9,6.7,33.3,0
5469,"Salad dressing, italian, calorie-reduced",200,0.3,6.5,20,0.2
547,"Shortening, industrial, all purpose, soy and palm",884,0,0,100,0
5470,"Coffee whitener, liquid, light",71,0.8,9.1,3.5,0
5471,"Candies, M&M's peanut butter chocolate candies",529,10.16,52.89,29.32,4
5472,Orange-strawberry-banana juice,50,0.42,12.14,0.16,0.2
5473,"Salad dressing, blue or roquefort cheese dressing, calorie-reduced",86,2.1,13.2,2.7,0
5475,"Salad dressing, creamy, made with sour cream and/or buttermilk and oil, calorie-reduced, fat free",107,1.4,20,2.7,0
5476,"Salad dressing, creamy, made with sour cream and/or buttermilk and oil, calorie-reduced, cholesterol-free",140,1,16,8,0
5478,"Salad dressing, french, calorie-reduced",200,0.4,27,13,0
548,"Shortening, industrial, all purpose, canola and palm",884,0,0,100,0
5480,"Salad dressing, mayonnaise, made with tofu",322,5.95,1.96,31.79,1.1
5483,"Beverage, bean",34,2.8,5.8,0,0
5485,"Dessert, frozen yogourt, chocolate",127,3,19.3,3.6,2.3
5486,"Wiener (frankfurter), reduced fat",183,12.76,10.48,9.72,0
5487,"Milk, fluid, buttermilk, cultured, 2% M.F.",56,4.1,5.3,2,0
5490,"Salad dressing, mayonnaise and mayonnaise type, fat free",84,0.2,13.6,2.7,1.9
5491,"Candies, bars, MILKY WAY Dark Bar",444,3.2,68.32,17.5,2.9
5492,"Indian, papad (papadum)",371,25.56,41.27,3.25,18.6
5493,"Snacks, rice cakes, crackers (include mini rice cakes)",392,7.1,76.9,4.3,4.2
5495,"Candies, M&M's Almond Chocolate Candies",522,7.53,54.9,27.76,5.6
5496,"Salad dressing, coleslaw dressing, reduced fat",329,0,39.6,20,0.4
5497,"Vegetable oil, flaxseed (linseed), cold pressed",885,0.11,0,99.98,0
5498,"Cheese, cottage, 1% M.F., lactose reduced",74,12.4,2.6,1,0.6
5499,"Sausage, smoked, pork, pre-cooked, reduced fat",217,16.45,7.26,13.11,0
55,"Eggnog, 7% M.F., Canadian product, 4% to 8% M.F.",88,4.55,8.05,4.19,0
550,"Spread, 20% butter / 80% canola oil",851,0.17,0.01,96.22,0
5501,"Snacks, popcorn, oil-popped, unsalted",500,9,48.1,28.1,10
5508,"Vegetable oil, corn and canola",885,0,0,100,0
5510,"Vegetable oil,  canola and soybean",884,0,0,100,0
5518,"Salad dressing, buttermilk as main ingredient",364,3.2,7.6,36.9,0
552,"Shortening, household, unspecified vegetable oil",884,0,0,100,0
5522,"Sweets, syrups, dietetic",40,0.8,46.2,0,3
5523,"Sweets, jams and preserves, dietetic (with sodium saccharin), any flavour",132,0.3,51.1,0.3,2.5
5524,"Candies, caramel with nuts, chocolate covered",470,9.5,56.37,21,4.3
5526,"Candies, gum drops, lower in Calories (sorbitol)",162,0,70,0.2,18
5527,"Candies, hard, sorbitol sweetened",395,0,98.6,0,0
5528,"Candies, chocolate covered, dietetic or low calorie",593,12.26,34.95,43.27,3.6
5529,"Candies, chewing gum, sugarless",268,0,92.4,0.4,2.4
5530,"Milk shake, not chocolate, dry mix, unprepared",329,23.5,51.3,2.6,1.6
5531,"Sweets, pie fillings, cherry, low calorie",53,0.82,10.78,0.16,1.2
5533,"Snacks, pretzels, soft",338,8.2,67.69,3.1,1.7
5535,"Vermicelli, made from soy, dry",331,0.1,78.42,0.1,3.9
5537,"Meatless, chicken",224,23.64,0.04,12.73,3.6
5538,"Meatless, fish sticks",290,23,2.9,18,6.1
5539,"Wiener (frankfurter), meatless",233,19.61,3.8,13.73,3.9
5540,"Meatless, luncheon slices",189,17.78,4.44,11.11,0
5541,"Meatless, meatballs",197,21,3.4,9,4.6
5543,"Vegetarian fillets, meatless",290,23,2.9,18,6.1
5544,"Meatless, sandwich spread",149,8,5.7,9,3.3
5545,"Vegetarian stew, meatless",123,17,5.9,3,1.1
5546,"Vegetarian meat loaf or patty, meatless",197,21,3.4,9,4.6
5547,"Radish, hawaiian style, pickled",28,1.1,3,0.3,2.2
5549,"Cabbage, mustard, with salt",28,1.1,2.53,0.1,3.1
555,"Chicken, broiler, meat, skin, giblets and neck, raw",213,18.33,0.13,14.83,0
5551,"Alcohol, wine, cooking",50,0.5,6.3,0,0
5552,"Alcohol, table wine, light",49,0.07,1.17,0,0
5553,"Instant breakfast, powder, chocolate",353,19.9,65.8,1.4,0.4
5554,"Meatless, bacon bits",476,32,18.4,25.9,10.2
5556,"Salad dressing, buttermilk, light",202,1.25,20.23,12.42,1.1
5557,"Tomato sauce, unsalted",24,1.2,3.81,0.3,1.5
5558,"Instant breakfast, powder, chocolate, sugar-free, with artificial sweetener",358,35.8,39,5.1,2
556,"Chicken, broiler, meat, skin, giblets and neck, batter dipped, fried",291,22.84,9.03,17.53,0
5560,"Whipped cream substitute, dietetic, powder, prepared",100,0.9,10.6,6,0
5561,"Dessert, frozen, ice cream, sundae, prepackaged",185,4.3,29.1,6,0.3
5563,"Cheese, cream, light",202,7.85,8.13,15.28,0
5565,"Cheese spread, cream cheese base, flavoured",295,7.1,3.5,28.6,0
5566,"Cheese, cheddar, imitation",239,16.7,11.6,14,0
5569,"Egg, chicken, scrambled, frozen mixture",131,13.1,7.5,5.6,0
557,"Chicken, broiler, meat, skin, giblets and neck, flour coated, fried",272,28.57,3.27,15.27,0
5570,"Dove (includes squab), cooked",213,23.9,0,13,0
5573,"Potatoes, canned, drained solids, unsalted",62,1.4,11.2,0.2,2.4
5574,"Vegetables, mixed, canned, unsalted",37,1.4,4.21,0.2,3.1
5575,"Pork, cured, ham, boneless, mini ham-half, extra lean and regular, cooked, reduced sodium",165,22,0.5,7.7,0
5577,"Pork, cured, ham, boneless, mini ham-half, extra lean (approximately 5% fat), cooked, reduced sodium",145,20.9,1.5,5.5,0
558,"Chicken, broiler, meat, skin, giblets and neck, roasted",234,26.78,0.06,13.27,0
5582,"Sauerkraut, canned, low sodium",22,0.9,1.85,0.1,2.5
5583,"Cheese, cottage, 1% M.F., unsalted",72,12.4,2.7,1,0
5584,"Salad dressing, mayonnaise type, low sodium, reduced fat",231,0.3,16,19.2,0
5585,"Snacks, tortilla chips, unsalted",503,7.79,60.02,23.36,5.3
5586,"Juice, tomato and vegetable, low sodium",22,0.6,3.79,0.1,0.8
5589,"Chocolate flavour drink, whey and milk based",49,0.64,10.08,0.4,0.6
559,"Chicken, broiler, meat, skin, giblets and neck, stewed",216,24.49,0.06,12.37,0
5591,"Pork, cured, bacon, reduced sodium, broiled, pan-fried or roasted",541,37.04,1.43,41.78,0
5592,"Cheese, processed product, swiss, slices, low fat",165,25.5,4.3,5.1,0
5595,"Turnip greens, canned, unsalted",19,1.36,1.51,0.3,1.3
56,"Coffee whitener (non dairy), liquid",136,1,11.38,9.97,0
560,"Chicken, broiler, meat and skin, raw",215,18.6,0,15.06,0
5600,"Cheese, cottage, low fat, 1% M.F, with vegetables",67,10.9,3,1,0
5601,"Cheese, processed product, cheddar, slices, low sodium",376,22.2,1.6,31.19,0
5602,"Coffee, instant, powder, with whitener and artificial sweetener",510,1.96,59.44,29.1,0.5
5603,"Juice drink, cranberry-apple  low calorie, with vitamin C added",19,0.1,4.6,0,0.1
5606,"Meatless, chicken, breaded, fried",234,21.28,4.21,12.77,4.3
561,"Chicken, broiler, meat and skin, batter dipped, fried",289,22.54,9.12,17.35,0.3
5610,"Yogourt, tofu",94,3.5,15.76,1.8,0.2
5611,"Alcohol, rice (sake)",134,0.5,5,0,0
5613,"Wiener (frankfurter), reduced fat and sodium",207,14.83,7.02,12.97,0
5614,"Dessert, frozen, pop, with artificial sweetener",24,0,5.92,0,0
5616,"Snacks, popcorn, microwave, low fat and sodium",430,12.6,59.19,9.5,14.2
562,"Chicken, broiler, meat and skin, flour coated, fried",269,28.56,3.05,14.92,0.1
5620,"Salad dressing, mayonnaise, no cholesterol",688,0,0.3,77.8,0
5622,"Vegetable oil, corn, peanut and olive",885,0,0,100,0
5623,"Cheese food, imitation",257,4.08,16.18,19.5,0
5624,"Celery flakes, dried",319,11.3,35.9,2.1,27.8
5625,"Dessert, pudding, chocolate, dry mix, instant, low calorie, unprepared",356,5.3,72.1,2.4,6.1
5626,"Sweets, jellies, reduced sugar or no sugar, home preserved",179,0.3,45.3,0.03,0.8
5627,"Sweets, pie fillings, blueberry, canned",181,0.41,41.78,0.2,2.6
5628,"Cocktail mix, non-alcoholic, concentrated, frozen",287,0.08,71.6,0.01,0
5629,"Dessert, pudding, chocolate, dry mix, regular, low calorie, unprepared",365,10.08,64.32,3,10.1
563,"Chicken, broiler, meat and skin, roasted",239,27.3,0,13.6,0
5630,"Dessert, pudding, all flavours except chocolate, dry mix, regular, low calorie, unprepared",352,1.6,85.14,0.1,0.9
5631,"Dessert, pudding, all flavours except chocolate, dry mix, instant, low calorie, unprepared",350,0.81,83.86,0.9,0.8
5632,"Drink, fruit flavour, powder, vitamin C, unsweetened",226,0,91.3,0,0
564,"Chicken, broiler, meat and skin, stewed",219,24.68,0,12.56,0
5646,"Emu, inside drum, cooked, broiled",156,32.38,0,2.01,0
565,"Chicken, broiler, meat only, raw",119,21.39,0,3.08,0
566,"Chicken, broiler, meat only, fried",219,30.57,1.59,9.12,0.1
567,"Chicken, broiler, meat only, roasted",190,28.93,0,7.41,0
5674,"Sausage, Polish, smoked, pre-cooked",274,13.2,10.21,19.05,1.6
5675,"Sausage, smoked, with cheddar cheese, pre-cooked",315,12.53,10.09,24.64,0
5677,"Sausage, breakfast links or rounds, turkey, raw",156,16.78,9.94,5.08,0
5678,"Sausage. Swisswurst, pork and beef, with swiss cheese, smoked",308,12.69,1.6,27.37,0
5679,"Meat sticks, bacon and beef",518,29.1,0.8,44.2,0
568,"Chicken, broiler, meat only, stewed",177,27.29,0,6.71,0
5680,"Sausage, Bratwurst, beef and pork, smoked",297,12.2,2,26.34,0
5681,"Sausage, Bratwurst, chicken, cooked",176,19.44,0,10.35,0
5682,"Sausage, Bratwurst, pork, beef and turkey, smoked, reduced fat",186,14.45,1.62,13.53,0
5683,"Deli-meat, pastrami, beef, extra lean, sliced",95,19.6,1.54,1.16,0
5684,"Deli-meat, salami, Italian, pork",425,21.7,1.2,37,0
5687,"Sausage, smoked, turkey, hot",158,15.05,3.75,8.75,0.9
5689,"Deli-meat, Beerwurst, (Beer salami, Bierwurst), pork and beef",276,14,3.37,22.53,0.9
569,"Chicken, broiler, skin only, batter dipped, fried",394,10.32,23.15,28.83,0
5691,"Deli-meat, chicken breast, oven-roasted, fat free, sliced",110,19.64,4.64,0.92,0
5692,"Sausage, Kielbasa (kolbassa), turkey",154,20.03,1.55,6.92,0
5693,"Deli-meat, chicken breast, oven-roasted, sliced",115,19.79,2.61,2.25,0
5694,"Deli-meat, Bologna (baloney), reduced fat",211,13.06,3.45,16.06,0
5696,"Deli-meat, honey ham, smoked, extra lean, sliced",122,17.93,7.27,2.37,0
5698,"Deli-meat, macaroni and cheese loaf, chicken/pork/beef",228,11.76,11.63,14.96,0
5699,"Deli-meat, salami, Italian, pork and beef, reduced sodium",351,21.8,6.4,26.4,0
57,"Dessert topping (non dairy), powdered",577,4.9,52.54,39.92,0
570,"Chicken, broiler, skin only, flour coated, fried",502,19.09,9.34,42.58,0
5702,"Deli-meat, turkey breast, oven roasted, sliced",109,21.18,1.2,1.34,0.5
5705,"Wiener (frankfurter), regular, mixed meats",291,11.84,10.02,22.3,0
5706,"Potato, Russet, flesh and skin, baked",98,2.63,19.14,0.13,2.3
5707,"Potato, white, flesh and skin, baked",94,2.1,18.98,0.15,2.1
5708,"Potato, red, flesh and skin, baked",89,2.3,17.79,0.15,1.8
571,"Chicken, broiler, giblets, raw",124,17.88,1.8,4.47,0
5710,"Coffee, instant, mocha, powder, with whitener and artificial sweetener, decaffeinated",440,9,66.6,13.21,4.8
5714,"Drink, orange flavour, vitamin C added, low calorie, powder",217,3.6,82.1,0,3.8
5717,"Game meat, bison, top sirloin, separable lean only, steak, cooked, broiled",171,28.05,0,5.65,0
5718,"Game meat, bison, chuck, shoulder clod, roast, lean, braised",193,33.78,0,5.43,0
5719,"Game meat, bison, chuck, shoulder clod roast, lean, raw",119,21.12,0,3.15,0
572,"Chicken, broiler, giblets, flour coated, fried",277,32.54,4.35,13.46,0
5720,"Game meat, bison, rib eye, lean, steak, cooked, broiled",177,29.45,0,5.67,0
5721,"Game meat, bison, top round, lean, steak, cooked, broiled",174,30.18,0,4.96,0
5722,"Game meat, bison, top round, lean, steak, raw",121,23.32,0,2.43,0
5728,"Game meat, deer (venison), ground, raw",157,21.78,0,7.13,0
5729,"Game meat, deer (venison), ground, cooked, pan-broiled",187,26.45,0,8.22,0
573,"Chicken, broiler, giblets, simmered",157,27.15,0,4.5,0
5730,"Game meat, deer (venison), loin, separable lean only, 1"" steak, cooked, broiled",150,30.2,0,2.38,0
5731,"Game meat, deer (venison), shoulder clod roast, lean, braised",191,36.28,0,3.95,0
5732,"Game meat, deer (venison), tenderloin, roast, lean, broiled",149,29.9,0,2.35,0
5733,"Game meat, deer (venison), top round, separable lean only, 1"" steak, cooked, broiled",152,31.47,0,1.92,0
5735,"Dessert, frozen, ice cream, chocolate, light",187,5,24.9,7.19,0.8
5736,"Sweets, topping, chocolate flavour hazelnut spread",541,5.41,56.76,29.73,5.4
5738,"Dessert, pudding, chocolate, dry mix, instant, prepared with whole milk",92,3.12,12.36,3.18,0.3
5739,"Dessert, pudding, vanilla, dry mix, instant, prepared with whole milk",92,2.91,13.12,3.06,0
574,"Chicken, broiler, gizzard, raw",94,17.66,0,2.06,0
5740,"Dessert, pudding, vanilla, ready-to-eat, fat free",89,2.02,20.16,0,0
5741,"Dessert, pudding, tapioca, ready-to-eat, fat free",94,1.44,21.31,0.35,0
5742,"Dessert, pudding, chocolate, ready-to-eat, fat free",93,1.93,20.57,0.3,0.3
5743,"Candies, MILK CHOCOLATE WITH ALMOND BITES",568,9.76,48.12,35.73,3.6
5747,"Candies,  ALMOND JOY BITES",563,5.58,53.24,34.5,4.3
575,"Chicken, broiler, gizzard, simmered",154,30.39,0,2.68,0
5750,"Dessert, frozen, ice cream, vanilla, light, no sugar added, chocolate coated",221,6.4,25.31,10.1,0.8
5751,"Dessert, frozen yogourt, chocolate, skim milk, with artificial sweetener",107,4.4,17.7,0.8,2
5752,"Dessert, frozen, juice, orange",95,0.5,23.07,0,0.1
5753,"Dessert, frozen, juice with cream",115,1.41,24.01,1.41,0.1
5754,"Dessert, frozen, ice cream, chocolate, rich",251,4.72,18.88,16.98,0.9
5755,"Cereal, hot, oats, Quick: Robin Hood, prepared, Robin Hood",81,3.22,12.22,1.35,1.9
5758,"Coffee substitute, cereal grain beverage, powder, with 2% milk",54,3.33,5.41,1.99,0.3
5759,"Game meat, native, bearded seal meat, raw",121,25,0,1.4,0
576,"Chicken, broiler, heart, raw",153,15.55,0.71,9.33,0
5760,"Game meat, native, bearded seal meat, boiled",172,34.5,0,2.75,0
5761,"Game meat, native, bearded seal, intestine, raw",100,19,0,2,0
5762,"Game meat, native, bearded seal, intestine, boiled",125,25,0,1.9,0
5763,"Game meat, native, bearded seal, blubber, raw",770,0.7,0,85,0
5764,"Game meat, native, beluga, blubber, raw",731,9.5,0,69,0
5765,"Game meat, native, beluga, blubber, boiled",820,1.2,0,90,0
5766,"Game meat, native, beluga, muktuk, raw",154,24.5,0,5.5,0
5767,"Game meat, native, beluga, muktuk, boiled",203,24,0,10,0
5768,"Animal fat, native, beluga oil",890,0.3,0,98,0
5769,"Game meat, native, beluga, meat, dried",356,72,0,5.2,0
577,"Chicken, broiler, heart, simmered",185,26.41,0.1,7.92,0
5770,"Game meat, native, narwhal, flippers, aged",136,27,0,2.3,0
5771,"Game meat, native, narwhal, meat, dried",425,77,0,11,0
5772,"Game meat, native, narwhal, blubber, raw",657,9.15,0,61.5,0
5773,"Game meat, native, narwhal, blubber, aged",801,4.5,0,87,0
5774,"Game meat, native, narwhal, blubber, boiled",798,3.1,0,87,0
5775,"Game meat, native, narwhal, skin (muktuk), raw",132,22.5,0,4,0
5776,"Game meat, native, narwhal, skin (muktuk), boiled",125,23,0,3.2,0
5777,"Game meat, native, narwhal, skin (muktuk), aged",139,22,5.8,2.5,
5778,"Game meat, native, ringed seal, blubber, raw",819,2.25,0,88,0
5779,"Game meat, native, ringed seal, blubber, aged, liquid",895,0.7,0,99,0
578,"Chicken, broiler, liver, raw",119,16.92,0.73,4.83,0
5780,"Game meat, native, ringed seal, blubber, aged, solid",838,2.5,0,92,0
5781,"Game meat, native, ringed seal, blubber, boiled",817,3.2,0,89,0
5782,"Game meat, native, ringed seal, meat, raw",126,23,0,1.85,0
5783,"Game meat, native, ringed seal, meat, boiled",165,32.5,0,3.1,0
5784,"Game meat, native, ringed seal, meat, aged",167,26,0,6.4,0
5785,"Game meat, native, ringed seal, heart, raw",113,23,0,1.9,0
5786,"Game meat, native, ringed seal, brain, raw",150,14,0,9.9,0
5787,"Game meat, native, ringed seal, eyes, raw",70,11,0.5,2.3,
5788,"Game meat, native, ringed seal, liver, raw",138,23,0.5,3.45,0
5789,"Game meat, native, ringed seal, pup, raw",115,21,0,2.8,0
579,"Chicken, broiler, liver, simmered",167,24.46,0.87,6.51,0
5790,"Game meat, native, ringed seal, pup, boiled",212,28,0.9,9.8,
5791,"Game meat, native, walrus, blubber, raw",746,5.9,0,80,0
5792,"Game meat, native, walrus, blubber, boiled",689,7.6,0,73,0
5793,"Game meat, native, walrus, blubber, aged",603,5,0,63,0
5794,"Game meat, native, walrus, meat, boiled",191,38,0,2.9,0
5795,"Game meat, native, walrus, meat, aged",179,25,0,8,0
5796,"Game meat, native, walrus, skin (muktuk), raw",171,33,0,3,0
5797,"Game meat, native, walrus, skin (muktuk), aged",162,30,0.5,3.4,
5798,"Game meat, native, walrus, flippers, mattak, aged",174,31.9,0,4.23,0
5799,"Game meat, native, ringed seal, flippers, mattak, aged",192,31.7,0,6.3,0
58,"Dessert topping (non dairy), powdered, prepared with whole milk",194,3.61,17.13,12.72,0
580,"Chicken, broiler, light meat and skin, raw",186,20.27,0,11.07,0
5800,"Game meat, native, beaver, meat, dried",287,53,0,6.8,0
5801,"Game meat, native, beaver, feet, roasted",329,21,0,27,0
5802,"Game meat, native, beaver, tail, roasted",437,11,0,43,0
5803,"Game meat, native, beaver, liver, raw",122,19,4.8,2.2,0
5804,"Game meat, native, caribou (reindeer), bone marrow, cooked",409,8.9,0,41,0
5805,"Game meat, native, caribou (reindeer), fat, raw",831,2.9,0,91,0
5806,"Game meat, native, caribou (reindeer), meat, dried",307,62,0,4.85,0
5807,"Game meat, native, caribou (reindeer), meat, aged",126,23,0,3.1,0
5808,"Game meat, native, caribou (reindeer), brain, raw",137,12,0,9.8,0
5809,"Game meat, native, caribou (reindeer), brain, boiled",176,13,0,13,0
581,"Chicken, broiler, light meat and skin, batter dipped, fried",277,23.55,9.4,15.44,0.1
5810,"Game meat, native, caribou (reindeer), heart, raw",109,19.5,0,3,0
5811,"Game meat, native, caribou (reindeer), heart, boiled",145,28,0,3.5,0
5812,"Game meat, native, caribou (reindeer), lungs, raw",109,21,0,2.4,0
5813,"Game meat, native, caribou (reindeer), stomach, raw",96,15,3.6,2.1,
5814,"Game meat, native, caribou (reindeer), stomach, contents",91,7.4,11.4,1.7,
5815,"Game meat, native, caribou (reindeer), liver, raw",125,20,4.5,2.7,0
5816,"Game meat, native, caribou (reindeer), liver, baked",146,24,5.7,2.5,0
5817,"Game meat, native, caribou (reindeer), tongue, raw",276,13.5,0,23.5,0
5818,"Game meat, native, caribou (reindeer), tongue, cooked",326,20,0,27,0
5819,"Game meat, native, moose, dried",375,79.5,0,4.7,0
582,"Chicken, broiler, light meat and skin, flour coated, fried",246,30.45,1.72,12.09,0.1
5820,"Game meat, native, moose, bone marrow, raw",441,9,0,44,0
5821,"Game meat, native, moose, bone marrow, cooked",825,0.9,0,91,0
5822,"Game meat, native, moose, fat, raw",835,2,0,91,0
5823,"Game meat, native, moose, fat, cooked",792,1.8,0,87,0
5824,"Animal fat, native, moose, fat, dried",892,0.7,0,99,0
5825,"Game meat, native, moose, lung, raw",93,18,0,2,0
5826,"Game meat, native, moose, lung, roasted",117,21,0,3,0
5827,"Game meat, native, moose, kidney, raw",86,17,0,1.3,0
5828,"Game meat, native, moose, liver, raw",130,22,5.4,2.1,0
5829,"Game meat, native, moose, liver, roasted",170,26,8.2,2.8,0
583,"Chicken, broiler, light meat and skin, roasted",222,29.02,0,10.85,0
5830,"Game meat, native, moose, blood, raw",92,21,0,0.5,0
5831,"Game meat, native, muskox, raw",105,19,0,2,0
5832,"Game meat, native, muskox, fat, raw",583,1.4,0,54,0
5833,"Game meat, native, polar bear, raw",116,22,0,2.5,0
5834,"Game meat, native, polar bear, meat, boiled",204,39.5,0,4.45,0
5835,"Game meat, native, polar bear, fat, raw",756,3,0,82,0
5836,"Game meat, native, polar bear, fat, boiled",792,3.4,0,86,0
5837,"Game meat, native, bear, smoked",228,32,0,10,0
5838,"Fish, arctic char, native, meat, boiled",158,26,0,5,0
5839,"Fish, arctic char, native, meat, dried",302,28,0,20,0
584,"Chicken, broiler, light meat and skin, stewed",201,26.14,0,9.97,0
5840,"Fish, arctic char, native, meat and skin, raw",130,22,0,3.9,0
5841,"Fish, arctic char, native, meat and skin, dried",436,69,0,15,0
5842,"Fish, arctic char, native, skin, raw",349,42,0,19,0
5843,"Grayling, native, raw",97,20,0,1.9,0
5844,"Fish, grayling, native, cooked",106,22,0,1.7,0
5845,"Fish, inconnu, native, raw",144,19,0,7,0
5846,"Fish, inconnu, native, cooked",123,22,0,3.2,0
5847,"Fish, inconnu, native, smoked, baked",199,35,0,5.3,0
5848,"Fish, inconnu, native, smoked, dried",428,57,0,20,0
5849,"Fish, burbot (loche), native, eggs, raw",195,18,0,14,0
585,"Chicken, broiler, dark meat and skin, raw",237,16.69,0,18.34,0
5850,"Fish, burbot (loche), native, liver, raw",370,9,5.7,29,0
5851,"Cereal, ready to eat, Morning Crisp Wild Berries, Jordans",441,7.5,61.1,15.7,6.5
5852,"Chicken, wing, frozen, glazed, barbecue flavour",211,19.67,2.74,12.67,0.6
5853,"Chicken, wing, frozen, glazed, barbecue flavour, heated in the microwave",248,25.34,2.94,13.9,0.9
5854,"Chicken, wing, frozen, glazed, barbecue flavour, heated in conventional oven",242,22.24,2.86,14.87,0.5
5855,"Soup, ramen noodles, beef flavour, dry",441,10.06,57.34,17.73,3
5856,"Soup, ramen noodles, chicken flavour, dry",439,10.22,57.33,17.52,2.9
5857,"Dessert, frozen, FUDGESICLE bar, low fat",127,5.55,25.24,0.66,1.7
5858,"Dessert, frozen, POPSICLE pop (orange, cherry, grape), sugar free",21,0,5.14,0,0
5859,"Dessert, frozen, ice cream, chocolate, low fat",136,3.89,24.38,2.17,5.8
586,"Chicken, broiler, dark meat and skin, batter dipped, fried",298,21.85,9.38,18.64,0
5860,"Fast foods, pizza, cheese, regular crust, frozen, cooked",268,10.36,26.82,12.28,2.2
5861,"Fast foods, pizza, cheese, rising crust, frozen, cooked",260,12.37,30.41,8.78,2.5
5862,"Fast foods, pizza, cheese, meat and vegetable, regular crust, frozen, cooked",276,11.28,22.94,14.43,2.2
5863,"Fast foods, pizza, cheese, meat and vegetable, rising crust, frozen, cooked",271,12.63,26.48,11.75,2.3
5864,"Fast foods, entree, chicken, breaded and fried, boneless, plain",307,15.92,14.03,20.36,0.9
5866,"Chili without beans, canned",118,7.53,5.6,7.1,0.5
5868,"Spaghetti, without meat, canned",70,2.22,13.32,0.44,0.9
5869,"Lasagna with meat and sauce, low fat, frozen",101,6.81,12.2,2.23,1.3
587,"Chicken, broiler, dark meat and skin, flour coated, fried",285,27.22,4.08,16.91,0
5870,"Lasagna with meat and sauce, frozen",124,6.63,12.99,4.42,1.4
5871,"Agutuk, native, fish/berry with seal oil (Alaskan ice cream)",354,3.4,12.9,31.8,0.5
5872,"Agutuk, native, fish with shortening (Alaskan ice cream)",470,9,10.5,43.5,0
5873,"Game meat, native, agutuk, meat-caribou (Alaskan ice cream)",258,21.7,0.9,18.6,
5874,"Ascidians, native (tunughnak)",20,3.8,0,0.5,0
5875,"Game meat, native, beluga, eyes, raw",291,19.6,0,23.3,0
5876,"Game meat, native, beluga, flipper, raw",271,19,0,21.7,0
5877,"Game meat, native, beluga, liver, raw",117,18.4,2,3.9,0
5879,"Fish, blackfish, native, whole",82,15.5,0,1.75,0
588,"Chicken, broiler, dark meat and skin, roasted",253,25.97,0,15.78,0
5881,"Chiton, leathery, gumboots, native",83,17.1,0,1.6,0
5882,"Fish, devilfish, native, meat",97,11.7,0,5.3,0
5883,"Fireweed, native, young leaves, raw",44,3,0.3,0.8,6
5884,"Fish, herring eggs on giant kelp, native, Pacific",63,11.3,2.6,0.8,
5885,"Fish, herring eggs, native, Pacific, dry",312,60.4,2.8,6.6,
5886,"Fish, herring eggs, native, Pacific, raw",74,9.6,4.47,1.93,
5887,"Fish, herring, native, Pacific, air-dried, packed in oil",490,44.5,0,34.6,0
5888,"Fish, lingcod, native, liver",425,5.6,6,42,0
5889,"Mashu roots, (sweetvetch) native, raw",135,5.8,22.6,2.4,
589,"Chicken, broiler, dark meat and skin, stewed",233,23.5,0,14.66,0
5890,"Game meat, native, bearded seal, (oogruk), air-dried",351,82.6,0,2.3,0
5891,"Animal fat, native, bearded seal, oil (oogruk oil)",899,0.56,0,99.6,0
5892,"Fish, oopah (tunicata), native, whole animal",67,11.7,0,2.2,0
5893,"Game meat, native, horned owl, raw",136,22.7,0,5,0
5894,"Fish, pike, northern, native, liver",156,16.6,4.3,8,0
5895,"Fish, salmon, native, tipnuk, fermented",159,15.9,0,10.6,0
5896,"Fish, salmon, native, king or chinook, kippered, canned",266,30.7,0,15.9,0
5897,"Fish, salmon, native, king or chinook, smoked, canned",150,23.2,0,5.9,0
5898,"Fish, salmon, native, king or chinook, smoked, brined",430,39.9,0,30,0
5899,"Fish, salmon, native, king or chinook, liver",156,16.6,4.3,8,0
59,"Dessert topping (non dairy), pressurized",264,0.98,16.07,22.3,0
590,"Chicken, broiler, light meat, raw",114,23.2,0,1.65,0
5900,"Sourdock (sorrel), native, young leaves",42,2.3,6.5,0.7,
5901,"Game meat, native, walrus, dry",252,57,0,2.6,0
5902,"Game meat, native, deer (venison), sitka, raw",116,21.5,0,2.66,0
5903,"Game meat, native, walrus, liver, raw",125,21,3.5,3,0
5904,"Animal fat, native, walrus, oil",901,0,0,100,0
5905,"Game meat, native, bowhead, blubber",870,0.4,0,96.5,0
5906,"Game meat, native, bowhead, muktuk",466,12.6,0,46.1,0
5907,"Animal fat, native, bowhead, oil",901,0,0,100,0
5908,"Willow, native, leaves in oil",592,2.6,8.1,61,
5909,"Willow, native, young leaves, chopped",122,6.1,20.7,1.6,
591,"Chicken, broiler, light meat, fried",192,32.82,0.42,5.54,0
5910,"Bread, 'fry bread', made with lard (Navajo)",330,6.69,48.26,12.22,
5911,Tamale (Navajo),153,6.28,15.02,6.12,3.1
5912,"Fish, burbot (loche), native, liver, baked",603,12,6,43,0
5913,"Fish, burbot (loche), native, skin, raw",111,24,0,1,0
5914,"Fish, burbot (loche), native, skin, baked",146,32,0,1.2,0
5915,"Fish, burbot (loche), native, head, baked",107,24,0,0.8,0
5916,"Grains, tapioca, pearl, cooked",65,0.03,15.98,0,0.2
5917,"Grains, quinoa, cooked",120,4.4,18.5,1.92,2.8
5918,"Lentils, pink, boiled",106,7.63,14.8,0.66,3.3
5919,"Fish, sculpin, native, raw",92,18,0,1.5,0
592,"Chicken, broiler, light meat, roasted",173,30.91,0,4.51,0
5920,"Vermicelli, made from soy, cooked",179,0.05,42.31,0.05,2.1
5921,"Fish, cisco (lake herring, tullibee), native, smoked, dried",452,58,0,22,0
5922,"Fish, cisco (lake herring, tullibee), native, baked",130,22,0,4,0
5923,"Fish, whitefish, native, smoked, dried",402,67,0,13,0
5924,"Fish, whitefish, native, smoked, baked",233,42,0,5.8,0
5925,"Fish, whitefish, native, eggs, baked",276,26,6.4,16,
5926,"Fish, whitefish, native, head, baked",147,19,0,7.4,0
5927,"Fish, whitefish, native, esophagus, raw",100,15,0,4.1,0
5928,"Fish, salmon, native, eggs, raw",129,27,0,10,0
5929,"Goose, wild (Canada goose), native, meat, smoked, dried",634,34,0,54,0
593,"Chicken, broiler, light meat, stewed",159,28.88,0,3.99,0
5930,"Goose, wild (Canada goose), native, meat and skin, dried, boiled",414,34.2,0,29.8,0
5931,"Duck, wild, native, cooked",170,30,0,4.35,0
5932,"Ptarmigan, native, meat, raw",128,24,0,3,0
5933,"Ptarmigan, native, meat, cooked",154,30,0,2.85,0
5934,"Spruce grouse, native, meat, raw",109,24,0,1,0
5935,"Spruce grouse, native, meat, cooked",132,27,0,2,0
5936,"Netted willow, native, leaves, raw",118,3.8,25.9,2,
5937,"Mountain sorrel, native, leaves, raw",51,3.8,7.6,0.9,
5938,"Black crowberry (curlewberry), native",35,0.2,9.5,0.7,
5939,"Cloudberry (bakeapple), native",50,2,9.6,1,
594,"Chicken, broiler, dark meat, raw",125,20.08,0,4.31,0
5940,"Sea cucumber, native",68,13,3.1,0.4,
5943,"Beef, chuck, cross rib roast, boneless, lean and fat, 0mm (0"") trim, raw",151,21.32,0,6.58,0
5944,"Beef, chuck, cross rib roast, boneless, lean and fat, 3mm (1/8"") trim, raw",183,20.43,0,10.45,0
5945,"Beef, chuck, blade roast, boneless, lean and fat, 3mm (1/8'') trim, raw",191,19.4,0,12.04,0
5946,"Beef, chuck, blade roast, boneless, lean, raw",147,20.56,0,6.73,0
5948,"Beef, chuck, blade roast, boneless, lean and fat, 3mm (1/8'') trim, cooked, braised",266,34.31,0,13.22,0
5949,"Beef, chuck, blade roast, boneless, lean, cooked, braised",254,35.07,0,11.55,0
595,"Chicken, broiler, dark meat, fried",239,28.99,2.59,11.62,0
5950,"Beef, chuck, blade steak, boneless, lean and fat, 0mm (0"") trim, raw",181,19.65,0,10.84,0
5952,"Beef, chuck, blade steak, boneless, lean, raw",149,20.5,0,6.92,0
5955,"Beef, chuck, blade steak, with bone, lean, cooked, braised",283,32.46,0,15.85,0
5957,"Mushroom, portabella (portobello), grilled",29,3.28,2.24,0.58,2.2
5958,"Mushroom, white, stir-fried, no fat added",26,3.58,2.24,0.33,1.8
5959,"Mushroom, shiitake, stir-fried, no fat added",39,3.45,4.08,0.35,3.6
596,"Chicken, broiler, dark meat, roasted",205,27.37,0,9.73,0
5960,"Onion, yellow, sauteed",132,0.95,6.16,10.8,1.7
5961,"Sports drink, orange flavour, powder",388,0,94.11,1.23,0
5962,"Sports drink, fruit flavour, ready-to-drink",26,0,6.43,0,0
5963,"Sports drink, lemon-lime flavour, ready-to-drink",32,0,7.84,0.05,0
5965,"Fish, salmon, pink, canned, drained solids with bone",138,23.1,0,5.02,0
5968,"Veggie / soy burger patty, unprepared",177,15.7,9.37,6.3,4.9
5969,"Waffle, buttermilk, frozen, ready-to-heat",274,6.58,38.85,9.22,2.2
597,"Chicken, broiler, dark meat, stewed",192,25.97,0,8.98,0
5972,"Waffle, plain, frozen, ready-to-heat, microwaved",298,6.71,43.01,9.91,2.4
5973,"Pancake, plain (includes buttermilk), frozen, ready-to-heat, microwave",240,5.88,40.83,4.73,2.5
5974,"Sweetener, aspartame, EQUAL",365,2.17,89.08,0,0
5975,"Sweetener, sucralose, SPLENDA",336,0,91.17,0,0
5977,"Sweetener, saccharin",360,0.94,89.11,0,0
5978,"Sweets, sugars, fructose, powder",368,0,100,0,0
5979,"Dessert, frozen, ice cream, chocolate or caramel covered, with nuts",323,4.4,30.3,20.2,0.6
598,"Chicken, broiler, back, meat and skin, batter dipped, fried",331,21.97,9.95,21.91,0.3
5980,"Sweets, sugars, fructose, liquid",279,0,76,0,0.1
5981,"Beef, chuck, cross rib roast, boneless, lean, raw",138,21.68,0,5.09,0
5982,"Beef, chuck, cross rib roast, boneless, lean and fat, 0mm (0"") trim, cooked, braised",240,37.5,0,8.5,0
5983,"Beef, chuck, cross rib roast, boneless, lean and fat, 3mm (1/8"") trim, cooked, braised",263,36.02,0,11.76,0
5984,"Beef, chuck, cross rib roast, boneless, lean, cooked, braised",236,37.83,0,7.88,0
5989,"Beef, chuck, cross rib steak, boneless, lean and fat, 3mm (1/8"") trim, cooked, braised",245,36.05,0,9.86,0
599,"Chicken, broiler, back, meat and skin, flour coated, fried",331,27.79,6.3,20.74,0.2
5990,"Beef, chuck, cross rib steak, boneless, lean, cooked, braised",218,37.79,0,6.01,0
5991,"Beef, hip, eye of round roast, boneless, lean and fat, 0mm (0"") trim, raw",135,22.83,0,4.04,0
5993,"Beef, hip, eye of round roast, boneless, lean, raw",122,23.23,0,2.4,0
5994,"Beef, hip, eye of round roast, boneless, lean and fat, 0mm (0"") trim, cooked, roasted",178,32.89,0,3.76,0
5996,"Beef, hip, eye of round roast, boneless, lean, cooked, roasted",172,33.19,0,2.92,0
5997,"Beef, hip, eye of round steak, boneless, lean and fat, 0mm (0"") trim, raw",131,23.08,0,3.45,0
5999,"Beef, hip, eye of round steak, boneless, lean, raw",120,23.33,0,2.07,0
6,Corn fritter,374,8.55,36.62,21.24,2
60,"Dessert topping (non dairy), frozen, semisolid",319,1.25,23.05,25.31,0
600,"Chicken, broiler, back, meat, fried",288,29.99,5.68,15.32,0
6000,"Beef, hip, eye of round steak, boneless, lean and fat, 0mm (0"") trim, cooked, braised",207,40.38,0,3.23,0
6002,"Beef, hip, eye of round steak, boneless, lean, cooked, braised",204,40.58,0,2.78,0
601,"Chicken, broiler, breast, meat and skin, batter dipped, fried",260,24.84,8.69,13.2,0.3
6018,"Beef, fat, raw",627,7.98,0,64.29,0
6019,"Beef, fat, cooked",651,9.68,0,67.49,0
602,"Chicken, broiler, breast, meat and skin, flour coated, fried",222,31.84,1.54,8.87,0.1
6020,"Beef, flank, flank steak, boneless, lean and fat, 0mm (0"") trim, raw",164,21.67,0,7.85,0
6022,"Beef, flank, flank steak, boneless, lean, raw",164,21.67,0,7.85,0
6023,"Beef, flank, flank steak, boneless, lean and fat, 0mm (0"") trim, cooked, braised",236,34.41,0,9.52,0
6025,"Beef, flank, flank steak, boneless, lean, cooked, braised",236,34.41,0,9.51,0
6026,"Beef, hip, inside (top) round roast, boneless, lean and fat, 0mm (0"") trim, raw",126,22.56,0,3.1,0
6028,"Beef, hip, inside (top) round roast, boneless, lean, raw",119,22.72,0,2.41,0
6029,"Beef, hip, inside (top) round roast, boneless, lean and fat, 0mm (0"") trim, cooked, roasted",172,31.92,0,3.77,0
603,"Chicken, broiler, breast, meat, fried",187,33.44,0.51,4.71,0
6031,"Beef, hip, inside (top) round roast, boneless, lean, cooked, roasted",164,32.27,0,2.75,0
6032,"Beef, hip, inside (top) round steak, boneless, lean and fat, 0mm (0"") trim, raw",120,22.66,0,2.54,0
6033,"Beef, hip, inside (top) round steak, boneless, lean and fat, 3mm (1/8"") trim, raw",132,22.37,0,3.96,0
6034,"Beef, hip, inside (top) round steak, boneless, lean, raw",118,22.77,0,2.21,0
6035,"Beef, hip, inside (top) round steak, boneless, lean and fat, 0mm (0"") trim, cooked, braised",219,40.28,0,5.03,0
6036,"Beef, hip, inside (top) round steak, boneless, lean and fat, 3mm (1/8"") trim, cooked, braised",233,39.4,0,6.8,0
6037,"Beef, hip, inside (top) round steak, boneless, lean, cooked, braised",218,40.46,0,4.68,0
6038,"Cheese, cheddar, reduced fat (18%)",282,27.2,2,18.3,0
6039,"Beef, hip, outside (bottom) round roast, boneless, lean and fat, 0mm (0"") trim, raw",154,22.32,0,5.85,0
604,"Chicken, broiler, drumstick, meat and skin, batter dipped, fried",268,21.95,7.98,15.75,0.3
6040,"Beef, hip, outside (bottom) round roast, boneless, lean and fat, 3mm (1/8"") trim, raw",179,21.53,0,8.91,0
6041,"Beef, hip, outside (bottom) round roast, boneless, lean, raw",147,22.52,0,4.97,0
6042,"Beef, hip, outside (bottom) round roast, boneless, lean and fat, 0mm (0"") trim, cooked, roasted",204,34.02,0,6.11,0
6043,"Beef, hip, outside (bottom) round roast, boneless, lean and fat, 3mm (1/8"") trim, cooked, roasted",210,33.67,0,6.95,0
6044,"Beef, hip, outside (bottom) round roast, boneless, lean, cooked, roasted",200,34.21,0,5.68,0
6045,"Beef, hip, outside (bottom) round steak, boneless, lean and fat, 0mm (0"") trim, raw",153,22.32,0,5.69,0
6046,"Beef, hip, outside (bottom) round steak, boneless, lean and fat, 3mm (1/8"") trim, raw",168,21.87,0,7.68,0
6048,"Beef, hip, outside (bottom) round steak, boneless, lean and fat, 0mm (0"") trim, cooked, braised",238,39.74,0,7.03,0
6049,"Beef, hip, outside (bottom) round steak, boneless, lean and fat, 3mm (1/8"") trim, cooked, braised",260,38.18,0,10.22,0
605,"Chicken, broiler, drumstick, meat and skin, flour coated, fried",245,26.96,1.53,13.72,0.1
6050,"Beef, hip, outside (bottom) round steak, boneless, lean, cooked, braised",234,40.09,0,6.44,0
606,"Chicken, broiler, drumstick, meat, fried",195,28.62,0,8.08,0
6061,"Beef, rib, rib eye roast, boneless, lean and fat, 3mm (1/8"") trim, raw",239,19.96,0,17.01,0
6062,"Beef, rib, rib eye roast, boneless, lean, raw",165,22.29,0,7.87,0
6064,"Beef, rib, rib eye roast, boneless, lean and fat, 3mm (1/8"") trim, cooked, roasted",296,28.07,0,19.29,0
6065,"Beef, rib, rib eye roast, boneless, lean, cooked, roasted",273,29.22,0,16.22,0
6066,"Beef, rib, rib eye steak, boneless, lean and fat, 0mm (0"") trim, raw",200,21.18,0,12.26,0
6068,"Beef, rib, rib eye steak, boneless, lean, raw",163,22.3,0,7.71,0
6069,"Beef, rib, rib eye steak, boneless, lean and fat, 0mm (0"") trim, cooked, broiled",285,27.78,0,18.57,0
607,"Chicken, broiler, leg, meat and skin, raw",214,16.37,0,15.95,0
6071,"Beef, rib, rib eye steak, boneless, lean, cooked, broiled",248,29.63,0,13.61,0
6078,"Beef, rib, rib roast with bone, lean and fat, 3mm (1/8 "") trim, raw",263,18.82,0,19.67,0
6079,"Beef, rib, rib roast with bone, lean, raw",162,21.86,0,7.31,0
608,"Chicken, broiler, leg, meat and skin, batter dipped, fried",273,21.77,8.42,16.17,0.3
6081,"Beef, rib, rib roast with bone, lean and fat, 3mm (1/8"") trim, cooked, roasted",316,28.32,0,20.97,0
6082,"Beef, rib, rib roast with bone, lean, cooked, roasted",244,32.36,0,10.92,0
6089,"Beef, hip, sirloin tip roast, boneless, lean and fat, 0mm (0"") trim, raw",128,21.7,0,3.65,0
609,"Chicken, broiler, leg, meat and skin, flour coated, fried",254,26.84,2.4,14.43,0.1
6090,"Beef, hip, sirloin tip roast, boneless, lean and fat, 3mm (1/8"") trim, raw",135,21.45,0,4.51,0
6091,"Beef, hip, sirloin tip roast, boneless, lean, raw",121,21.91,0,2.78,0
6092,"Beef, hip, sirloin tip roast, boneless, lean and fat, 0mm (0"") trim, cooked, roasted",205,33.12,0,6.4,0
6093,"Beef, hip, sirloin tip roast, boneless, lean and fat, 3mm (1/8"") trim, cooked, roasted",208,33.02,0,6.85,0
6094,"Beef, hip, sirloin tip roast, boneless, lean, cooked, roasted",200,33.4,0,5.76,0
6095,"Beef, hip, sirloin tip steak, boneless, lean and fat, 0mm (0"") trim, raw",130,21.64,0,3.87,0
6098,"Beef, hip, sirloin tip steak, boneless, lean and fat, 0mm (0"") trim, cooked, braised",220,39.83,0,4.81,0
61,"Milk, fluid, partly skimmed, 2% M.F.",50,3.3,4.8,1.98,0
610,"Chicken, broiler, leg, meat and skin, roasted",184,24.03,0,8.99,0
6102,"Beef, loin, strip loin roast, boneless, lean and fat, 3mm (1/8"") trim, raw",211,20.2,0,13.52,0
6105,"Beef, loin, strip loin roast, boneless, lean and fat, 3mm (1/8"") trim, cooked, roasted",241,29.73,0,12.31,0
6107,"Beef, loin, strip loin (new york) steak, boneless, lean and fat, 0mm (0"") trim, raw",153,21.87,0,6.52,0
6108,"Beef, loin, strip loin (new york) steak, boneless, lean and fat, 3mm (1/8"") trim, raw",213,20.11,0,13.82,0
6109,"Beef, loin, strip loin (new york) steak, boneless, lean, raw",136,22.41,0,4.43,0
611,"Chicken, broiler, leg, meat and skin, stewed",220,24.17,0,12.92,0
6110,"Beef, loin, strip loin (new york) steak, boneless, lean and fat, 0mm (0"") trim, cooked, broiled",215,32.22,0,8.3,0
6111,"Beef, loin, strip loin (new york) steak, boneless, lean and fat, 3mm (1/8"") trim, cooked, broiled",254,30.28,0,13.46,0
6112,"Beef, loin, strip loin (new york) steak, boneless, lean, cooked, broiled",209,32.59,0,7.44,0
6114,"Beef, loin, t-bone steak (porterhouse), lean and fat, 3mm (1/8"") trim, raw",243,19.89,0,17.35,0
6115,"Beef, loin, t-bone steak (porterhouse), lean, raw",182,21.72,0,10.03,0
6117,"Beef, loin, t-bone steak (porterhouse), lean and fat, 3mm (1/8"") trim, cooked, broiled",288,29.87,0,17.85,0
6118,"Beef, loin, t-bone steak (porterhouse), lean, cooked, broiled",247,32.1,0,12.34,0
6119,"Pork, ground, lean, raw",221,18.8,0.44,15.33,0
612,"Chicken, broiler, leg, meat, raw",120,19.16,0,4.22,0
6120,"Pork, ground, lean, pan-fried",233,25.77,0,14.33,0
6121,"Pork, ground, medium, raw",270,17.3,0,21.7,0
6122,"Pork, ground, medium, pan-fried",299,24.5,0,21.5,0
6123,"Beef, loin, tenderloin, roast, lean and fat, 0mm (0"") trim, raw",159,21.24,0,7.48,0
6125,"Beef, loin, tenderloin, roast, lean, raw",141,21.79,0,5.14,0
6126,"Beef, loin, tenderloin, roast, lean and fat, 0mm (0"") trim, cooked, roasted",206,30.3,0,8.19,0
6128,"Beef, loin, tenderloin, roast, lean, cooked, roasted",194,30.87,0,6.59,0
6129,"Beef, loin, tenderloin, steak, lean and fat, 0mm (0"") trim, raw",163,21.19,0,7.87,0
613,"Chicken, broiler, leg, meat, fried",208,28.38,0.65,9.32,0
6131,"Beef, loin, tenderloin, steak, lean, raw",143,21.74,0,5.44,0
6132,"Beef, loin, tenderloin, steak, lean and fat, 0mm (0"") trim, cooked, broiled",220,32.02,0,8.53,0
6134,"Beef, loin, tenderloin, steak, lean, cooked, broiled",207,32.74,0,6.69,0
6137,"Beef, loin, top sirloin roast, boneless, lean, raw",132,22.51,0,3.97,0
614,"Chicken, broiler, leg, meat, roasted",174,24.22,0,7.8,0
6140,"Beef, loin, top sirloin roast, boneless, lean, cooked, roasted",178,29.26,0,5.94,0
6142,"Beef, loin, top sirloin steak, boneless, lean and fat, 3mm (1/8"") trim, raw",170,21.4,0,8.5,0
6143,"Beef, loin, top sirloin steak, boneless, lean, raw",132,22.51,0,3.95,0
6144,"Beef, loin, top sirloin steak, boneless, lean and fat, 0mm (0"") trim, cooked, broiled",177,28.79,0,5.91,0
6145,"Beef, loin, top sirloin steak, boneless, lean and fat, 3mm (1/8"") trim, cooked, broiled",195,28.1,0,8.22,0
6146,"Beef, loin, top sirloin steak, boneless, lean, cooked, broiled",172,29.03,0,5.22,0
6147,"Beef, loin, bottom sirloin tri-tip roast, boneless, lean and fat, 0mm (0"") trim, raw",166,22.32,0,7.59,0
6149,"Beef, loin, bottom sirloin tri-tip roast, boneless, lean, raw",162,22.52,0,6.99,0
615,"Chicken, broiler, leg, meat, stewed",185,26.26,0,8.06,0
6150,"Beef, loin, bottom sirloin tri-tip roast, boneless, lean and fat, 0mm (0'') trim, cooked, roasted",242,31.03,0,11.96,0
6152,"Beef, loin, bottom sirloin tri-tip roast, boneless, lean, cooked, roasted",237,31.27,0,11.23,0
6156,"Beef, loin, bottom sirloin tri-tip steak, boneless, lean and fat, 0mm (0'') trim, cooked, broiled",260,34.68,0,12.25,0
6159,"Pork, loin, rib roast, boneless, lean and fat, raw",206,20.48,0,13.12,0
616,"Chicken, broiler, neck, meat and skin, raw",297,14.07,0,26.24,0
6160,"Pork, loin, rib roast, boneless, lean and fat, roasted",244,28.22,0,13.79,0
6161,"Pork, loin, rib roast, boneless, lean, raw",126,23.01,0,3.03,0
6162,"Pork, loin, rib roast, boneless, lean, roasted",205,30.3,0,8.4,0
6169,"Beef, composite cuts, steak/roast, lean and fat, raw",161,21.37,0,7.65,0
617,"Chicken, broiler, neck, meat and skin, batter dipped, fried",330,19.82,8.6,23.52,0.1
6172,"Beef, composite cuts, steak/roast, lean and fat, cooked",245,34.95,0,10.16,0
6175,"sweets, syrups, maple, prepackaged",270,0,67.22,0.15,0
6176,"Sweets, sugars, maple, granulated",384,0.1,95.15,0.35,
6177,"Sweets, butter, maple",334,0,82.91,0.3,0
6178,"Sweets, maple taffy",342,0,84.93,0.31,0
6179,"Rhea, raw",105,22.94,0,1.22,0
618,"Chicken, broiler, neck, meat and skin, flour coated, fried",332,24.01,4.14,23.61,0.1
6180,"Grains, amaranth, flour",372,14.38,50.73,6.48,15.1
6181,"Beans, black, flour",363,22.99,51.68,1.51,14.7
6182,"Beans, white, flour",356,24.95,48.47,0.91,15.9
6183,"Lentils, flour",367,30.45,50.35,1.04,11.6
6184,"Cassava (manioc), flour",349,2.97,79.17,0.61,3.9
6185,"Grains, wheat, kamut khorasan, uncooked",337,14.54,59.48,2.13,11.1
6186,"Grains, millet, flour",382,10.75,71.62,4.25,3.5
6187,"Grains, quinoa, flour",380,13.32,63.04,5.9,7
6188,"Yam, flour",381,4.94,76.75,0.55,13.2
6189,"Sweet potato, flour",364,6.65,85.21,0.21,
619,"Chicken, broiler, neck, meat and skin, simmered",247,19.61,0,18.1,0
6190,"Grains, sorghum, flour",359,8.43,70.04,3.34,6.6
6191,"Grains, spelt, uncooked",338,14.57,59.49,2.43,10.7
6192,"Grains, rice, white, glutinous, flour",364,6.7,77.51,0.54,2.8
6193,"Grains, teff, uncooked",367,13.3,65.13,2.38,8
6194,"Cracker, wheat, low fat",410,9.74,59.65,12.34,4.8
6199,"Sauce, sweet and sour, homemade",79,1.84,16.32,0.58,0.4
620,"Chicken, broiler, neck, meat, raw",154,17.55,0,8.78,0
6203,"Orange juice, chilled, includes from concentrate, fortified with added calcium and vitamin D",44,0.8,9.86,0.27,0.2
6204,"Guava, nectar, canned",57,0.09,13.87,0.06,1
621,"Chicken, broiler, neck, meat, fried",229,26.87,1.77,11.88,0
6217,"Soybeans, green (edamame), frozen, unprepared",110,10.25,3.78,4.73,4.8
6218,"Soybeans, green (edamame), frozen, prepared",122,10.88,4.74,5.2,5.2
6219,"Mushroom, Maitake, raw",37,1.94,4.11,0.19,2.7
622,"Chicken, broiler, neck, meat, simmered",179,24.56,0,8.18,0
6221,"Toaster pastry, fruit, frosted (apple, blueberry, cherry, strawberry)",385,4.01,70.03,9.02,1.8
6222,"Toaster pastry, fruit, toasted (apple, blueberry, cherry, strawberry)",409,4.7,71.7,11.03,1
6223,"Dessert, flan, caramel custard, homemade",146,4.53,22.78,4.03,0
6224,"Candies, fudge, peanut butter, homemade",387,3.78,77.05,6.59,0.7
6225,"Candies, truffles, homemade",510,6.21,42.38,33.76,2.5
6226,"Dessert, egg custard, baked, homemade",104,5.02,11,4.58,0
6227,"Dessert, mousse, chocolate, homemade",225,4.14,15.47,16,0.6
6228,"Dessert, apple crisp, homemade",161,1.75,29.44,3.43,1.4
6229,"Candies, praline, homemade",485,3.3,56.09,25.9,3.5
623,"Chicken, broiler, thigh, meat and skin, batter dipped, fried",277,21.61,8.78,16.53,0.3
6230,"Candies, SNICKERS Almond bar",472,5.4,62.07,22.4,2.6
6231,"Candies, fudge, chocolate marshmallow, homemade",453,2.26,69.64,17.48,1.7
6232,"Candies, taffy, homemade",397,0.03,91.56,3.33,0
6233,"Candies, toffee, homemade",560,1.07,64.72,32.75,0
6234,"Candies, divinity, homemade",364,1.32,89.05,0.06,0
6236,"Fast foods, sandwiches and burgers, hamburger, large, double patty, with condiments, vegetables and mayonnaise",252,13.94,12.34,15.66,1.4
6237,"Fast foods, sandwiches and burgers, hamburger, large, single patty, with condiments, vegetables and mayonnaise",226,11.34,15.83,12.37,1.5
6238,"Fast foods, sandwiches and burgers, hamburger, large, single patty, with condiments",256,15.68,21.04,11.6,1.1
6239,"Fast foods, sandwiches and burgers, hamburger, large, single patty, with condiments and vegetables",197,11.25,15.94,9.11,1.5
624,"Chicken, broiler, thigh, meat and skin, flour coated, fried",262,26.75,3.08,14.98,0.1
6240,"Fast foods, sandwiches and burgers, hamburger, regular, single patty, with condiments and special sauce",259,12.17,21.29,13.3,1.4
6242,"Fast foods, sandwiches and burgers, cheeseburger, regular, double patty, with condiments",282,16.24,17.07,16.18,0.9
6243,"Fast foods, sandwiches and burgers, cheeseburger, large, double patty, with condiments",272,16.96,13.43,16.22,1
6244,"Fast foods, sandwiches and burgers, cheeseburger, large, single patty, with condiments, vegetables and mayonnaise",268,13.69,16.63,15.8,1.1
6245,"Fast foods, sandwiches and burgers, cheeseburger, large, single patty, with condiments",269,15.21,18.52,14.4,1.2
6246,"Fast Foods, sandwiches and burgers, cheeseburger, large, double patty, with condiments, vegetables and mayonnaise",253,15.5,11.32,15.63,1.3
6247,"Fast foods, sandwiches and burgers, cheeseburger, regular, double patty, with condiments and special sauce",261,11.94,20.13,14.1,1.4
6248,"Fast foods, chicken tenders, breaded",271,19.22,16.05,13.95,1.2
6249,"Fast foods, breakfast, bagel, with ham, egg and cheese",253,13.97,27.23,9.68,0.2
625,"Chicken, broiler, thigh, meat, fried",218,28.18,1.18,10.3,0
6250,"Fast foods, breakfast, bagel, with egg, sausage patty, cheese, and condiments",295,12.98,22.44,16.97,0.2
6251,"Fast foods, breakfast, bagel, with breakfast steak, egg, cheese, and condiments",283,15.95,22.79,14.07,0.2
6255,"Snacks, popcorn, microwave, lower in fat",402,10.72,62.44,6.1,13.6
6256,"Snacks, popcorn, unpopped kernels",375,10.87,61.3,4.31,12.7
6258,"Snacks, multigrain chips, plain",491,7.95,58.46,21.11,8.8
6259,"Salmonberry, raw",47,0.85,8.15,0.33,1.9
626,"Chicken, broiler, wing, meat and skin, raw",191,17.52,0,13.16,0
6260,"Chokecherry, raw, pitted",156,2.89,16.88,0.98,17
6261,"Fish, steelhead trout, meat, dried",382,77.27,0,8.06,0
6262,"Fish, steelhead trout, boiled, canned",159,21.11,0,8.26,0
6263,"Corn, dried, yellow",419,14.48,45.77,10.64,20.5
6264,"Fish, smelt, dried",386,56.19,0,17.9,0
6265,"Frybread, made with lard",309,8.38,44.31,10.14,1.7
6266,"Agave, raw",68,0.52,9.63,0.15,6.6
6267,"Agave, cooked",135,0.99,21.4,0.29,10.6
6268,"Agave, dried",341,1.71,66.38,0.69,15.6
627,"Chicken, broiler, wing, meat and skin, batter dipped, fried",324,19.87,10.64,21.81,0.3
6275,"Grains, oat flour, whole-grain",393,14.8,56.6,7.83,9.2
6276,"Cereal, hot, oats, large flakes, whole-grain, dry, Cream Hill Estates",391,14.87,57.2,7.82,8.2
628,"Chicken, broiler, wing, meat and skin, flour coated, fried",321,26.11,2.29,22.16,0.1
6281,"Jam type spread, Double Fruit",226,0.64,51.97,0.22,2.8
6282,"Jam type spread, Double Fruit, apricot",222,0.57,52.79,0.36,1.4
6283,"Jam type spread, Double Fruit, Light",134,0.65,30.01,0.21,2.4
6284,"Jam type spread, Double Fruit, light, apricot",130,0.55,29.89,0.24,1.4
6285,"Beef, composite cuts, stewing beef, 0mm (0"") trim, raw",153,21.43,0,6.64,0
6286,"Beef, composite cuts, stewing beef, 0mm (0"")  trim, cooked",244,36.86,0,9.19,0
6287,"Juice, tomato, canned, no salt added",17,0.85,3.13,0.29,0.4
6288,"Pork, composite cuts, leg, loin and shoulder, lean and fat, cooked",180,28.72,0,8.27,0
6289,"Peanut butter, natural",585,23.68,13.51,49.66,8
629,"Chicken, broiler, wing, meat and skin,  roasted",254,23.79,0,16.87,0
6291,"Kefir, (2-3.9% M.F.)",63,3.5,4.25,3.6,0
6292,"Cookie, chocolate chip, refrigerated dough, baked",492,4.9,66.5,22.6,1.7
6298,"Artichoke, marinated",119,3.19,6.65,8.43,3.6
63,"Milk, fluid, partly skimmed, 1% M.F.",42,3.37,4.99,0.97,0
630,"Chicken, broiler, wing, meat and skin, stewed",249,22.78,0,16.82,0
631,"Chicken, broiler, wing, meat, raw",126,21.97,0,3.54,0
632,"Chicken, broiler, wing, meat, fried",211,30.15,0,9.15,0
633,"Chicken, broiler, wing, meat, roasted",203,30.46,0,8.13,0
634,"Chicken, broiler, wing, meat, stewed",181,27.18,0,7.18,0
635,"Chicken, roasting, meat, skin, giblets and neck, raw",213,17.09,0.09,15.46,0
636,"Chicken, roasting, meat, skin, giblets and neck, roasted",220,23.96,0.05,13.07,0
637,"Chicken, roasting, meat and skin, raw",133,24.31,0,4.02,0
638,"Chicken, roasting, meat and skin, roasted",223,23.97,0,13.39,0
640,"Chicken, roasting, meat only, roasted",167,25.01,0,6.63,0
642,"Chicken, roasting, giblets, simmered",165,26.77,0.86,5.22,0
643,"Chicken, roasting, light meat, raw",109,22.2,0,1.63,0
644,"Chicken, roasting, light meat, roasted",153,27.13,0,4.07,0
645,"Chicken, stewing, meat, skin, giblets and neck, raw",251,17.48,0.19,19.52,0
646,"Chicken, stewing, meat, skin, giblets and neck, stewed",214,24.88,0,11.91,0
648,"Chicken, stewing, meat and skin, stewed",285,26.88,0,18.87,0
651,"Chicken, stewing, giblets, simmered",194,25.73,0.11,9.3,0
652,"Chicken, stewing, light meat only, raw",137,23.1,0,4.21,0
653,"Chicken, stewing, light meat only, stewed",213,33.04,0,7.98,0
654,"Chicken, stewing, dark meat only, raw",157,19.7,0,8.12,0
655,"Chicken, stewing, dark meat only, stewed",258,28.14,0,15.28,0
656,"Chicken, capons, meat, skin, giblets and neck, raw",232,18.51,0.08,16.9,0
657,"Chicken, capons, meat, skin, giblets and neck, roasted",226,28.35,0.04,11.67,0
658,"Chicken, capon, meat and skin, raw",234,18.77,0,17.07,0
659,"Chicken, capon, meat and skin, roasted",229,28.96,0,11.65,0
66,"Milk, dry whole",496,26.32,38.42,26.71,0
660,"Chicken, capon, giblets, raw",130,18.28,1.42,5.18,0
661,"Chicken, capon, giblets, simmered",164,26.39,0.76,5.4,0
663,"Duck, domesticated, meat and skin, roasted",337,18.99,0,28.35,0
665,"Duck, domesticated, meat only, roasted",201,23.48,0,11.2,0
667,"Duck, wild, native, meat and skin, raw",211,17.42,0,15.2,0
668,"Duck, wild, native, breast, meat only, raw",123,19.85,0,4.25,0
67,"Milk, dry, buttermilk, sweet cream",387,34.3,49,5.78,0
670,"Goose, domesticated, meat and skin, roasted",305,25.16,0,21.92,0
672,"Goose, domesticated, meat only, roasted",238,28.97,0,12.67,0
673,"Goose, domesticated, liver, raw",133,16.37,6.32,4.28,0
674,"Guinea, meat and skin, raw",158,23.4,0,6.45,0
675,"Guinea, meat only, raw",110,20.64,0,2.47,0
676,"Pheasant, meat and skin, raw",181,22.7,0,9.29,0
677,"Pheasant, meat only, raw",133,23.57,0,3.64,0
68,"Milk, condensed, sweetened, canned",321,7.91,54.4,8.7,0
685,"Squab (pigeon), breast, meat only, raw",134,21.76,0,4.52,0
688,"Turkey, all classes, meat and skin, raw",143,20.94,0,5.95,0
689,"Turkey, all classes, meat and skin, roasted",192,29.92,0,7.1,0
69,"Milk, fluid, chocolate, whole",83,3.17,9.54,3.39,0.8
690,"Turkey, all classes, meat only, raw",116,21.6,0,2.72,0
691,"Turkey, all classes, meat only, roasted",175,30.77,0,4.87,0
692,"Turkey, all classes, skin and separable fat only, raw",383,14.99,0,35.56,0
693,"Turkey, all classes, skin and separable fat only, roasted",361,21.16,0,30.05,0
694,"Turkey, all classes, giblets, raw",124,18.18,0.07,5.09,0
695,"Turkey, all classes, giblets, simmered",173,26.44,0,6.61,0
696,"Turkey, all classes, gizzard, raw",111,18.8,0,3.37,0
697,"Turkey, all classes, gizzard, simmered",155,26.45,0,4.64,0
699,"Turkey, all classes, heart, simmered",174,24.88,0,7.52,0
7,"Beef pot roast, with browned potatoes, peas and corn",179,21.29,9.12,5.25,1.6
70,"Milk, fluid, chocolate, partly skimmed, 2% M.F.",77,2.99,11.43,1.9,0.7
701,"Turkey, all classes, liver, simmered",189,27,0,8.18,0
702,"Turkey, all classes, neck, meat only, raw",125,16.51,0,6.04,0
703,"Turkey, all classes, neck, meat only, simmered",162,22.48,0,7.36,0
704,"Turkey, all classes, light meat and skin, raw",136,22.35,0,4.59,0
705,"Turkey, all classes, light meat and skin, roasted",180,30.85,0,5.4,0
706,"Turkey, all classes, dark meat and skin, raw",160,18.71,0,8.07,0
707,"Turkey, all classes, dark meat and skin, roasted",210,28.28,0,9.84,0
708,"Turkey, all classes, light meat only, raw",110,23.12,0,1.35,0
709,"Turkey, all classes, light meat only, roasted",163,31.79,0,3.02,0
71,"Hot chocolate, cocoa, homemade, prepared with 2% milk",77,3.52,9.74,2.34,1
710,"Turkey, all classes, dark meat only, raw",127,19.41,0,4.94,0
711,"Turkey, all classes, dark meat only, roasted",196,29.19,0,7.9,0
712,"Turkey, all classes, back, meat and skin, raw",168,17.86,0,10.22,0
713,"Turkey, all classes, back, meat and skin, roasted",240,27.49,0,13.57,0
715,"Turkey, all classes, breast, meat and skin, roasted",172,31.11,0,4.36,0
717,"Turkey, all classes, leg, meat and skin, roasted",204,28.57,0,9.1,0
719,"Turkey, all classes, wing, meat and skin, roasted",220,29.62,0,10.36,0
72,"Milk, fluid, goat, enriched, whole",69,3.56,4.45,4.14,0
722,"Turkey, broiler, meat and skin, raw",141,20.89,0,5.77,0
723,"Turkey, broiler, meat and skin, roasted",185,29.26,0,6.66,0
724,"Turkey, broiler, meat only, raw",112,21.58,0,2.16,0
725,"Turkey, broiler, meat only, roasted",167,30.12,0,4.28,0
728,"Turkey, broiler, light meat and skin, raw",139,22.2,0,4.87,0
729,"Turkey, broiler, light meat and skin, roasted",173,29.67,0,5.19,0
73,"Milk, fluid, human (breast milk), mature",70,1.03,6.89,4.38,0
730,"Turkey, broiler, dark meat and skin, raw",145,18.87,0,7.14,0
731,"Turkey, broiler, dark meat and skin, roasted",204,28.67,0,9.06,0
732,"Turkey, broiler, light meat only, raw",109,23.08,0.14,1.16,0
733,"Turkey, broiler, light meat only, roasted",155,30.52,0,2.72,0
734,"Turkey, broiler, dark meat only, raw",116,19.35,0,3.65,0
735,"Turkey, broiler, dark meat only, roasted",189,29.78,0,6.88,0
74,"Milk, fluid, sheep, whole",108,5.98,5.36,7,0
740,"Turkey, broiler, breast, meat and skin, raw",129,22.7,0,3.51,0
741,"Turkey, broiler, breast, meat and skin, roasted",163,29.63,0.05,4.08,0
742,"Turkey, broiler, breast, meat only, raw",109,23.31,0,1.01,0
743,"Turkey, broiler, breast, meat only, roasted",150,30.22,0,2.27,0
744,"Turkey, broiler, leg, meat and skin, raw",141,19.09,0,6.54,0
745,"Turkey, broiler, leg, meat and skin, roasted",198,29.16,0,5.15,0
746,"Turkey, broiler, leg, meat only, raw",116,19.5,0,3.62,0
747,"Turkey, broiler, leg, meat only, roasted",182,29.93,0,6.04,0
748,"Turkey, broiler, wing, meat and skin, raw",179,20.2,0,10.3,0
749,"Turkey, broiler, wing, meat and skin, roasted",220,29.81,0,10.24,0
75,"Milk shake, chocolate, thick",119,3.05,20.85,2.7,0.3
750,"Turkey, broiler, wing, meat only, raw",111,21.85,0,1.9,0
751,"Turkey, broiler, wing, meat only, roasted",182,32.09,0,5.04,0
754,"Turkey, hen, meat and skin, raw",148,20.96,0,6.54,0
755,"Turkey, hen, meat and skin, roasted",196,30.92,0,7.13,0
756,"Turkey, hen, meat only, raw",120,21.67,0,3.2,0
757,"Turkey, hen, meat only, roasted",182,31.73,0,5.15,0
76,"Milk shake, vanilla, thick",112,3.86,17.75,3.03,0
760,"Turkey, hen, light meat and skin, raw",137,22.45,0,4.69,0
761,"Turkey, hen, light meat and skin, roasted",186,32.19,0,5.35,0
762,"Turkey, hen, dark meat and skin, raw",164,18.43,0,9.41,0
763,"Turkey, hen, dark meat and skin, roasted",211,28.52,0,9.86,0
764,"Turkey, hen, light meat only, raw",111,23.21,0,1.56,0
765,"Turkey, hen, light meat only, roasted",171,33.1,0,3.32,0
766,"Turkey, hen, dark meat only, raw",135,19.12,0,5.94,0
767,"Turkey, hen, dark meat only, roasted",199,29.51,0,8.11,0
770,"Turkey, hen, breast, meat and skin, raw",130,22.92,0,3.6,0
771,"Turkey, hen, breast, meat and skin, roasted",178,32.71,0,4.29,0
772,"Turkey, hen, leg, meat and skin, raw",164,18.75,0,9.38,0
773,"Turkey, hen, leg, meat and skin, roasted",209,28.71,0,9.58,0
774,"Turkey, hen, wing, meat and skin, raw",167,20.18,0,9.99,0
775,"Turkey, hen, wing, meat and skin, roasted",222,29.65,0,10.55,0
778,"Turkey, tom, meat and skin, raw",139,20.98,0,5.55,0
779,"Turkey, tom, meat and skin, roasted",194,29.57,0,7.51,0
78,"Whey, acid, dry",339,11.73,73.45,0.54,0
780,"Turkey, tom, meat only, raw",117,21.54,0,2.79,0
781,"Turkey, tom, meat only, roasted",177,30.47,0,5.19,0
784,"Turkey, tom, light meat and skin, raw",133,22.4,0,4.2,0
785,"Turkey, tom, light meat and skin, roasted",182,30.72,0,5.67,0
786,"Turkey, tom, dark meat and skin, raw",150,18.83,0,7.67,0
787,"Turkey, tom, dark meat and skin, roasted",214,27.65,0,10.6,0
788,"Turkey, tom, light meat only, raw",110,23.09,0,1.33,0
789,"Turkey, tom, light meat only, roasted",163,31.76,0,3.03,0
790,"Turkey, tom, dark meat only, raw",131,19.75,0,5.23,0
791,"Turkey, tom, dark meat only, roasted",200,28.28,0,8.72,0
794,"Turkey, tom, breast, meat and skin, raw",128,22.89,0,3.34,0
795,"Turkey, tom, breast, meat and skin, roasted",175,30.98,0,4.72,0
796,"Turkey, tom, leg, meat and skin, raw",147,18.94,0,7.36,0
797,"Turkey, tom, leg, meat and skin, roasted",205,27.86,0,9.57,0
798,"Turkey, tom, wing, meat and skin, raw",158,20.18,0,8.16,0
799,"Turkey, tom, wing, meat and skin, roasted",219,29.42,0,10.31,0
8,"Fried chicken, mashed potatoes and vegetables",173,12.8,10.3,8.5,1
800,"Poultry food products, chicken, flaked, canned, deboned with broth",165,21.77,0,7.95,0
802,"Poultry food products, turkey, canned, boned, with broth",169,23.68,1.47,6.86,0
804,"Poultry food products, turkey and gravy, frozen",67,5.88,4.61,2.63,0
805,"Poultry food products, turkey patties, breaded, battered and fried",283,14,15.2,18,0.5
810,"Poultry food products, turkey sticks, breaded, battered, fried",279,14.2,16.8,16.9,0.2
812,"Poultry, mechanically deboned, from backs and necks only, raw",199,13.79,0,15.48,0
813,"Poultry, mechanically deboned, mature hens, raw",243,14.72,0,19.98,0
815,"Turkey, all classes, ground, raw",146,18.9,0,7.23,0
816,"Turkey, all classes, ground, cooked",196,27.63,0,8.71,0
818,"Chicken, cornish game hens, meat and skin, roasted",259,22.27,0,18.21,0
820,"Chicken, cornish game hens, meat only, roasted",134,23.3,0,3.87,0
821,"Chicken, stewing, meat only, stewed",237,30.42,0,11.89,0
822,"Chicken, broiler, skin only, raw",349,13.33,0,32.35,0
823,"Chicken, broiler, skin only, roasted",454,20.36,0,40.68,0
824,"Chicken, broiler, skin only, stewed",363,15.22,0,33.04,0
83,"Egg, chicken, dried, whole",605,48.37,1.53,43.04,0
831,"Chicken, broiler, separable fat, raw",629,3.73,0,67.95,0
832,"Chicken, broiler, back, meat and skin, raw",319,14.05,0,28.74,0
833,"Chicken, broiler, back, meat and skin, roasted",300,25.95,0,20.97,0
834,"Chicken, broiler, back, meat and skin, stewed",258,22.18,0,18.14,0
835,"Chicken, broiler, back, meat, raw",137,19.56,0,5.92,0
836,"Chicken, broiler, back, meat, roasted",239,28.19,0,13.16,0
837,"Chicken, broiler, back, meat, stewed",209,25.31,0,11.19,0
838,"Chicken, broiler, breast, meat and skin, raw",172,20.85,0,9.25,0
839,"Chicken, broiler, breast, meat and skin, roasted",197,29.8,0,7.78,0
84,"Egg, chicken, dried, whole, stabilized",615,48.17,2.38,43.95,0
840,"Chicken, broiler, breast, meat and skin, stewed",184,27.39,0,7.42,0
841,"Chicken, broiler, breast, skinless, boneless, meat, raw",120,22.5,0,2.62,0
842,"Chicken, broiler, breast, meat, roasted",165,31.02,0,3.57,0
843,"Chicken, broiler, breast, meat, stewed",151,28.98,0,3.03,0
844,"Chicken, broiler, drumstick, meat and skin, raw",161,18.08,0,9.2,0
845,"Chicken, broiler, drumstick, meat and skin, roasted",191,23.35,0,10.15,0
846,"Chicken, broiler, drumstick, meat and skin, stewed",204,25.32,0,10.34,0
847,"Chicken, broiler, drumstick, meat, raw",116,19.41,0,3.71,0
848,"Chicken, broiler, drumstick, meat, roasted",155,24.24,0,5.7,0
849,"Chicken, broiler, drumstick, meat, stewed",169,27.5,0,5.71,0
85,"Egg, chicken, white, pan dried, flakes",351,76.92,4.17,0.04,0
850,"Chicken, broiler, thigh, meat and skin, raw",221,16.52,0,16.61,0
851,"Chicken, broiler, thigh, meat and skin, roasted",232,23.26,0,14.71,0
852,"Chicken, broiler, thigh, meat and skin,  stewed",232,23.26,0,14.74,0
853,"Chicken, broiler, thigh, meat, raw",121,19.66,0,4.12,0
854,"Chicken, broiler, thigh, meat, roasted",179,24.76,0,8.15,0
855,"Chicken, broiler, thigh, meat, stewed",195,25,0,9.79,0
86,"Egg, chicken, white, dried, powder, glucose reduced",376,82.4,4.47,0.04,0
87,"Egg, chicken, yolk, dried",679,33.73,2.1,58.13,0
886,"Poultry food products, chicken, canned, flaked",171,18.2,0.1,10.3,0
887,"Poultry food products, turkey, canned, flaked",145,16.5,0.2,8.2,0
9,"Meat loaf with tomato sauce, mashed potatoes and peas",131,8,8.6,6.7,1.2
918,"Chicken, ground, lean, raw",143,17.44,0.04,8.1,0
919,"Chicken, ground, lean, cooked",189,23.28,0,10.92,0
92,"Butter, unsalted",717,0.85,0.06,81.11,0
923,"Soup, cream, asparagus, canned, condensed",69,1.82,8.12,3.26,0.4
924,"Soup, bean with bacon, canned, condensed",124,6.59,13.59,1.95,6.5
926,"Soup, bean with ham, ready-to-serve",95,5.19,6.56,3.5,4.6
927,"Soup, broth, beef, ready-to-serve",5,0.91,0.25,0.01,0.1
929,"Soup, cream, celery, canned, condensed",83,1.31,5.55,5.77,0.9
930,"Soup, cheddar cheese, canned, condensed",109,3.69,7.95,6.58,0.9
931,"Soup, broth, chicken, canned, condensed",6,0.94,0.36,0.03,0.1
932,"Soup, chicken chowder (a la king), ready-to-serve",89,2.79,7.58,4.89,1
933,"Soup, cream, chicken, canned, condensed",106,2.19,5.51,7.97,0.8
935,"Soup, chicken noodle,  ready-to-serve",38,2.41,3.94,1.01,0.8
937,"Soup, chicken rice, ready-to-serve",36,1.75,4.93,0.76,0.5
938,"Soup, chicken rice, canned, condensed",49,1.92,7.35,1.01,0.7
939,"Soup, chicken vegetable (includes gumbo), ready-to-serve",60,2.85,7.28,1.43,1.6
944,"Soup, broth (consomme), beef, canned, condensed",14,1.95,1.4,0.02,0.1
945,"Soup, lentil with bacon, ready-to-serve",49,3.03,6.44,0.63,1.4
946,"Soup, minestrone, ready-to-serve",34,1.61,5.18,0.14,1.3
949,"Soup, cream, mushroom, canned, condensed",86,1.58,4.64,6.52,0.7
951,"Soup, cream, onion, canned, condensed",88,2.2,10,4.2,0.4
953,"Soup, cream, potato, canned, condensed",74,1.51,11.49,1.88,1.3
954,"Soup, scotch broth, canned, condensed",66,4.05,6.73,2.14,1
958,"Soup, turkey, ready-to-serve",57,4.33,5.66,1.87,0.3
96,"Cheese, goat, hard, (less than 35% water, 36% M.F.)",452,30.52,2.17,35.59,0
961,"Soup, mixed vegetable (with pasta), ready-to-serve",38,1.1,7.05,0.13,1
963,"Soup, beef and vegetable, ready-to-serve",54,3.09,6.77,0.95,1.5
965,"Soup, cream, asparagus, dehydrated",366,13.75,53.35,10.8,2.4
966,"Soup, bean with bacon, dehydrated",370,19.38,26.92,7.6,30.8
967,"Soup, broth, beef, dehydrated",213,15.97,17.4,8.89,0
968,"Soup, broth, beef, cubed, dehydrated",170,17.3,16.1,4,0
969,"Soup, beef noodle, dehydrated",324,17.93,45.94,6.39,2.7
97,"Cheese, goat, semi-soft, (35% to 55% water, 30% M.F.)",364,21.58,0.12,29.84,0
970,"Soup, cauliflower, dehydrated",360,15.31,56.59,9.1,
971,"Soup, cream, celery, dehydrated",358,15,53.2,9.3,2.7
972,"Soup, broth, chicken, dehydrated",267,16.66,18.01,13.88,0
973,"Soup, broth, chicken, cubed, dehydrated",198,14.6,23.5,4.7,0
974,"Soup, cream, chicken, dehydrated",436,7.25,52.54,21.68,1.8
975,"Soup, chicken rice, dehydrated",369,15.07,55.29,8.89,1.8
976,"Soup, chicken vegetable, dehydrated",346,18.98,52.04,5.59,3
979,"Soup, consomme, dehydrated",137,17.19,16.3,0.1,0
98,"Cheese, goat, soft, (more than 55% water, 21% M.F.)",264,18.52,0,21.08,0
980,"Soup, leek, dehydrated",377,11.25,57.18,10.9,3.6
981,"Soup, minestrone, dehydrated",358,20,50,7.8,3.6
982,"Soup, mushroom, dehydrated",441,10.18,47.68,22.34,3.5
983,"Soup, oxtail, dehydrated",377,15,47,13.6,0.9
984,"Soup, pea, green or split, dehydrated",356,20.49,50.68,4.23,10
985,"Soup, tomato, dehydrated",360,8.63,66.4,8.35,1.9
986,"Soup, tomato vegetable, dehydrated",325,11.73,56.9,5.09,3
987,"Soup, vegetable beef, dehydrated",344,18.91,49.94,7.2,1.8
988,"Soup, cream, vegetable, dehydrated",446,8,49.1,24.1,3
994,"Sauce, Stroganoff, dehydrated",351,12.1,56.56,9.53,1.1
